id_transaccion,fecha_compra,id_cliente,categoria_producto,precio_cop,metodo_pago,canal,dispositivo,ciudad_envio,tiempo_entrega_dias,calificacion_cliente_1a5,producto_devuelto
TXN-0005239,2022-12-28,14770,Hogar,159466,Tarjeta crédito,Sitio web,iOS,Pereira,5,5,No
TXN-0000262,2023-10-14,53229,Alimentos,72452,Tarjeta débito,Sitio web,Desktop,Cali,3,5,No
TXN-IMPUTADO-0001,2022-05-04,19901,Hogar,162086,PSE,Sitio web,iOS,Cali,3,5,No
TXN-0005784,2024-11-05,49799,Alimentos,41165,PSE,App móvil,Desktop,Bogotá,2,5,No
TXN-0001234,2022-05-16,31720,Tecnología,1138137,Tarjeta débito,Sitio web,Android,Bogotá,4,5,No
TXN-0006449,2022-03-05,55252,Belleza,145836,Tarjeta débito,App móvil,Desktop,Bogotá,3,5,No
TXN-0006413,2023-04-15,24032,Alimentos,18991,PSE,Sitio web,Desktop,Pereira,1,5,No
TXN-0000921,2024-10-09,27241,Libros,52010,Billetera digital,App móvil,iOS,Cartagena,6,5,No
TXN-0000159,2022-12-23,16367,Electrónica,539952,Tarjeta crédito,App móvil,Android,Manizales,3,5,No
TXN-0007744,2024-02-18,42036,Deportes,210820,Billetera digital,Sitio web,Android,Bogotá,5,5,No
TXN-0002626,2022-04-26,39355,Deportes,119067,PSE,App móvil,Desktop,Cali,3,5,No
TXN-0006757,2024-07-14,25510,Alimentos,55008,Contraentrega,App móvil,Android,Ibagué,2,5,No
TXN-0000095,2022-04-05,35663,Deportes,132332,Tarjeta débito,App móvil,Android,Medellín,1,5,Sí
TXN-0003202,2023-10-18,22224,Hogar,228755,Contraentrega,App móvil,iOS,Cali,6,5,No
TXN-0006929,2022-11-16,39785,Moda,104802,Tarjeta débito,Sitio web,iOS,Medellín,3,5,No
TXN-0001093,2024-06-07,20968,Hogar,261015,Billetera digital,App móvil,Android,Bogotá,6,5,No
TXN-0003533,2023-11-03,23406,Alimentos,48707,Tarjeta crédito,Sitio web,Android,Bogotá,3,5,No
TXN-0007405,2024-03-11,53989,Belleza,11611,Contraentrega,App móvil,iOS,Cali,4,5,No
TXN-0007394,2022-12-09,37474,Electrónica,847082,Tarjeta crédito,App móvil,iOS,Cúcuta,3,5,No
TXN-0001988,2023-05-25,12694,Alimentos,41301,Tarjeta débito,Sitio web,Android,Cali,6,5,Sí
TXN-0002718,2023-04-28,35151,Belleza,68008,Contraentrega,Sitio web,Android,Bogotá,8,3,No
TXN-0003978,2022-11-19,17965,Deportes,40725,Tarjeta crédito,App móvil,Android,Cali,6,5,No
TXN-0001454,2024-02-20,11867,Deportes,211276,PSE,Sitio web,Android,Bogotá,5,5,No
TXN-0006702,2023-07-19,14949,Moda,129658,Tarjeta crédito,Sitio web,Desktop,Medellín,5,5,No
TXN-0005844,2023-02-13,21174,Moda,119780,PSE,App móvil,Android,Bogotá,4,5,Sí
TXN-0002489,2023-11-26,33472,Deportes,190363,PSE,App móvil,Android,Cali,4,5,No
TXN-0000323,2022-07-16,44653,Hogar,217344,Tarjeta crédito,App móvil,Android,Cartagena,6,5,No
TXN-0001072,2024-01-20,17674,Juguetes,81089,PSE,Sitio web,iOS,Bogotá,3,5,No
TXN-0007633,2023-05-28,34440,Belleza,86193,PSE,Sitio web,Android,Medellín,4,5,No
TXN-0004694,2022-05-16,35534,Moda,185018,Tarjeta crédito,App móvil,Android,Cali,1,5,No
TXN-0005390,2024-03-27,44038,Hogar,143343,Tarjeta crédito,Sitio web,iOS,Bogotá,6,5,No
TXN-0004560,2022-12-17,19890,Belleza,72747,Tarjeta crédito,App móvil,iOS,Pereira,3,5,No
TXN-0002583,2022-03-18,37759,Hogar,203482,Tarjeta crédito,App móvil,iOS,Cúcuta,5,5,No
TXN-0000213,2024-08-26,23876,Electrónica,345190,Tarjeta crédito,Sitio web,Desktop,Cali,5,5,No
TXN-0001543,2024-02-28,-1,Electrónica,962457,PSE,App móvil,Android,Ibagué,1,5,No
TXN-0000165,2024-12-28,43278,Moda,143316,PSE,App móvil,Android,Cúcuta,7,5,No
TXN-0007643,2024-10-24,35771,Juguetes,54155,Billetera digital,Sitio web,Android,Bogotá,3,5,No
TXN-IMPUTADO-0002,2024-04-28,56531,Electrónica,356500,Tarjeta débito,App móvil,Android,Bogotá,6,5,No
TXN-0007991,2024-06-12,21311,Electrónica,493025,Tarjeta crédito,Sitio web,iOS,Medellín,5,5,No
TXN-0000764,2024-12-18,19979,Juguetes,94841,Tarjeta crédito,App móvil,Android,Ibagué,7,5,Sí
TXN-0007432,2022-12-29,37951,Moda,98985,Tarjeta débito,App móvil,iOS,Barranquilla,1,5,No
TXN-0004802,,29338,Belleza,77338,Tarjeta crédito,Sitio web,iOS,Bogotá,3,5,No
TXN-0006999,2024-12-08,44022,Hogar,173501,Tarjeta crédito,App móvil,Android,Cali,5,5,No
TXN-0001202,2022-04-24,31245,Tecnología,743723,Tarjeta débito,Sitio web,Android,Bucaramanga,4,5,No
TXN-0004162,2022-06-05,39143,Juguetes,103871,Billetera digital,Sitio web,Android,Bogotá,4,5,Sí
TXN-0006577,2022-06-17,18045,Belleza,93182,Tarjeta crédito,App móvil,Android,Cúcuta,3,5,No
TXN-0004632,2024-01-06,17532,Electrónica,539156,Contraentrega,App móvil,Android,Cali,1,5,Sí
TXN-0003282,2023-09-13,25657,Moda,95844,Tarjeta débito,Sitio web,Desktop,Cali,2,5,No
TXN-0004967,2024-08-16,23108,Alimentos,63961,PSE,Sitio web,Android,Bogotá,7,5,No
TXN-0003189,2024-07-26,58815,Belleza,40383,Tarjeta crédito,Sitio web,Desktop,Ibagué,3,5,No
TXN-0007958,2023-09-16,21351,Belleza,156459,Tarjeta crédito,App móvil,Android,Cali,3,5,No
TXN-0000968,2024-07-14,40989,Electrónica,509151,PSE,App móvil,Android,Bogotá,4,5,No
TXN-IMPUTADO-0003,2024-03-20,29154,Electrónica,487239,Tarjeta crédito,App móvil,Desktop,Bogotá,1,5,No
TXN-0003428,2024-12-13,55567,Juguetes,73189,PSE,Sitio web,Desktop,Manizales,5,5,No
TXN-0005921,2024-03-08,54414,Hogar,213324,PSE,Sitio web,Desktop,Cali,1,5,No
TXN-0000472,2023-09-02,37355,Electrónica,540695,PSE,App móvil,Desktop,Cali,5,5,No
TXN-0007299,2023-01-13,17924,Juguetes,135340,Tarjeta crédito,App móvil,Android,Bogotá,5,5,No
TXN-0000164,2024-03-02,10913,Tecnología,1001620,Tarjeta débito,Sitio web,Android,Cartagena,3,5,No
TXN-0002430,2024-04-02,18713,Libros,76047,Tarjeta crédito,Sitio web,Android,Barranquilla,1,5,No
TXN-0002914,2022-12-18,15348,Electrónica,418258,PSE,Sitio web,Android,Medellín,3,5,No
TXN-0001411,2022-04-18,11126,Tecnología,755569,Billetera digital,App móvil,Desktop,Manizales,2,5,No
TXN-0007258,2023-05-03,29199,Tecnología,843985,Tarjeta débito,Sitio web,iOS,Medellín,3,5,No
TXN-0003737,2022-06-22,12818,Alimentos,54530,PSE,App móvil,Desktop,Bogotá,3,5,No
TXN-0001292,2023-02-03,21801,Hogar,86812,Tarjeta débito,App móvil,Android,Medellín,6,5,No
TXN-0001062,2022-12-03,33095,Deportes,98679,Tarjeta débito,App móvil,iOS,Bogotá,4,5,No
TXN-0007651,2022-07-30,25987,Hogar,114570,PSE,Sitio web,Android,Medellín,7,5,No
TXN-0005932,2024-10-15,40374,Moda,97979,Billetera digital,App móvil,iOS,Barranquilla,3,5,No
TXN-0006126,2023-04-22,53955,Hogar,125491,Tarjeta crédito,Sitio web,Android,Bucaramanga,2,5,No
TXN-0007716,2024-10-26,25670,Electrónica,604546,Contraentrega,App móvil,Android,Bogotá,5,5,No
TXN-0005455,,22104,Electrónica,399586,Contraentrega,Sitio web,Android,Cali,3,5,No
TXN-0002957,2024-01-11,58346,Electrónica,734072,Tarjeta crédito,App móvil,Android,Medellín,6,5,No
TXN-IMPUTADO-0004,2023-12-08,10654,Electrónica,855674,Tarjeta débito,Sitio web,Desconocido,Cali,3,5,No
TXN-0007009,2023-09-02,59590,Moda,112445,Tarjeta crédito,App móvil,Android,Cali,1,5,No
TXN-0000959,2022-04-21,13164,Electrónica,208248,Tarjeta crédito,App móvil,Android,Medellín,6,5,No
TXN-0007346,2024-05-29,38801,Deportes,115173,Tarjeta crédito,App móvil,Desktop,Cali,3,5,No
TXN-0004207,2022-06-07,55400,Mascotas,89450,Tarjeta crédito,App móvil,Android,Bogotá,6,5,No
TXN-0002634,2024-04-27,31136,Moda,101958,Tarjeta débito,Sitio web,iOS,Cúcuta,1,5,No
TXN-0001728,,35170,Belleza,101174,Tarjeta crédito,App móvil,Desktop,Bogotá,4,5,No
TXN-0004357,2023-07-13,56215,Hogar,110438,Tarjeta débito,App móvil,Desktop,Medellín,7,5,No
TXN-0002333,2022-06-23,23205,Tecnología,1049222,Contraentrega,App móvil,Android,Cartagena,2,5,No
TXN-0001174,2024-11-26,48925,Alimentos,37202,Tarjeta débito,Sitio web,Desktop,Cali,6,5,No
TXN-0002822,2022-02-12,35671,Libros,36039,Billetera digital,App móvil,Desktop,Manizales,7,5,No
TXN-0003154,2022-11-29,48759,Electrónica,567570,Tarjeta débito,Sitio web,Android,Cali,5,5,No
TXN-0006307,2024-08-18,45558,Moda,83376,Contraentrega,Sitio web,Desktop,Barranquilla,7,5,No
TXN-0002659,2023-11-13,41889,Hogar,290758,Tarjeta débito,App móvil,Android,Barranquilla,8,3,No
TXN-0004664,2022-12-29,52710,Mascotas,62738,Tarjeta crédito,App móvil,iOS,Pereira,7,5,No
TXN-0006481,2024-08-22,12761,Alimentos,44710,Tarjeta débito,Sitio web,Android,Medellín,5,5,No
TXN-0005374,2022-09-01,19509,Electrónica,367933,Contraentrega,App móvil,iOS,Cúcuta,2,5,No
TXN-0002851,2023-02-09,17926,Alimentos,46380,Tarjeta débito,Sitio web,Desktop,Bogotá,6,5,No
TXN-0000851,2024-04-24,49288,Alimentos,20014,Tarjeta crédito,App móvil,Android,Cartagena,7,5,No
TXN-0003785,2022-05-24,19702,Hogar,322012,Tarjeta débito,App móvil,Android,Cúcuta,5,5,No
TXN-0007135,2023-07-29,15072,Alimentos,70211,Contraentrega,App móvil,Desktop,Pereira,5,5,No
TXN-0007428,2024-01-21,52008,Libros,43294,Tarjeta crédito,App móvil,Android,Bogotá,3,5,No
TXN-0000522,2022-07-11,31444,Hogar,146051,Tarjeta crédito,Sitio web,iOS,Bogotá,2,5,No
TXN-0000331,2023-06-17,57908,Tecnología,400818,Billetera digital,App móvil,iOS,Bogotá,4,5,No
TXN-0007237,2024-10-19,42350,Belleza,77385,Tarjeta crédito,App móvil,iOS,Cúcuta,4,5,No
TXN-0006959,2024-02-24,54462,Electrónica,613196,Tarjeta crédito,Sitio web,Desktop,Bogotá,4,5,No
TXN-0003770,2022-05-22,41936,Electrónica,614726,Billetera digital,App móvil,Android,Ibagué,6,5,No
TXN-0005705,2024-09-06,25888,Moda,158757,Tarjeta débito,App móvil,Android,Manizales,6,5,No
TXN-0002423,2023-12-10,14875,Juguetes,84242,Tarjeta débito,App móvil,Desktop,Bogotá,1,5,No
TXN-0003064,2022-03-15,36667,Alimentos,46013,Tarjeta crédito,Sitio web,iOS,Bogotá,1,5,No
TXN-0003351,2022-09-25,25650,Electrónica,914173,PSE,Sitio web,Android,Bogotá,5,5,No
TXN-0000435,2023-03-08,25380,Tecnología,1152048,Contraentrega,App móvil,Android,Bogotá,4,5,No
TXN-0007524,2022-10-27,31010,Electrónica,567089,Tarjeta débito,App móvil,Desconocido,Bucaramanga,7,5,No
TXN-0001681,2024-02-20,20626,Tecnología,1226406,Tarjeta débito,Sitio web,iOS,Barranquilla,2,5,No
TXN-IMPUTADO-0005,2023-12-21,37542,Moda,98186,PSE,Sitio web,Desktop,Medellín,2,5,No
TXN-0003704,2024-11-13,46654,Belleza,68517,Tarjeta crédito,Sitio web,Android,Bogotá,5,5,No
TXN-IMPUTADO-0006,2023-06-29,46714,Alimentos,55571,Contraentrega,Sitio web,Android,Medellín,5,5,No
TXN-IMPUTADO-0007,2024-03-28,47098,Mascotas,109763,Tarjeta crédito,Sitio web,Desktop,Bogotá,4,5,No
TXN-0003105,2023-08-24,38256,Belleza,32430,Tarjeta crédito,App móvil,Desktop,Bogotá,3,5,No
TXN-0002196,2023-09-01,14316,Tecnología,545328,PSE,Sitio web,Desktop,Cartagena,3,5,No
TXN-0005538,2022-07-20,58722,Moda,80189,Tarjeta crédito,App móvil,Android,Bogotá,8,5,No
TXN-0002011,2024-11-12,36547,Hogar,234172,Tarjeta débito,App móvil,Android,Cúcuta,3,5,No
TXN-0006584,2024-07-19,11013,Tecnología,625875,Tarjeta crédito,Sitio web,Desktop,Bucaramanga,4,5,No
TXN-0001905,2022-01-20,43853,Libros,69204,Tarjeta débito,App móvil,Android,Barranquilla,6,5,No
TXN-0005400,2024-06-25,55000,Belleza,97111,PSE,App móvil,Android,Bogotá,2,5,No
TXN-0004154,2024-01-23,37548,Belleza,62191,Tarjeta débito,App móvil,Android,Medellín,1,5,No
TXN-0000407,2024-02-18,42380,Juguetes,111288,Tarjeta débito,Sitio web,Android,Bucaramanga,6,5,No
TXN-0005086,2022-01-24,39898,Belleza,89387,Tarjeta crédito,Sitio web,iOS,Bucaramanga,6,5,No
TXN-0007862,2022-11-19,54251,Alimentos,52770,Tarjeta crédito,App móvil,Android,Manizales,4,5,No
TXN-0004876,2023-12-13,36756,Juguetes,168433,PSE,App móvil,Android,Pereira,1,5,No
TXN-0007501,2023-08-23,13219,Alimentos,65440,Tarjeta crédito,App móvil,iOS,Ibagué,1,5,No
TXN-0007611,2024-03-01,28686,Moda,150518,Tarjeta crédito,Sitio web,Android,Medellín,7,5,No
TXN-0005213,2022-05-09,49176,Hogar,280915,PSE,App móvil,Desktop,Cali,3,5,No
TXN-0000763,2024-09-04,54906,Moda,81843,Tarjeta crédito,App móvil,iOS,Medellín,6,5,No
TXN-0000426,2022-02-19,59263,Electrónica,289018,Billetera digital,App móvil,iOS,Cali,5,5,No
TXN-0003810,2022-07-03,24778,Moda,128752,PSE,Sitio web,iOS,Pereira,4,5,No
TXN-0005133,2022-07-09,39569,Moda,93788,Billetera digital,App móvil,Desktop,Barranquilla,6,5,No
TXN-0000591,2024-07-29,24268,Tecnología,1084568,Tarjeta crédito,Sitio web,iOS,Bogotá,6,5,No
TXN-0006399,2024-07-01,26810,Alimentos,70930,Tarjeta crédito,App móvil,Android,Cúcuta,7,5,No
TXN-0006666,2022-01-25,40333,Hogar,234781,Billetera digital,App móvil,Android,Medellín,7,5,No
TXN-0000896,2023-03-15,18459,Mascotas,42839,Contraentrega,Sitio web,iOS,Bogotá,2,5,Sí
TXN-0004746,2023-07-12,11166,Tecnología,212611,Tarjeta débito,App móvil,Android,Cali,6,5,No
TXN-0001430,2023-01-18,47524,Hogar,204548,Tarjeta crédito,App móvil,Desktop,Barranquilla,3,5,No
TXN-0003035,2024-07-20,37095,Belleza,103987,Tarjeta débito,Sitio web,Android,Pereira,5,5,No
TXN-0001892,2023-06-09,22064,Moda,136121,Billetera digital,Sitio web,Desktop,Manizales,7,5,No
TXN-0007590,2024-10-30,13292,Moda,159075,Contraentrega,App móvil,Android,Bogotá,5,5,No
TXN-0005230,2023-05-13,50105,Moda,194416,Tarjeta débito,Sitio web,Desktop,Barranquilla,7,5,No
TXN-0003994,2024-08-07,10206,Alimentos,63275,Tarjeta crédito,Sitio web,Android,Bucaramanga,3,5,No
TXN-0005635,2023-04-22,34289,Electrónica,397603,Tarjeta crédito,App móvil,iOS,Ibagué,4,5,No
TXN-0003203,2022-01-13,52872,Hogar,306832,Tarjeta crédito,Sitio web,Android,Pereira,4,5,No
TXN-0000501,2024-09-03,38280,Belleza,36850,Contraentrega,App móvil,Android,Bogotá,5,5,No
TXN-0001584,2023-05-02,53723,Electrónica,203385,Contraentrega,Sitio web,iOS,Medellín,4,5,No
TXN-0007322,2023-04-15,44352,Moda,162503,Billetera digital,App móvil,Desktop,Pereira,1,5,No
TXN-0004128,2022-07-15,26242,Libros,80665,Tarjeta débito,App móvil,Android,Bogotá,1,5,No
TXN-0007331,2023-03-01,31099,Libros,46161,Tarjeta débito,App móvil,Android,Cúcuta,5,5,No
TXN-0007982,2024-02-01,21285,Moda,39981,Contraentrega,Sitio web,Android,Cali,4,5,No
TXN-0005172,2024-06-11,57027,Moda,70365,Tarjeta débito,App móvil,iOS,Cali,4,5,No
TXN-0004011,2022-06-29,25403,Juguetes,103478,Billetera digital,Sitio web,iOS,Pereira,8,5,No
TXN-0005910,2022-02-15,58334,Electrónica,1099089,Contraentrega,App móvil,Desconocido,Cúcuta,4,5,No
TXN-0000452,2022-06-02,48171,Belleza,101055,Billetera digital,App móvil,iOS,Bogotá,6,5,No
TXN-0005268,2022-09-12,26982,Moda,101775,Tarjeta crédito,Sitio web,Android,Bogotá,6,5,No
TXN-0007510,,11584,Electrónica,786992,PSE,Sitio web,Android,Bogotá,3,5,No
TXN-0004959,2024-08-07,20349,Mascotas,39264,Billetera digital,App móvil,Android,Cartagena,5,5,No
TXN-0000021,,26096,Libros,65667,Billetera digital,App móvil,Android,Bogotá,3,5,No
TXN-0004273,2022-12-04,27774,Belleza,78735,Tarjeta crédito,App móvil,Desktop,Cartagena,6,5,No
TXN-0007332,2023-12-10,26981,Electrónica,756616,Tarjeta crédito,App móvil,Desconocido,Medellín,5,5,Sí
TXN-0007742,2023-02-16,10975,Juguetes,105290,PSE,Sitio web,Desktop,Bucaramanga,2,5,No
TXN-0002520,2024-09-22,13901,Hogar,185574,Tarjeta crédito,Sitio web,iOS,Medellín,2,5,No
TXN-0003591,2022-11-26,37119,Electrónica,822205,PSE,App móvil,Android,Bogotá,6,5,No
TXN-0003302,2023-06-25,24477,Libros,48343,PSE,Sitio web,Android,Medellín,9,3,No
TXN-0006905,2022-07-30,55100,Belleza,48683,Tarjeta débito,App móvil,Desktop,Bogotá,4,5,No
TXN-0003445,2024-07-07,43973,Electrónica,382520,Tarjeta débito,Sitio web,Android,Cali,4,5,No
TXN-0003489,2023-06-28,55393,Deportes,166288,Tarjeta crédito,App móvil,iOS,Barranquilla,4,5,No
TXN-0007022,2023-02-17,51654,Moda,111398,Contraentrega,App móvil,Android,Barranquilla,5,5,No
TXN-0006234,2024-02-26,12633,Hogar,169672,PSE,App móvil,Desktop,Medellín,4,5,No
TXN-0006798,2023-07-28,19976,Moda,124425,Tarjeta crédito,Sitio web,iOS,Medellín,2,5,No
TXN-0003313,2023-05-02,12091,Hogar,319527,Tarjeta crédito,Sitio web,Desktop,Barranquilla,1,5,Sí
TXN-0004410,2024-01-04,56219,Moda,144675,Billetera digital,App móvil,Android,Medellín,6,5,No
TXN-0003916,2024-06-19,32340,Hogar,208573,PSE,App móvil,Desktop,Bogotá,4,5,No
TXN-0001747,2024-09-04,47948,Electrónica,869113,Contraentrega,App móvil,Android,Bogotá,3,5,No
TXN-0002675,2024-09-16,33862,Moda,159916,PSE,Sitio web,iOS,Cali,5,5,No
TXN-0003991,2024-03-26,32419,Deportes,122494,PSE,Sitio web,Android,Barranquilla,5,5,No
TXN-0006106,2023-09-29,43723,Juguetes,78783,Tarjeta crédito,App móvil,Android,Pereira,6,5,No
TXN-0004473,2023-02-20,27830,Hogar,167074,Contraentrega,App móvil,Android,Bogotá,1,5,No
TXN-0002379,2023-10-25,41266,Alimentos,53629,Tarjeta crédito,Sitio web,Desktop,Medellín,5,5,No
TXN-0007201,2023-07-06,25056,Belleza,91918,Tarjeta crédito,Sitio web,Android,Medellín,3,5,No
TXN-0004152,2024-08-21,35357,Hogar,123292,PSE,App móvil,Android,Cartagena,3,5,No
TXN-IMPUTADO-0008,2024-09-04,11076,Hogar,308323,Billetera digital,Sitio web,iOS,Cúcuta,5,5,No
TXN-0002089,2023-07-06,36649,Moda,272775,Contraentrega,Sitio web,Android,Cartagena,7,5,No
TXN-0001882,2024-11-15,37871,Mascotas,93962,Tarjeta débito,Sitio web,Desktop,Bogotá,3,5,No
TXN-0005475,2024-04-19,59061,Deportes,192871,PSE,App móvil,Android,Bogotá,5,5,No
TXN-0003699,2023-04-25,48471,Deportes,164250,PSE,App móvil,Desktop,Barranquilla,5,5,No
TXN-IMPUTADO-0009,2022-01-31,22521,Alimentos,69644,Contraentrega,App móvil,Android,Ibagué,2,5,No
TXN-0003090,2024-04-30,49534,Electrónica,870635,Tarjeta crédito,App móvil,Android,Cali,6,5,No
TXN-0001242,2023-11-27,37417,Deportes,172695,Tarjeta débito,App móvil,Android,Medellín,2,5,No
TXN-0006152,2023-07-23,55908,Hogar,170927,Tarjeta crédito,Sitio web,Android,Medellín,2,5,No
TXN-0004644,2022-03-25,21309,Deportes,55130,Tarjeta crédito,Sitio web,Android,Bogotá,5,5,No
TXN-0006202,2022-04-08,41019,Hogar,203408,Tarjeta crédito,App móvil,Android,Bogotá,3,5,No
TXN-0006436,2023-05-08,31669,Moda,101397,Contraentrega,App móvil,Android,Bogotá,4,5,No
TXN-0002151,2022-03-16,44817,Tecnología,560745,Tarjeta débito,App móvil,Android,Cali,7,5,No
TXN-0001722,2022-10-18,41872,Hogar,122007,PSE,App móvil,iOS,Pereira,3,5,No
TXN-0003707,2024-08-24,40695,Tecnología,513900,Billetera digital,App móvil,iOS,Bogotá,3,5,No
TXN-IMPUTADO-0010,2023-11-14,-1,Belleza,136482,Tarjeta débito,App móvil,Android,Bogotá,3,5,No
TXN-0000732,2024-04-15,38560,Tecnología,935272,Contraentrega,App móvil,Android,Medellín,3,5,No
TXN-0000493,2024-08-01,55152,Hogar,206135,Tarjeta crédito,App móvil,Desktop,Barranquilla,6,5,No
TXN-0001377,2023-12-20,-1,Libros,49865,Contraentrega,Sitio web,Android,Medellín,3,5,No
TXN-0003776,2023-11-27,44447,Moda,105320,Contraentrega,App móvil,iOS,Barranquilla,1,5,No
TXN-0003067,2023-07-24,58342,Moda,87032,Tarjeta débito,App móvil,Android,Barranquilla,6,5,No
TXN-0005017,2022-04-20,44070,Mascotas,25927,Contraentrega,App móvil,iOS,Bogotá,5,5,No
TXN-0004633,2024-10-01,19432,Hogar,233465,Tarjeta crédito,App móvil,Desconocido,Bogotá,5,5,No
TXN-0003835,2024-12-03,27806,Deportes,154956,Tarjeta débito,App móvil,Android,Cúcuta,1,5,No
TXN-0001478,2024-12-14,20454,Moda,152262,Tarjeta crédito,Sitio web,Android,Bogotá,1,5,No
TXN-0002588,2022-08-13,47662,Belleza,61925,Tarjeta crédito,App móvil,Android,Cartagena,8,4,No
TXN-0007183,2024-05-21,20576,Alimentos,40327,Tarjeta crédito,Sitio web,iOS,Bogotá,2,5,No
TXN-0000176,2024-01-16,46736,Alimentos,27393,Contraentrega,App móvil,Android,Barranquilla,5,5,No
TXN-0004475,2024-03-31,47671,Hogar,156459,Tarjeta crédito,App móvil,Android,Cali,4,5,No
TXN-0007585,2023-09-08,23209,Belleza,84673,Tarjeta débito,Sitio web,Android,Bucaramanga,5,5,No
TXN-0006508,2023-07-01,30443,Hogar,287844,Contraentrega,App móvil,iOS,Bogotá,5,5,No
TXN-0006970,2022-01-26,46920,Moda,191017,Tarjeta crédito,App móvil,Android,Bogotá,3,5,No
TXN-0003678,2023-07-04,56493,Moda,132596,Tarjeta débito,App móvil,Desktop,Bucaramanga,4,5,No
TXN-0000794,2022-01-26,19395,Electrónica,5000,PSE,Sitio web,Android,Bogotá,2,5,No
TXN-0003454,,21429,Belleza,51386,Billetera digital,Sitio web,iOS,Barranquilla,8,4,No
TXN-0000611,2022-11-13,41027,Alimentos,24231,PSE,App móvil,Desktop,Medellín,5,5,No
TXN-0002805,2024-07-14,50916,Moda,123187,Tarjeta crédito,App móvil,Desktop,Bogotá,3,5,No
TXN-0005772,2022-12-13,19989,Alimentos,43894,PSE,App móvil,Android,Cartagena,5,5,No
TXN-0005852,2024-03-29,32545,Juguetes,84757,Tarjeta crédito,App móvil,Android,Bogotá,1,5,No
TXN-0007704,2023-06-06,-1,Electrónica,578828,Tarjeta débito,App móvil,iOS,Bucaramanga,5,5,No
TXN-0006108,2022-07-08,38329,Hogar,28314,Tarjeta crédito,Sitio web,Desktop,Bogotá,11,5,No
TXN-0004326,2023-08-25,44738,Alimentos,49283,Tarjeta crédito,App móvil,iOS,Medellín,1,5,No
TXN-0007850,2023-06-26,48285,Deportes,94952,Tarjeta crédito,Sitio web,Android,Pereira,1,5,No
TXN-0006661,2024-04-11,39543,Juguetes,108990,Tarjeta crédito,Sitio web,Android,Pereira,5,5,No
TXN-0004237,2023-09-25,38725,Moda,200695,Tarjeta crédito,Sitio web,Android,Cali,2,5,No
TXN-0001874,2024-04-09,26440,Deportes,230498,Contraentrega,Sitio web,Android,Pereira,4,5,No
TXN-0001257,2024-08-05,42594,Electrónica,558669,PSE,App móvil,Desconocido,Bogotá,2,5,No
TXN-0003624,2022-10-08,39866,Libros,37793,Tarjeta débito,App móvil,Desktop,Cali,4,5,No
TXN-IMPUTADO-0011,2023-10-03,53461,Tecnología,1301085,Tarjeta débito,App móvil,Android,Cali,4,5,No
TXN-0005229,2022-12-29,29525,Alimentos,60661,Tarjeta débito,App móvil,Android,Pereira,8,3,No
TXN-0004719,2023-12-10,30858,Juguetes,62270,PSE,App móvil,Desktop,Medellín,5,5,No
TXN-0000184,2023-09-27,23630,Deportes,166223,Tarjeta débito,App móvil,Android,Barranquilla,4,5,No
TXN-0007362,2022-08-13,20762,Juguetes,105010,Contraentrega,App móvil,Android,Bogotá,2,5,No
TXN-0005004,2023-09-15,44960,Electrónica,629948,Contraentrega,App móvil,Desktop,Manizales,3,5,No
TXN-0006982,2024-06-05,58977,Libros,40379,Tarjeta débito,Sitio web,Android,Cartagena,5,5,No
TXN-0004687,2022-01-23,52088,Moda,120463,Tarjeta débito,Sitio web,Android,Pereira,4,5,No
TXN-0002841,2023-10-20,59764,Electrónica,921020,Tarjeta crédito,App móvil,Android,Bogotá,6,5,No
TXN-0002866,2022-05-10,-1,Moda,71800,Billetera digital,App móvil,iOS,Barranquilla,4,5,No
TXN-0007566,2023-12-29,46812,Tecnología,569523,Contraentrega,Sitio web,Desktop,Medellín,3,5,No
TXN-0001705,2022-09-30,43595,Electrónica,555691,Tarjeta crédito,Sitio web,Desktop,Cúcuta,1,5,No
TXN-0006806,2023-01-08,10423,Hogar,165521,Tarjeta crédito,App móvil,Android,Bogotá,3,5,No
TXN-0002338,2024-05-19,12806,Juguetes,70018,Tarjeta débito,App móvil,Desktop,Barranquilla,6,5,No
TXN-0007725,2022-01-12,56867,Deportes,266855,Tarjeta débito,App móvil,Android,Medellín,7,5,No
TXN-0005738,,22287,Deportes,180366,Tarjeta crédito,Sitio web,Desktop,Bogotá,2,5,No
TXN-0006738,2024-04-10,27586,Moda,84618,Contraentrega,App móvil,Desktop,Manizales,7,5,No
TXN-0001712,2023-05-30,59537,Electrónica,688802,Tarjeta crédito,Sitio web,Desktop,Manizales,6,5,No
TXN-0004741,2024-09-01,24927,Alimentos,41072,Tarjeta débito,App móvil,Android,Bogotá,5,5,No
TXN-0001549,2024-09-26,58741,Alimentos,61735,Tarjeta débito,Sitio web,Android,Bucaramanga,1,5,No
TXN-0007280,2022-04-21,49124,Electrónica,528576,PSE,App móvil,Android,Bogotá,5,5,No
TXN-0007379,2024-01-16,19074,Tecnología,472613,Tarjeta crédito,App móvil,Desktop,Barranquilla,1,5,No
TXN-0007670,2023-01-03,39451,Juguetes,129188,PSE,Sitio web,iOS,Pereira,5,5,No
TXN-0001075,2023-02-17,45360,Electrónica,435575,Contraentrega,App móvil,Android,Barranquilla,3,5,No
TXN-0002120,2023-05-31,47792,Hogar,152008,Tarjeta crédito,App móvil,Desktop,Pereira,7,5,No
TXN-0001922,2023-10-08,18026,Tecnología,155351,Tarjeta débito,App móvil,iOS,Manizales,6,5,No
TXN-0001341,2023-11-22,23434,Mascotas,50631,Billetera digital,App móvil,Android,Barranquilla,4,5,No
TXN-0004030,2024-05-10,27306,Belleza,65075,Tarjeta crédito,App móvil,Android,Medellín,3,5,No
TXN-0000203,2024-08-16,37322,Electrónica,676131,Contraentrega,App móvil,Desktop,Bogotá,2,5,No
TXN-0002864,2024-01-10,34086,Libros,71449,Tarjeta crédito,App móvil,Android,Cali,4,5,No
TXN-0001744,2022-11-07,23635,Deportes,267754,Tarjeta crédito,App móvil,iOS,Medellín,7,5,No
TXN-0001605,2023-04-07,28189,Moda,117089,Tarjeta crédito,App móvil,Android,Manizales,2,5,No
TXN-0003238,2022-12-14,22990,Moda,173643,Tarjeta crédito,Sitio web,Android,Bogotá,2,5,No
TXN-0005440,2022-07-25,26868,Hogar,200633,Tarjeta crédito,App móvil,Android,Cali,3,5,No
TXN-0000592,2022-01-02,25799,Hogar,181211,PSE,App móvil,Android,Ibagué,8,5,No
TXN-0007568,2023-11-07,48668,Moda,129712,Billetera digital,App móvil,Desktop,Medellín,2,5,No
TXN-0004469,2024-01-18,46420,Deportes,176179,Billetera digital,App móvil,iOS,Medellín,3,5,No
TXN-0000378,2024-09-01,18319,Electrónica,911920,Tarjeta crédito,Sitio web,Android,Cali,6,5,No
TXN-0000984,2023-01-23,50112,Hogar,192040,Contraentrega,App móvil,Android,Bogotá,5,5,No
TXN-0005169,2023-06-07,21510,Electrónica,326471,Tarjeta débito,Sitio web,iOS,Cali,6,5,No
TXN-0005760,2022-04-27,43623,Electrónica,691666,Tarjeta crédito,Sitio web,Desktop,Bogotá,2,5,No
TXN-0003263,2024-08-02,46168,Juguetes,78579,Tarjeta crédito,Sitio web,Android,Cali,7,5,No
TXN-0004277,2024-07-02,19087,Juguetes,105566,Tarjeta débito,Sitio web,iOS,Medellín,1,5,No
TXN-0002160,2022-01-20,35261,Belleza,110880,Tarjeta crédito,App móvil,Desktop,Bogotá,5,5,No
TXN-0000456,2024-08-10,40645,Alimentos,55226,Tarjeta crédito,Sitio web,Desktop,Bogotá,2,5,No
TXN-0005290,2023-09-01,15690,Deportes,88582,PSE,App móvil,Android,Medellín,3,5,No
TXN-0001647,2024-09-08,19596,Tecnología,803686,Billetera digital,App móvil,Android,Cartagena,4,5,No
TXN-0004452,2022-08-29,57204,Libros,45538,Contraentrega,App móvil,Desktop,Bucaramanga,4,5,No
TXN-0004240,2022-09-03,35669,Electrónica,668517,PSE,App móvil,Android,Cali,3,5,No
TXN-0000097,2022-02-15,23298,Belleza,11619,Tarjeta crédito,App móvil,Android,Medellín,3,5,No
TXN-0007239,2024-05-24,44227,Tecnología,1273014,PSE,App móvil,Android,Bogotá,3,5,No
TXN-0002463,2024-01-07,15975,Moda,145115,PSE,App móvil,Android,Bogotá,4,5,No
TXN-0000749,2024-04-30,33604,Mascotas,119019,Contraentrega,Sitio web,Android,Cúcuta,6,5,No
TXN-0002665,,31246,Electrónica,421891,Contraentrega,App móvil,Android,Medellín,5,5,Sí
TXN-0003297,2024-03-26,58210,Libros,34629,Tarjeta débito,App móvil,Android,Medellín,5,5,No
TXN-0005791,2024-11-13,39702,Moda,104224,PSE,Sitio web,Android,Pereira,4,5,No
TXN-0003515,2023-04-17,20600,Electrónica,324634,Tarjeta crédito,Sitio web,Desconocido,Medellín,7,5,No
TXN-0001599,2022-04-21,27234,Electrónica,592714,Contraentrega,App móvil,Android,Pereira,2,5,No
TXN-0001578,2024-11-28,22375,Alimentos,44293,PSE,Sitio web,iOS,Medellín,2,5,No
TXN-0002135,2022-08-20,56731,Juguetes,74309,Tarjeta crédito,App móvil,iOS,Medellín,4,5,No
TXN-0004241,2024-09-16,23792,Libros,68175,Contraentrega,Sitio web,Android,Bogotá,4,5,No
TXN-0005884,2022-03-09,53241,Electrónica,299317,Tarjeta crédito,App móvil,Desktop,Pereira,3,5,No
TXN-0007571,2022-09-08,59876,Juguetes,48410,Tarjeta crédito,App móvil,iOS,Medellín,4,5,No
TXN-0000042,2022-10-25,22484,Alimentos,64790,Tarjeta crédito,Sitio web,Android,Ibagué,3,5,No
TXN-0000837,2022-07-28,38033,Alimentos,14018,Tarjeta débito,App móvil,Android,Medellín,6,5,No
TXN-IMPUTADO-0012,2023-03-27,30475,Deportes,76255,PSE,Sitio web,Desktop,Cúcuta,1,5,No
TXN-0001623,2023-12-12,43443,Moda,32531,Billetera digital,App móvil,Android,Barranquilla,5,5,No
TXN-0004346,2023-06-17,29184,Alimentos,60178,PSE,Sitio web,Desconocido,Manizales,4,5,No
TXN-0001931,2024-10-25,12912,Moda,71416,Contraentrega,App móvil,Android,Cartagena,8,3,No
TXN-0000791,2023-12-02,22710,Hogar,109068,Tarjeta crédito,App móvil,Android,Bogotá,4,5,No
TXN-0006089,2024-06-04,46867,Deportes,113015,Tarjeta crédito,App móvil,iOS,Cartagena,4,5,No
TXN-0000556,2022-09-21,27894,Moda,165195,Contraentrega,App móvil,Android,Bogotá,4,5,No
TXN-IMPUTADO-0013,2023-09-18,13040,Hogar,260662,Billetera digital,App móvil,Android,Cartagena,6,5,No
TXN-0000642,2024-10-13,41295,Belleza,33732,Tarjeta débito,App móvil,Android,Ibagué,6,5,No
TXN-0007821,2024-02-07,49160,Juguetes,98200,Contraentrega,Sitio web,Android,Medellín,3,5,No
TXN-0006423,2024-10-11,25462,Libros,75748,Tarjeta crédito,Sitio web,Desktop,Cartagena,4,5,No
TXN-0001141,2023-04-17,19194,Juguetes,77244,Tarjeta débito,Sitio web,Android,Pereira,6,5,No
TXN-0002116,2023-05-24,44297,Belleza,90363,Tarjeta débito,App móvil,Desktop,Medellín,3,5,No
TXN-0001723,2023-05-22,25291,Electrónica,767609,Tarjeta débito,App móvil,iOS,Cali,6,5,No
TXN-0005281,2024-11-17,51419,Mascotas,90458,Tarjeta crédito,App móvil,Android,Cali,3,5,No
TXN-0005356,2023-11-03,47755,Hogar,60958,Tarjeta débito,Sitio web,iOS,Bucaramanga,5,5,No
TXN-0004221,2023-06-18,49203,Tecnología,601114,Tarjeta crédito,Sitio web,Desktop,Bucaramanga,5,5,No
TXN-0004609,2024-10-15,22499,Juguetes,91162,Tarjeta crédito,App móvil,Android,Bogotá,6,5,No
TXN-0001441,2023-09-11,11457,Deportes,23394,Tarjeta crédito,App móvil,iOS,Cali,4,5,No
TXN-0001797,2024-06-21,18354,Electrónica,987365,Tarjeta crédito,App móvil,Android,Bogotá,5,5,No
TXN-0001082,2022-06-16,39432,Mascotas,95141,Tarjeta débito,Sitio web,iOS,Medellín,6,5,No
TXN-0004104,2023-07-23,43611,Moda,116473,Tarjeta crédito,App móvil,iOS,Cartagena,1,5,No
TXN-0007557,2022-09-12,20542,Hogar,177207,Tarjeta crédito,App móvil,Android,Barranquilla,3,5,No
TXN-0006849,2022-03-23,14310,Mascotas,26499,Tarjeta crédito,App móvil,iOS,Pereira,3,5,No
TXN-0006651,2023-02-28,29287,Deportes,230181,Tarjeta crédito,App móvil,Android,Barranquilla,7,5,No
TXN-0005013,2023-02-28,27746,Electrónica,637529,Tarjeta crédito,App móvil,Android,Barranquilla,3,5,No
TXN-0005269,2023-07-26,26996,Tecnología,1411320,Tarjeta crédito,App móvil,Android,Medellín,8,5,No
TXN-0001374,2023-11-16,25814,Hogar,189298,Contraentrega,App móvil,Desktop,Bogotá,5,5,No
TXN-0003219,2024-02-02,32281,Alimentos,50821,Tarjeta débito,App móvil,Android,Bogotá,2,5,No
TXN-0005933,2024-06-24,30300,Deportes,118090,Tarjeta crédito,Sitio web,Desktop,Cúcuta,6,5,No
TXN-0000025,2022-06-28,50123,Electrónica,540924,Tarjeta crédito,App móvil,iOS,Manizales,1,5,No
TXN-IMPUTADO-0014,2022-08-08,48648,Hogar,196522,Tarjeta crédito,App móvil,iOS,Pereira,3,5,No
TXN-0002236,2023-06-21,49769,Moda,142918,Tarjeta débito,Sitio web,iOS,Manizales,4,5,No
TXN-0003518,,54710,Tecnología,830479,Tarjeta débito,App móvil,Android,Bogotá,5,5,No
TXN-0007449,2024-01-27,40927,Hogar,186249,Tarjeta crédito,App móvil,Android,Cali,4,5,No
TXN-0000241,2022-09-03,17438,Moda,107303,Tarjeta débito,App móvil,iOS,Cali,4,5,No
TXN-0000885,2023-04-06,40535,Electrónica,521371,Tarjeta débito,App móvil,Android,Medellín,3,5,No
TXN-0007193,2022-06-25,16289,Electrónica,725900,Tarjeta débito,App móvil,Desconocido,Medellín,3,5,No
TXN-IMPUTADO-0015,2023-04-16,40037,Tecnología,871893,Billetera digital,App móvil,Android,Cali,4,5,No
TXN-0004534,2023-12-27,14528,Moda,148006,Tarjeta débito,Sitio web,iOS,Bogotá,6,5,No
TXN-0007305,2024-02-15,39056,Deportes,149058,Contraentrega,App móvil,Android,Medellín,5,5,No
TXN-0004815,2024-06-05,12497,Moda,117670,PSE,Sitio web,Android,Cali,2,5,No
TXN-0007098,2024-01-08,50954,Moda,85418,Tarjeta crédito,Sitio web,iOS,Bucaramanga,6,5,No
TXN-0002140,2024-06-28,41601,Hogar,207107,Contraentrega,Sitio web,Android,Bucaramanga,2,5,No
TXN-0005787,2024-09-18,58275,Juguetes,64979,Contraentrega,App móvil,Android,Cali,5,5,No
TXN-0002231,2022-06-25,28000,Juguetes,119774,PSE,Sitio web,iOS,Bogotá,1,5,No
TXN-0006572,2023-04-05,51275,Electrónica,705339,Tarjeta débito,App móvil,Android,Cali,4,5,No
TXN-0007350,2023-08-07,33577,Juguetes,114545,Billetera digital,App móvil,Android,Medellín,3,5,No
TXN-0002910,2024-06-03,34718,Moda,127091,Billetera digital,Sitio web,Desktop,Barranquilla,7,5,No
TXN-0003680,2023-03-19,59686,Mascotas,109735,Tarjeta débito,Sitio web,Android,Cali,5,5,No
TXN-0005223,2023-07-30,32770,Alimentos,31106,Tarjeta débito,App móvil,Android,Pereira,4,5,No
TXN-0005984,2022-04-16,41558,Tecnología,540409,PSE,App móvil,Android,Medellín,5,5,No
TXN-0000499,2024-07-03,22752,Moda,161302,Tarjeta débito,App móvil,Desconocido,Ibagué,6,5,No
TXN-0005601,2024-08-06,57221,Deportes,160442,Tarjeta débito,App móvil,Android,Bogotá,2,5,No
TXN-0006226,2024-04-19,43404,Alimentos,61566,Tarjeta débito,Sitio web,Android,Barranquilla,6,5,No
TXN-0007634,2024-03-21,31646,Belleza,56278,PSE,App móvil,Android,Bucaramanga,2,5,No
TXN-0003840,2022-10-09,29404,Libros,59514,Tarjeta crédito,App móvil,Android,Medellín,7,5,No
TXN-0004990,2024-07-13,35546,Moda,173056,PSE,Sitio web,iOS,Cali,6,5,No
TXN-0006557,2023-10-30,29877,Moda,175346,Contraentrega,App móvil,Android,Medellín,3,5,No
TXN-0005483,2023-10-06,17448,Electrónica,451155,Contraentrega,App móvil,Android,Bogotá,1,5,No
TXN-0001191,2022-11-27,43475,Deportes,119373,Contraentrega,App móvil,iOS,Bogotá,3,5,No
TXN-0007316,2022-12-07,44521,Juguetes,54225,Contraentrega,Sitio web,Desktop,Bogotá,4,5,No
TXN-0000686,2024-07-12,40178,Electrónica,1275487,Billetera digital,App móvil,Android,Bogotá,5,5,Sí
TXN-0006390,2024-05-25,16256,Electrónica,602243,PSE,Sitio web,Android,Cali,1,5,No
TXN-0002064,2024-05-06,53686,Mascotas,33935,PSE,Sitio web,Android,Barranquilla,8,3,No
TXN-0006206,2024-04-04,10252,Libros,85963,Tarjeta crédito,App móvil,Desktop,Bucaramanga,2,5,No
TXN-0006100,2023-12-23,12499,Hogar,179629,Tarjeta crédito,Sitio web,Desconocido,Bucaramanga,2,5,No
TXN-0001832,2023-01-07,11435,Electrónica,502574,Tarjeta crédito,Sitio web,Desktop,Bogotá,4,5,No
TXN-0003527,2024-10-24,40672,Deportes,93575,Tarjeta crédito,Sitio web,Android,Ibagué,2,5,No
TXN-0005376,2023-12-17,51369,Hogar,299834,Tarjeta crédito,Sitio web,Android,Barranquilla,3,5,No
TXN-0003935,2022-12-09,17584,Belleza,91255,Tarjeta débito,App móvil,Android,Bogotá,8,5,No
TXN-0007253,2023-08-30,11201,Deportes,244854,PSE,Sitio web,iOS,Medellín,6,5,No
TXN-0003944,2022-08-03,57068,Deportes,156358,Tarjeta crédito,App móvil,Desktop,Ibagué,4,5,No
TXN-0000405,2023-09-23,49938,Juguetes,63497,Contraentrega,App móvil,iOS,Barranquilla,1,5,No
TXN-0006222,2023-04-30,52374,Electrónica,489563,Tarjeta crédito,App móvil,Android,Manizales,4,5,No
TXN-0004153,2023-11-08,22374,Juguetes,106006,Contraentrega,App móvil,Android,Pereira,5,5,Sí
TXN-0003134,2024-12-21,43774,Electrónica,457503,Tarjeta crédito,App móvil,Desktop,Manizales,2,5,Sí
TXN-0002334,2023-09-22,-1,Mascotas,74708,Tarjeta crédito,Sitio web,Android,Bogotá,5,5,No
TXN-0007357,2024-03-26,16870,Hogar,75901,Contraentrega,App móvil,Desktop,Barranquilla,5,5,No
TXN-0006670,2024-11-04,24066,Belleza,85791,Tarjeta débito,Sitio web,Android,Cali,2,5,No
TXN-0006523,2023-12-28,59174,Deportes,128922,Tarjeta débito,Sitio web,iOS,Barranquilla,1,5,No
TXN-IMPUTADO-0016,2024-07-27,19433,Hogar,202370,Contraentrega,Sitio web,Android,Cali,2,5,No
TXN-0000589,2024-02-23,54331,Electrónica,389295,Billetera digital,App móvil,Android,Cali,7,5,No
TXN-0002787,2024-03-06,21773,Electrónica,1180414,PSE,App móvil,Desktop,Medellín,5,5,No
TXN-0001969,2023-01-25,23898,Electrónica,531644,PSE,App móvil,Desktop,Cali,3,5,No
TXN-0007167,2022-10-08,41411,Moda,120984,Tarjeta débito,App móvil,Desktop,Barranquilla,1,5,No
TXN-0005074,2022-06-04,43989,Belleza,46430,Tarjeta crédito,Sitio web,Android,Bogotá,4,5,No
TXN-0004812,2023-12-27,46537,Moda,215933,Tarjeta crédito,Sitio web,Android,Bogotá,2,5,No
TXN-0003948,2022-05-17,50851,Belleza,71765,Contraentrega,Sitio web,iOS,Bucaramanga,4,5,No
TXN-0006643,2024-04-04,25843,Moda,82053,Tarjeta débito,Sitio web,iOS,Medellín,5,5,No
TXN-0006323,2024-04-22,47271,Belleza,66745,Billetera digital,App móvil,Android,Cartagena,3,5,No
TXN-0004674,2023-06-06,31570,Moda,107546,Billetera digital,App móvil,iOS,Barranquilla,3,5,No
TXN-0000026,2022-12-27,43767,Electrónica,310905,Tarjeta débito,App móvil,iOS,Medellín,6,5,No
TXN-0002321,2023-09-14,22702,Moda,73797,Contraentrega,App móvil,Desktop,Medellín,8,4,No
TXN-0003072,2022-05-22,49736,Alimentos,62323,Tarjeta crédito,Sitio web,iOS,Medellín,3,5,No
TXN-0007835,,56991,Electrónica,564822,Tarjeta crédito,App móvil,Desktop,Pereira,1,5,No
TXN-0000982,2024-11-08,24580,Electrónica,474749,Contraentrega,App móvil,iOS,Medellín,5,5,No
TXN-0006159,2024-08-23,29999,Hogar,205831,PSE,Sitio web,Android,Medellín,6,5,No
TXN-0007066,2023-09-17,50284,Hogar,78686,Tarjeta crédito,Sitio web,iOS,Ibagué,4,5,No
TXN-0007994,2022-07-03,54229,Electrónica,650244,PSE,App móvil,Desktop,Pereira,3,5,No
TXN-0002708,2022-03-26,17574,Hogar,181718,Billetera digital,Sitio web,iOS,Cartagena,8,4,No
TXN-0004345,2024-12-27,15642,Hogar,189689,PSE,Sitio web,Desktop,Bogotá,3,5,No
TXN-0000274,2024-02-17,30943,Hogar,212622,Tarjeta crédito,Sitio web,iOS,Bogotá,2,5,Sí
TXN-0007348,2023-07-03,45144,Juguetes,131457,Tarjeta débito,Sitio web,iOS,Bogotá,4,5,Sí
TXN-0000372,2023-06-28,38918,Moda,79795,Tarjeta crédito,App móvil,Android,Cúcuta,6,5,No
TXN-0007746,2022-04-07,14546,Moda,43918,Contraentrega,App móvil,Android,Medellín,3,5,No
TXN-0002854,2024-04-01,29382,Deportes,144134,Tarjeta débito,App móvil,iOS,Bogotá,2,5,No
TXN-0005564,2023-09-14,59067,Belleza,77293,PSE,App móvil,Android,Cúcuta,5,5,No
TXN-0007467,2024-03-27,26642,Electrónica,803800,Tarjeta débito,App móvil,Android,Bogotá,5,5,No
TXN-0000201,2024-04-17,56537,Hogar,115917,Tarjeta crédito,App móvil,iOS,Bogotá,8,3,No
TXN-0001219,2023-09-17,56730,Moda,163527,Tarjeta crédito,App móvil,iOS,Barranquilla,6,5,No
TXN-0005009,2024-09-23,41880,Tecnología,622679,Tarjeta crédito,App móvil,Desconocido,Pereira,3,5,No
TXN-0007419,2022-08-18,28168,Libros,73546,Tarjeta crédito,Sitio web,Android,Medellín,5,5,No
TXN-0002816,2023-08-05,38242,Alimentos,36818,PSE,App móvil,iOS,Cúcuta,4,5,No
TXN-IMPUTADO-0017,2022-08-30,28998,Deportes,251878,Tarjeta crédito,App móvil,Android,Bogotá,9,5,No
TXN-0006522,2022-05-28,51167,Juguetes,55168,PSE,App móvil,Android,Cúcuta,3,5,No
TXN-0003516,2022-03-30,56131,Libros,63443,PSE,App móvil,Android,Cali,4,5,Sí
TXN-0007425,2024-02-21,21481,Hogar,99197,PSE,App móvil,Android,Cartagena,9,4,No
TXN-0002006,2024-02-20,43985,Electrónica,955064,Tarjeta débito,Sitio web,Android,Bogotá,3,5,No
TXN-0007664,2022-11-04,19869,Juguetes,88760,Tarjeta débito,Sitio web,Desktop,Bogotá,4,5,No
TXN-0002679,2024-07-31,36329,Belleza,89386,PSE,Sitio web,iOS,Bogotá,1,5,No
TXN-0002958,2024-01-12,27175,Libros,64493,Tarjeta crédito,Sitio web,Android,Cali,5,5,No
TXN-0004270,2022-10-13,39031,Hogar,178986,Tarjeta crédito,App móvil,Android,Medellín,4,5,No
TXN-0005253,2024-02-24,29930,Electrónica,521415,Tarjeta crédito,Sitio web,Android,Cali,4,5,No
TXN-0007081,2023-12-15,55096,Deportes,282779,Contraentrega,App móvil,iOS,Manizales,5,5,Sí
TXN-0007044,2023-03-08,37631,Belleza,121699,PSE,Sitio web,Desktop,Bogotá,4,5,No
TXN-0001334,2022-07-24,33067,Belleza,105557,PSE,App móvil,Android,Cali,9,5,No
TXN-0007975,2022-07-20,13360,Moda,73152,PSE,Sitio web,Desktop,Manizales,5,5,No
TXN-0007021,2023-08-06,17694,Tecnología,1381698,PSE,App móvil,Android,Pereira,4,5,No
TXN-0005310,2023-09-10,-1,Libros,45082,Tarjeta crédito,App móvil,iOS,Bogotá,5,5,No
TXN-0004792,2022-03-20,23060,Moda,77017,Contraentrega,App móvil,iOS,Cali,3,5,No
TXN-0000607,,43915,Alimentos,54172,Tarjeta crédito,App móvil,iOS,Bogotá,5,5,No
TXN-0005936,2024-12-03,38865,Alimentos,30640,Tarjeta débito,Sitio web,Android,Medellín,8,5,No
TXN-0002541,2023-03-14,53393,Moda,182096,Tarjeta débito,Sitio web,iOS,Cali,7,5,No
TXN-IMPUTADO-0018,2022-12-02,25896,Moda,170814,Tarjeta crédito,Sitio web,Android,Cúcuta,4,5,No
TXN-0001965,2023-08-15,32983,Electrónica,213478,Tarjeta crédito,Sitio web,Desktop,Cali,4,5,No
TXN-0004928,2023-07-09,32309,Libros,60753,Contraentrega,App móvil,Android,Medellín,1,5,No
TXN-0003891,2023-10-12,43697,Belleza,80554,Tarjeta débito,Sitio web,Android,Manizales,4,5,No
TXN-0001208,2023-04-05,56749,Libros,42441,Contraentrega,App móvil,Desktop,Barranquilla,6,5,No
TXN-0002645,2024-09-29,27127,Hogar,167396,Tarjeta crédito,App móvil,Android,Cúcuta,7,5,No
TXN-0003671,2024-02-08,15569,Mascotas,118269,Billetera digital,App móvil,iOS,Bogotá,7,5,No
TXN-0005668,2024-03-07,15376,Juguetes,16250,Tarjeta crédito,Sitio web,iOS,Bogotá,3,5,No
TXN-0006540,2023-07-05,52949,Electrónica,655902,Tarjeta crédito,App móvil,Desktop,Cali,5,5,Sí
TXN-0001143,2024-01-03,46281,Hogar,244200,Tarjeta crédito,Sitio web,iOS,Medellín,3,5,No
TXN-0007128,2024-08-14,18062,Juguetes,129304,Billetera digital,App móvil,iOS,Bogotá,7,5,Sí
TXN-IMPUTADO-0019,2023-11-08,33595,Moda,169818,Tarjeta crédito,Sitio web,Desktop,Medellín,1,5,No
TXN-0003774,2024-11-07,21916,Moda,86770,Tarjeta crédito,App móvil,Android,Cali,8,5,No
TXN-0001768,2023-12-01,15925,Hogar,209973,Tarjeta débito,App móvil,Android,Cali,6,5,No
TXN-0000291,2022-08-15,34347,Tecnología,795942,Tarjeta crédito,App móvil,Android,Bogotá,3,5,No
TXN-0005947,2022-08-03,22859,Moda,111527,Billetera digital,App móvil,Android,Medellín,4,5,No
TXN-0000293,2024-11-07,29967,Hogar,204574,Billetera digital,App móvil,Android,Medellín,5,5,No
TXN-0000536,2023-04-08,55674,Moda,230855,PSE,App móvil,Android,Bogotá,3,5,No
TXN-0004637,2024-02-09,42239,Electrónica,947695,Tarjeta crédito,App móvil,Desconocido,Barranquilla,4,5,No
TXN-0002458,2022-07-09,50938,Moda,99267,Tarjeta débito,App móvil,Android,Bogotá,6,5,No
TXN-0006184,2024-05-25,40973,Juguetes,97611,Tarjeta crédito,Sitio web,Desktop,Bucaramanga,4,5,No
TXN-0002518,2022-09-05,29749,Electrónica,525200,Tarjeta crédito,Sitio web,iOS,Bucaramanga,4,5,No
TXN-0006484,2022-06-06,50935,Belleza,77823,Tarjeta crédito,App móvil,Android,Bogotá,1,5,No
TXN-0005530,2024-01-15,59812,Electrónica,630094,Tarjeta crédito,App móvil,Desktop,Medellín,4,5,No
TXN-0007619,2023-05-12,-1,Moda,147570,Tarjeta débito,Sitio web,Android,Barranquilla,1,5,No
TXN-0006118,2023-11-23,10476,Moda,164715,Tarjeta crédito,App móvil,iOS,Bogotá,2,5,No
TXN-0000570,2023-06-28,45877,Moda,136302,Tarjeta crédito,App móvil,Android,Cartagena,5,5,No
TXN-0003164,,53087,Libros,49089,Tarjeta débito,App móvil,Android,Bucaramanga,4,5,No
TXN-0001000,2023-10-23,36874,Alimentos,46145,PSE,Sitio web,Desktop,Cali,7,5,No
TXN-0003958,2022-10-30,18891,Alimentos,54212,Tarjeta crédito,App móvil,Android,Cartagena,3,5,No
TXN-0006700,2023-09-04,-1,Hogar,168241,Tarjeta débito,App móvil,iOS,Cali,3,5,No
TXN-0006276,2024-12-24,10231,Mascotas,41198,Billetera digital,Sitio web,iOS,Cali,3,5,No
TXN-0003951,2023-11-19,16810,Juguetes,118599,Tarjeta débito,App móvil,Desconocido,Bogotá,6,5,No
TXN-0003682,2024-10-06,22457,Tecnología,1086600,PSE,App móvil,Desktop,Barranquilla,3,5,No
TXN-0005164,2022-12-20,18236,Juguetes,98299,Billetera digital,App móvil,Android,Cali,6,5,No
TXN-0005192,2023-09-15,13938,Electrónica,1053378,Contraentrega,Sitio web,Android,Cali,3,5,No
TXN-0006605,2024-07-03,53973,Electrónica,709645,Tarjeta crédito,App móvil,iOS,Ibagué,7,5,No
TXN-0007617,2023-01-06,-1,Belleza,90454,Contraentrega,App móvil,Desktop,Pereira,3,5,No
TXN-IMPUTADO-0020,2023-09-22,37613,Hogar,90912,Tarjeta crédito,App móvil,iOS,Pereira,3,5,Sí
TXN-0005190,2023-04-12,41079,Moda,142127,Contraentrega,App móvil,Android,Medellín,4,5,No
TXN-0003310,2022-11-27,17411,Moda,5000,Contraentrega,App móvil,iOS,Pereira,4,5,No
TXN-0001967,,-1,Belleza,110373,PSE,App móvil,Android,Barranquilla,4,5,No
TXN-IMPUTADO-0021,2023-05-04,49835,Libros,55236,Contraentrega,Sitio web,Android,Bogotá,2,5,No
TXN-0007386,2024-11-06,56340,Belleza,65510,Billetera digital,App móvil,Android,Cali,6,5,No
TXN-0007767,2024-07-05,12291,Belleza,129407,Tarjeta crédito,App móvil,Desktop,Medellín,4,5,No
TXN-0001568,2023-10-17,36001,Hogar,156473,Billetera digital,App móvil,Android,Cúcuta,4,5,No
TXN-0005654,2022-03-03,11467,Electrónica,577744,Contraentrega,Sitio web,Android,Medellín,7,5,No
TXN-0005569,,56019,Moda,169606,Tarjeta crédito,App móvil,iOS,Ibagué,5,5,No
TXN-0006037,2024-03-25,31364,Belleza,111200,Contraentrega,Sitio web,Android,Cali,6,5,Sí
TXN-0006377,2023-06-16,41973,Belleza,82790,Contraentrega,App móvil,Desconocido,Bogotá,3,5,No
TXN-0004177,2024-09-05,19483,Juguetes,56539,Tarjeta débito,App móvil,Desktop,Bogotá,5,5,No
TXN-0000214,2023-09-13,40121,Alimentos,37565,Contraentrega,App móvil,iOS,Cartagena,5,5,No
TXN-0005056,2023-01-12,19308,Tecnología,1042192,Tarjeta crédito,App móvil,iOS,Pereira,7,5,No
TXN-0002242,2024-10-20,38761,Belleza,139755,PSE,Sitio web,Android,Manizales,3,5,No
TXN-0001372,2024-11-28,35308,Moda,94149,Contraentrega,App móvil,Desktop,Bucaramanga,9,5,No
TXN-0000468,2024-11-02,57674,Electrónica,343741,PSE,App móvil,Desktop,Bogotá,6,5,No
TXN-0001329,2024-01-26,34268,Juguetes,178034,Tarjeta débito,App móvil,iOS,Cali,4,5,No
TXN-0002869,2022-10-19,44701,Moda,155215,Billetera digital,App móvil,iOS,Bogotá,4,5,No
TXN-0004765,2024-11-21,10914,Hogar,186707,PSE,Sitio web,iOS,Cali,3,5,No
TXN-0005039,2022-01-12,15993,Alimentos,34620,PSE,App móvil,Android,Bogotá,8,4,No
TXN-0000350,2023-11-26,11832,Tecnología,735228,Tarjeta débito,Sitio web,Android,Cali,2,5,No
TXN-0003895,2022-05-29,30240,Moda,115557,Tarjeta crédito,App móvil,Android,Cali,5,5,No
TXN-0003675,2024-11-09,34161,Electrónica,943128,PSE,Sitio web,Android,Pereira,6,5,No
TXN-0006941,2023-08-19,14082,Juguetes,125593,Tarjeta crédito,Sitio web,iOS,Bogotá,4,5,No
TXN-0002117,2023-12-03,59376,Alimentos,41258,PSE,App móvil,Android,Cartagena,3,5,No
TXN-0002378,2022-10-31,32753,Moda,118399,PSE,App móvil,Android,Manizales,5,5,No
TXN-0002689,2022-07-31,39641,Juguetes,83583,PSE,Sitio web,iOS,Bogotá,3,5,No
TXN-0005717,2022-11-21,19999,Moda,65744,PSE,App móvil,Desktop,Cartagena,3,5,No
TXN-0004087,2022-01-14,55334,Deportes,76658,Contraentrega,App móvil,Android,Bogotá,2,5,No
TXN-0005486,2022-03-19,29846,Moda,101703,Contraentrega,App móvil,Android,Bucaramanga,4,5,No
TXN-0002148,2024-08-10,17327,Deportes,138063,Tarjeta crédito,Sitio web,iOS,Barranquilla,6,5,No
TXN-0002376,2023-03-09,51042,Juguetes,18077,Tarjeta crédito,Sitio web,Android,Bogotá,5,5,Sí
TXN-0006742,2024-06-22,11666,Hogar,216128,Contraentrega,Sitio web,Android,Medellín,5,5,No
TXN-0004937,2023-02-11,41803,Moda,142978,Tarjeta débito,App móvil,Android,Bogotá,4,5,No
TXN-0000455,2022-11-15,27879,Electrónica,686975,Tarjeta crédito,Sitio web,Desktop,Cali,6,5,No
TXN-0000332,2024-12-16,44161,Juguetes,34128,Tarjeta crédito,Sitio web,iOS,Cartagena,2,5,No
TXN-0007236,,-1,Hogar,273312,Tarjeta crédito,App móvil,Android,Cali,2,5,No
TXN-0001410,2024-04-28,34100,Libros,43003,Tarjeta débito,App móvil,Desktop,Ibagué,4,5,No
TXN-0003888,2024-07-29,-1,Electrónica,1246410,Tarjeta crédito,App móvil,Desconocido,Bogotá,3,5,No
TXN-0002919,2023-08-16,11007,Belleza,37373,Billetera digital,Sitio web,Android,Medellín,3,5,No
TXN-0003635,2024-02-29,29943,Juguetes,100928,Tarjeta débito,Sitio web,Android,Bogotá,4,5,No
TXN-0007996,2022-05-11,48612,Tecnología,502704,Tarjeta débito,Sitio web,Android,Cartagena,6,5,No
TXN-0006768,2022-02-17,25616,Alimentos,14499,Tarjeta crédito,App móvil,Desktop,Ibagué,7,5,No
TXN-0001274,2023-02-03,34455,Deportes,166049,PSE,App móvil,Desktop,Medellín,4,5,No
TXN-0007793,2024-01-16,37066,Deportes,58192,Tarjeta crédito,App móvil,Desktop,Cali,5,5,No
TXN-0001898,2024-10-23,30232,Moda,73207,Tarjeta crédito,Sitio web,Android,Ibagué,5,5,No
TXN-0003668,2022-10-29,31951,Tecnología,960434,Contraentrega,Sitio web,Android,Manizales,4,5,No
TXN-0004183,2022-04-19,21078,Electrónica,740536,Tarjeta crédito,Sitio web,Desktop,Barranquilla,6,5,No
TXN-0002640,2024-01-21,38669,Alimentos,48444,Tarjeta crédito,Sitio web,Android,Barranquilla,5,5,No
TXN-0006297,2024-12-05,32256,Electrónica,665479,Billetera digital,App móvil,Android,Bogotá,7,5,No
TXN-0007921,2023-08-26,37948,Tecnología,1123012,Tarjeta crédito,Sitio web,Desktop,Bucaramanga,4,5,No
TXN-0007420,2022-06-16,47770,Juguetes,18129,PSE,App móvil,iOS,Barranquilla,2,5,No
TXN-0003820,,55535,Alimentos,93744,Contraentrega,App móvil,Android,Bucaramanga,5,5,No
TXN-0000018,2022-11-03,38058,Electrónica,1066972,Billetera digital,Sitio web,Android,Medellín,6,5,No
TXN-0001021,2022-12-08,21401,Moda,201534,Billetera digital,App móvil,Desconocido,Bucaramanga,2,5,No
TXN-0003233,2023-02-23,55027,Libros,55728,Tarjeta crédito,App móvil,Android,Ibagué,4,5,No
TXN-IMPUTADO-0022,2024-12-31,13994,Electrónica,839077,PSE,App móvil,Android,Ibagué,4,5,No
TXN-0007829,2024-12-19,29392,Electrónica,760030,Tarjeta débito,App móvil,Android,Bucaramanga,8,5,No
TXN-0003423,2022-01-17,56257,Electrónica,695048,Tarjeta crédito,App móvil,Android,Bucaramanga,3,5,No
TXN-0004228,2024-04-02,51198,Juguetes,76943,Billetera digital,App móvil,Android,Medellín,5,5,No
TXN-0004729,2022-04-23,59044,Moda,84698,Tarjeta débito,App móvil,iOS,Bogotá,3,5,No
TXN-0007801,2022-11-24,42070,Electrónica,518729,Contraentrega,App móvil,iOS,Cúcuta,2,5,No
TXN-0003980,2022-04-29,55365,Electrónica,537779,Tarjeta crédito,App móvil,Desktop,Bogotá,3,5,No
TXN-0002258,,39156,Hogar,206872,Tarjeta débito,App móvil,Android,Bogotá,3,5,No
TXN-0003280,2024-07-26,13990,Libros,66812,Tarjeta débito,Sitio web,iOS,Cali,1,5,No
TXN-0002392,2024-10-25,43792,Juguetes,129599,Billetera digital,Sitio web,iOS,Bogotá,5,5,No
TXN-IMPUTADO-0023,2024-11-30,18361,Hogar,213231,Contraentrega,App móvil,Desktop,Cali,6,5,No
TXN-0007826,2022-08-01,45625,Libros,87470,Billetera digital,Sitio web,Android,Bogotá,2,5,No
TXN-0006304,2024-10-31,47203,Electrónica,825575,Tarjeta débito,Sitio web,iOS,Medellín,6,5,No
TXN-0000530,2022-06-21,44093,Belleza,98958,Tarjeta débito,App móvil,Android,Cali,4,5,No
TXN-0000233,2023-05-11,32260,Moda,133199,Contraentrega,App móvil,iOS,Bogotá,3,5,No
TXN-0001298,2022-10-20,57713,Belleza,98075,Tarjeta crédito,Sitio web,iOS,Bogotá,6,5,No
TXN-0000206,2022-12-14,44497,Libros,81213,Billetera digital,App móvil,Android,Cali,6,5,No
TXN-IMPUTADO-0024,2022-04-02,34703,Mascotas,39186,Tarjeta crédito,Sitio web,Desconocido,Barranquilla,3,5,No
TXN-0001503,2023-09-19,37637,Alimentos,55361,Billetera digital,App móvil,Android,Bogotá,1,5,No
TXN-0001537,2024-11-18,40038,Deportes,139188,Contraentrega,Sitio web,Desktop,Cartagena,5,5,No
TXN-0004680,2023-10-23,13877,Hogar,175193,Tarjeta débito,Sitio web,Desconocido,Cartagena,1,5,No
TXN-0003129,2023-03-30,23545,Tecnología,1535799,Tarjeta crédito,Sitio web,Android,Cartagena,3,5,No
TXN-0001065,2024-08-04,29470,Hogar,225169,Tarjeta crédito,Sitio web,Android,Cali,2,5,No
TXN-0005752,2023-12-09,25917,Deportes,150834,Contraentrega,App móvil,iOS,Medellín,7,5,No
TXN-0000282,2024-09-06,53385,Tecnología,1231147,Billetera digital,Sitio web,Android,Bogotá,4,5,No
TXN-0007203,2023-12-15,33033,Libros,89631,Billetera digital,App móvil,Android,Bogotá,3,5,No
TXN-0006550,2022-07-06,19160,Hogar,203551,Contraentrega,App móvil,Desktop,Medellín,4,5,No
TXN-0003124,2024-10-15,37027,Alimentos,46175,Tarjeta crédito,App móvil,Desktop,Manizales,6,5,No
TXN-0005490,2024-10-10,29002,Hogar,155148,PSE,Sitio web,Desktop,Bogotá,4,5,No
TXN-0003712,2023-10-22,32592,Belleza,85360,Tarjeta crédito,App móvil,Android,Ibagué,4,5,No
TXN-0000088,2022-09-19,53170,Belleza,5000,Tarjeta crédito,App móvil,Android,Medellín,5,5,No
TXN-0000925,2023-01-25,39464,Electrónica,122901,PSE,App móvil,Android,Bogotá,2,5,No
TXN-0001497,2023-10-06,29492,Juguetes,96436,Tarjeta débito,App móvil,Desktop,Bogotá,3,5,No
TXN-0003141,2022-04-11,39342,Alimentos,68124,Tarjeta débito,App móvil,Desktop,Cartagena,3,5,No
TXN-0004566,2023-10-08,21892,Moda,161153,Tarjeta crédito,App móvil,iOS,Pereira,5,5,No
TXN-0004711,2023-10-04,51644,Moda,80718,Tarjeta débito,App móvil,Android,Bogotá,5,5,No
TXN-0004503,2024-07-20,18770,Deportes,33260,Tarjeta débito,Sitio web,Desktop,Cartagena,7,5,No
TXN-0007775,2024-03-02,34072,Moda,70069,Tarjeta crédito,Sitio web,Desktop,Manizales,4,5,No
TXN-0007209,2023-05-19,49689,Mascotas,69025,Tarjeta débito,App móvil,Android,Cúcuta,5,5,No
TXN-0005258,2022-05-10,10075,Deportes,182675,Tarjeta crédito,Sitio web,iOS,Cali,2,5,No
TXN-0003255,2024-01-15,18523,Alimentos,47176,Tarjeta crédito,App móvil,Android,Bucaramanga,2,5,No
TXN-0002842,2024-10-03,57040,Juguetes,121682,PSE,App móvil,iOS,Ibagué,4,5,Sí
TXN-0007934,2022-01-17,11789,Moda,69026,PSE,Sitio web,Android,Medellín,7,5,No
TXN-0006579,2022-04-09,33291,Moda,104482,Tarjeta débito,Sitio web,Android,Ibagué,5,5,No
TXN-0005179,2024-03-10,22140,Moda,65994,Contraentrega,App móvil,Android,Cartagena,6,5,No
TXN-0003585,2023-07-15,57075,Mascotas,38614,Tarjeta crédito,Sitio web,Android,Barranquilla,3,5,No
TXN-0002812,2022-07-10,32249,Moda,59240,Billetera digital,App móvil,Android,Barranquilla,4,5,No
TXN-0003401,2022-01-28,47465,Juguetes,84196,PSE,App móvil,Android,Cali,1,5,No
TXN-0002943,2022-07-07,14321,Electrónica,497330,PSE,App móvil,Android,Barranquilla,4,5,No
TXN-0001764,2024-05-10,45270,Moda,227731,Billetera digital,Sitio web,Android,Medellín,2,5,No
TXN-0004070,2022-10-02,21044,Electrónica,232439,Tarjeta crédito,App móvil,Android,Bogotá,4,5,No
TXN-0005194,2023-12-28,30602,Electrónica,429104,Billetera digital,Sitio web,Android,Cúcuta,4,5,No
TXN-0007487,2024-11-16,12486,Moda,93369,Tarjeta débito,Sitio web,iOS,Pereira,7,5,No
TXN-0005646,2022-08-21,25981,Moda,35095,Billetera digital,App móvil,iOS,Bogotá,5,5,No
TXN-0007521,2022-10-05,39528,Tecnología,760314,Contraentrega,Sitio web,iOS,Cali,3,5,No
TXN-0004930,2022-07-29,59978,Alimentos,80254,Tarjeta crédito,Sitio web,Desktop,Ibagué,3,5,No
TXN-0003768,2022-05-31,14251,Libros,97090,Tarjeta crédito,App móvil,iOS,Cali,6,5,No
TXN-0000545,2022-07-25,-1,Deportes,223813,Tarjeta crédito,App móvil,iOS,Cali,5,5,No
TXN-0004830,2024-12-31,38243,Belleza,117023,PSE,Sitio web,Android,Medellín,3,5,No
TXN-0004371,2022-03-30,42137,Juguetes,71511,PSE,App móvil,Android,Bogotá,7,5,No
TXN-0002999,2024-08-06,11870,Moda,64239,Tarjeta crédito,App móvil,Android,Bogotá,3,5,No
TXN-0004532,,-1,Electrónica,727489,Contraentrega,Sitio web,Android,Bogotá,3,5,No
TXN-0004544,2023-12-11,12462,Hogar,193965,PSE,App móvil,Android,Pereira,3,5,No
TXN-0007910,2024-04-07,54751,Mascotas,49472,Tarjeta crédito,Sitio web,Android,Cali,6,5,No
TXN-0002381,2024-10-17,19987,Belleza,105809,PSE,App móvil,Android,Cúcuta,1,5,No
TXN-0001296,,21474,Deportes,190311,Tarjeta crédito,App móvil,Android,Cúcuta,4,5,No
TXN-0007723,2024-03-21,43272,Tecnología,1077434,Tarjeta crédito,App móvil,iOS,Cali,4,5,No
TXN-0007540,2023-05-20,58321,Moda,177407,Tarjeta débito,Sitio web,Android,Bogotá,3,5,No
TXN-0007489,2022-04-25,27805,Belleza,71783,Tarjeta crédito,App móvil,Desconocido,Ibagué,7,5,No
TXN-0004727,2024-12-23,35739,Mascotas,28691,Tarjeta débito,App móvil,Android,Bogotá,2,5,No
TXN-0005415,2022-09-23,25949,Tecnología,1072978,Tarjeta crédito,Sitio web,Android,Bogotá,1,5,No
TXN-0005183,2023-08-29,19213,Electrónica,448698,Billetera digital,Sitio web,iOS,Bogotá,5,5,No
TXN-0002344,2023-09-25,49892,Mascotas,60937,Tarjeta crédito,Sitio web,Android,Medellín,9,4,No
TXN-0007522,2023-05-01,13320,Deportes,40529,Tarjeta crédito,App móvil,Desconocido,Pereira,3,5,No
TXN-0004501,2022-10-23,14621,Mascotas,77666,PSE,Sitio web,iOS,Bogotá,4,5,No
TXN-0002879,2022-03-16,15670,Alimentos,75415,PSE,App móvil,iOS,Cartagena,3,5,No
TXN-0007729,2022-08-04,52083,Libros,87778,PSE,App móvil,iOS,Cali,5,5,No
TXN-0007515,2022-10-21,53670,Electrónica,691096,Tarjeta crédito,App móvil,iOS,Bucaramanga,4,5,No
TXN-0005176,2022-11-05,21753,Juguetes,100051,PSE,Sitio web,iOS,Medellín,4,5,Sí
TXN-0002153,2024-08-18,23224,Tecnología,1799530,Tarjeta crédito,App móvil,Android,Manizales,5,5,No
TXN-0001188,2022-04-03,38269,Juguetes,134026,Tarjeta débito,Sitio web,iOS,Cúcuta,4,5,No
TXN-0002076,2023-11-08,41639,Deportes,63651,PSE,Sitio web,Android,Bogotá,6,5,No
TXN-0005150,2024-10-14,12998,Moda,181375,Contraentrega,App móvil,Android,Pereira,6,5,No
TXN-0006253,2022-02-14,41484,Juguetes,194332,Billetera digital,Sitio web,Android,Ibagué,2,5,No
TXN-0005678,2024-11-25,16288,Deportes,127925,Tarjeta crédito,Sitio web,Android,Bogotá,5,5,No
TXN-0004418,2023-03-14,39385,Belleza,16743,Tarjeta crédito,Sitio web,iOS,Medellín,4,5,No
TXN-0007933,,39666,Deportes,197935,PSE,App móvil,Android,Bogotá,5,5,No
TXN-0003427,2022-12-25,50284,Tecnología,346158,Tarjeta crédito,App móvil,Android,Manizales,5,5,No
TXN-0001264,2022-07-10,37518,Tecnología,1325109,Contraentrega,App móvil,iOS,Bogotá,2,5,No
TXN-0001166,2024-01-02,26709,Hogar,229323,Contraentrega,Sitio web,Desktop,Medellín,2,5,No
TXN-0003720,2024-12-07,52789,Mascotas,74020,PSE,App móvil,Android,Ibagué,2,5,No
TXN-0003521,2022-01-29,25715,Libros,61837,Contraentrega,Sitio web,Desktop,Cali,2,5,No
TXN-0007031,2023-12-18,30504,Moda,155188,PSE,Sitio web,iOS,Medellín,4,5,No
TXN-0002666,2023-08-05,34879,Deportes,242690,Tarjeta crédito,Sitio web,Android,Bogotá,5,5,No
TXN-0001530,2024-05-17,-1,Electrónica,153998,Tarjeta crédito,Sitio web,Desconocido,Bogotá,6,5,No
TXN-0004991,2023-08-13,55254,Mascotas,59014,Tarjeta crédito,App móvil,Desktop,Bucaramanga,7,5,No
TXN-0006173,2024-08-23,31860,Hogar,137863,Billetera digital,Sitio web,Android,Barranquilla,5,5,No
TXN-0004427,2022-09-18,41995,Electrónica,455301,PSE,App móvil,Desktop,Bogotá,6,5,No
TXN-0007499,2024-11-03,44565,Electrónica,412045,Tarjeta débito,App móvil,Desktop,Pereira,3,5,No
TXN-0007035,2024-04-24,30109,Deportes,66508,Tarjeta crédito,Sitio web,Android,Cali,7,5,No
TXN-0003358,2023-05-28,10667,Electrónica,532028,Tarjeta crédito,Sitio web,Android,Bogotá,3,5,No
TXN-0001066,2023-10-13,13281,Hogar,178070,Billetera digital,App móvil,Android,Bogotá,3,5,No
TXN-0003505,2022-03-11,-1,Moda,155456,Tarjeta crédito,App móvil,Android,Cali,6,5,No
TXN-0006472,2023-04-25,17988,Tecnología,603430,Tarjeta crédito,App móvil,Android,Pereira,5,5,No
TXN-0002217,2024-05-20,51966,Belleza,77665,Tarjeta débito,Sitio web,Android,Manizales,5,5,No
TXN-0001463,2022-12-11,55108,Hogar,171491,Tarjeta débito,App móvil,iOS,Cali,1,5,No
TXN-0001586,2024-04-02,44769,Tecnología,1579453,Contraentrega,App móvil,Android,Bogotá,2,5,No
TXN-0001971,2024-05-31,16433,Belleza,60103,Tarjeta crédito,Sitio web,iOS,Bucaramanga,5,5,No
TXN-0001620,2022-10-27,48947,Hogar,306178,Tarjeta crédito,Sitio web,iOS,Cartagena,3,5,No
TXN-0003855,2022-05-08,25016,Electrónica,356156,Tarjeta crédito,App móvil,iOS,Barranquilla,7,5,No
TXN-0006242,2022-10-02,19096,Electrónica,550547,Tarjeta débito,App móvil,iOS,Bogotá,5,5,No
TXN-0002200,2024-06-22,24249,Deportes,121498,Tarjeta crédito,App móvil,Android,Cartagena,5,5,No
TXN-0004607,2022-04-19,51294,Hogar,151564,Tarjeta débito,App móvil,Desktop,Manizales,3,5,No
TXN-0001682,2024-07-13,37465,Deportes,92753,Tarjeta débito,App móvil,Android,Bogotá,8,5,No
TXN-0002194,2023-10-02,46022,Belleza,66243,Tarjeta débito,Sitio web,Android,Medellín,3,5,No
TXN-0002044,2023-07-28,52656,Moda,77534,Tarjeta crédito,Sitio web,Android,Cartagena,7,5,No
TXN-0001675,,15668,Belleza,143167,Tarjeta débito,App móvil,Desktop,Bogotá,6,5,No
TXN-0003135,2024-06-18,43624,Belleza,33475,Tarjeta crédito,Sitio web,iOS,Medellín,5,5,No
TXN-0007134,2024-07-08,25237,Belleza,106920,Billetera digital,Sitio web,Android,Manizales,6,5,No
TXN-0003419,2023-02-23,45531,Moda,97519,Tarjeta crédito,App móvil,Android,Pereira,2,5,Sí
TXN-0006863,2023-02-04,11845,Electrónica,883924,Billetera digital,App móvil,Android,Bogotá,8,3,No
TXN-0002367,2024-03-21,31921,Deportes,136965,Tarjeta débito,App móvil,Desconocido,Bogotá,3,5,No
TXN-0006412,2024-12-03,47546,Moda,167110,Tarjeta crédito,App móvil,Desktop,Cali,4,5,No
TXN-0000750,2023-07-26,11775,Deportes,192834,Tarjeta débito,Sitio web,Android,Bogotá,3,5,No
TXN-IMPUTADO-0025,2024-07-14,14696,Hogar,191138,Contraentrega,App móvil,Android,Bucaramanga,6,5,No
TXN-0007914,2023-10-23,31607,Belleza,48449,Tarjeta crédito,App móvil,Android,Cartagena,5,5,No
TXN-0000546,2022-10-03,30609,Hogar,145453,Contraentrega,App móvil,Android,Cúcuta,4,5,No
TXN-0003275,2023-04-29,59929,Belleza,90128,Tarjeta crédito,Sitio web,Desktop,Bucaramanga,6,5,No
TXN-0003713,2024-01-04,14403,Belleza,57997,Tarjeta crédito,App móvil,Android,Barranquilla,2,5,Sí
TXN-0000126,2023-10-05,32229,Moda,54882,Contraentrega,App móvil,Android,Cali,3,5,No
TXN-0004921,2022-11-19,17404,Belleza,120275,Billetera digital,Sitio web,Android,Bogotá,6,5,No
TXN-0000697,,13961,Belleza,18121,Tarjeta débito,Sitio web,Android,Cúcuta,4,5,No
TXN-0007614,2022-02-22,27857,Electrónica,564695,PSE,Sitio web,Android,Bogotá,4,5,No
TXN-0001353,2022-06-21,14098,Moda,166785,Tarjeta crédito,Sitio web,Android,Cúcuta,4,5,No
TXN-0001114,2022-09-03,46787,Tecnología,698314,Tarjeta crédito,Sitio web,iOS,Cali,7,5,No
TXN-0004879,2024-06-03,31834,Electrónica,854656,Tarjeta crédito,App móvil,Android,Bogotá,5,5,No
TXN-IMPUTADO-0026,2022-02-10,37422,Moda,98970,Tarjeta crédito,App móvil,Android,Barranquilla,3,5,No
TXN-0002765,2024-07-21,-1,Moda,121658,Tarjeta crédito,App móvil,Android,Cartagena,3,5,No
TXN-0000246,2023-08-03,19888,Deportes,54204,Tarjeta crédito,Sitio web,iOS,Cali,8,3,No
TXN-0006848,2022-02-19,20829,Moda,157270,Tarjeta débito,App móvil,Desktop,Barranquilla,4,5,No
TXN-0006575,2023-03-06,45326,Deportes,159587,Tarjeta crédito,App móvil,Desktop,Barranquilla,3,5,No
TXN-0007936,2023-06-14,27705,Alimentos,41390,Billetera digital,Sitio web,Android,Cartagena,3,5,No
TXN-0002203,2022-07-06,22858,Moda,133892,Tarjeta crédito,Sitio web,Android,Pereira,6,5,No
TXN-0003253,2023-06-22,39636,Electrónica,717386,Tarjeta débito,Sitio web,iOS,Pereira,4,5,No
TXN-IMPUTADO-0027,2024-11-08,14520,Moda,181623,Tarjeta crédito,Sitio web,Desktop,Bogotá,6,5,No
TXN-0000093,2023-01-08,46642,Electrónica,640879,Tarjeta crédito,App móvil,Desconocido,Bogotá,3,5,No
TXN-0004762,2023-06-20,13363,Tecnología,1111617,Tarjeta crédito,App móvil,Desktop,Cali,3,5,No
TXN-0001136,2022-07-02,53797,Deportes,87668,Tarjeta crédito,Sitio web,Android,Bogotá,8,3,No
TXN-0004772,2023-03-09,58021,Moda,64851,Tarjeta débito,App móvil,Android,Bogotá,3,5,No
TXN-0006552,2024-04-23,42219,Tecnología,1170072,Tarjeta débito,Sitio web,iOS,Bogotá,3,5,No
TXN-0004231,2023-12-31,26425,Hogar,195787,Billetera digital,App móvil,Android,Ibagué,6,5,No
TXN-0002166,2023-06-26,-1,Moda,88567,Tarjeta débito,App móvil,Android,Cartagena,2,5,No
TXN-0000575,2022-02-05,36775,Belleza,68396,Contraentrega,Sitio web,iOS,Barranquilla,4,5,No
TXN-0003278,2022-02-23,29152,Hogar,225438,Tarjeta crédito,Sitio web,Android,Barranquilla,6,5,No
TXN-0000967,2024-04-20,31581,Hogar,51411,Tarjeta débito,App móvil,iOS,Cali,2,5,No
TXN-0001128,2024-11-21,47766,Electrónica,704964,Contraentrega,Sitio web,iOS,Bogotá,2,5,No
TXN-0002699,2024-03-05,24343,Moda,123113,Contraentrega,App móvil,iOS,Bogotá,5,5,No
TXN-0001076,2023-08-15,30607,Belleza,109116,Contraentrega,Sitio web,Android,Cartagena,4,5,No
TXN-0004118,2023-06-09,20246,Moda,23862,Tarjeta crédito,App móvil,Desconocido,Bogotá,5,5,No
TXN-0005452,2024-08-06,21085,Electrónica,219577,Contraentrega,App móvil,Android,Medellín,2,5,No
TXN-0002960,2022-05-13,15994,Electrónica,822446,Billetera digital,Sitio web,iOS,Cali,1,5,No
TXN-0008000,2023-01-26,35584,Tecnología,199660,Contraentrega,Sitio web,Android,Bogotá,6,5,No
TXN-0005296,2024-12-26,22153,Electrónica,682802,Tarjeta crédito,Sitio web,Android,Bogotá,7,5,No
TXN-0001565,2024-10-01,49397,Alimentos,65052,Contraentrega,App móvil,Android,Cali,4,5,No
TXN-0000232,2024-02-06,37920,Tecnología,956207,PSE,Sitio web,Android,Bucaramanga,8,5,No
TXN-0005464,2022-12-06,43375,Belleza,34150,Tarjeta crédito,App móvil,Android,Cúcuta,6,5,Sí
TXN-0004431,2024-05-24,56263,Tecnología,954494,Tarjeta débito,Sitio web,iOS,Medellín,5,5,Sí
TXN-0002048,2022-04-07,32977,Juguetes,34220,Tarjeta crédito,Sitio web,Android,Bogotá,1,5,No
TXN-0002544,2023-12-23,57883,Hogar,109427,Billetera digital,App móvil,Android,Bogotá,4,5,No
TXN-0005861,2024-11-10,15888,Moda,141189,PSE,App móvil,iOS,Medellín,5,5,No
TXN-0007011,2022-11-04,58781,Deportes,222307,Tarjeta crédito,App móvil,Desconocido,Barranquilla,6,5,No
TXN-0003390,2022-05-06,18276,Moda,92034,PSE,App móvil,iOS,Pereira,5,5,No
TXN-0001271,2024-01-04,27306,Juguetes,154502,Tarjeta débito,Sitio web,Android,Bogotá,6,5,No
TXN-0006961,2022-08-06,28679,Deportes,206037,Tarjeta crédito,Sitio web,Android,Bogotá,1,5,No
TXN-0004829,2024-09-13,39198,Hogar,199974,Contraentrega,App móvil,Android,Cali,7,5,No
TXN-0002657,2022-09-14,57239,Moda,175835,Tarjeta débito,App móvil,Android,Bogotá,3,5,No
TXN-IMPUTADO-0028,2023-06-05,30994,Electrónica,897302,Billetera digital,App móvil,iOS,Bogotá,1,5,No
TXN-0002913,2022-06-17,48330,Moda,154392,PSE,Sitio web,Android,Bogotá,8,4,No
TXN-0006356,2022-05-26,53298,Electrónica,1111685,Tarjeta débito,Sitio web,Android,Bucaramanga,4,5,No
TXN-0006281,2022-11-28,20922,Mascotas,78414,Tarjeta crédito,Sitio web,iOS,Manizales,2,5,No
TXN-0002871,,50381,Deportes,210156,Tarjeta crédito,Sitio web,Android,Cali,6,5,No
TXN-0001943,2023-06-28,46451,Belleza,72078,Tarjeta crédito,App móvil,Desktop,Barranquilla,4,5,No
TXN-0005209,2024-08-09,37649,Electrónica,817853,Contraentrega,Sitio web,Android,Bogotá,7,5,No
TXN-0006652,2023-03-24,44447,Electrónica,539307,Tarjeta crédito,App móvil,iOS,Bucaramanga,5,5,No
TXN-0002814,2022-11-18,-1,Belleza,79112,Contraentrega,App móvil,Android,Manizales,8,5,No
TXN-0001471,2024-05-02,22353,Mascotas,98702,Tarjeta débito,App móvil,iOS,Cali,4,5,No
TXN-0006746,2024-01-01,23070,Hogar,151563,Contraentrega,Sitio web,Desktop,Medellín,4,5,No
TXN-IMPUTADO-0029,2023-08-23,51050,Moda,155058,Tarjeta débito,App móvil,Android,Cúcuta,6,5,No
TXN-0001903,2022-05-13,32805,Mascotas,91696,PSE,Sitio web,Android,Bogotá,2,5,No
TXN-0001802,2024-03-31,50659,Alimentos,57090,Contraentrega,App móvil,iOS,Bogotá,5,5,No
TXN-0006341,2023-09-08,42800,Electrónica,105138,Tarjeta crédito,App móvil,Android,Medellín,4,5,No
TXN-0003507,2024-01-06,59294,Electrónica,964967,Tarjeta crédito,App móvil,Android,Bogotá,7,5,No
TXN-0005128,2022-06-29,52013,Moda,159048,Tarjeta crédito,App móvil,Android,Bucaramanga,2,5,No
TXN-0003511,2022-04-18,17359,Deportes,122440,Tarjeta crédito,Sitio web,iOS,Cali,6,5,No
TXN-0007807,2023-02-04,17515,Moda,88793,Tarjeta débito,App móvil,Desktop,Bogotá,5,5,No
TXN-0006363,2022-10-20,26172,Moda,136934,Tarjeta crédito,App móvil,iOS,Cali,4,5,No
TXN-0005447,2022-02-21,19333,Belleza,77998,Tarjeta crédito,Sitio web,Android,Cali,3,5,No
TXN-0000044,2024-03-18,51841,Deportes,202153,Contraentrega,App móvil,Android,Bogotá,4,5,No
TXN-0000158,2024-05-26,51358,Moda,107211,Tarjeta débito,App móvil,iOS,Pereira,4,5,No
TXN-0004988,2023-02-25,26546,Belleza,25642,Tarjeta débito,App móvil,Desktop,Bucaramanga,4,5,No
TXN-0002684,2023-01-05,22155,Belleza,151910,PSE,Sitio web,Desktop,Cartagena,3,5,No
TXN-0005972,2023-02-15,36183,Belleza,101123,Tarjeta débito,Sitio web,Android,Bogotá,2,5,No
TXN-0003113,2024-11-24,28770,Electrónica,688494,Tarjeta crédito,App móvil,Android,Cali,7,5,No
TXN-0000969,2022-12-28,37263,Electrónica,261504,Tarjeta crédito,App móvil,Android,Bucaramanga,2,5,No
TXN-0003961,2022-05-27,40209,Tecnología,785307,PSE,Sitio web,Android,Cali,2,5,No
TXN-0006824,2022-09-24,32453,Belleza,93872,Tarjeta débito,App móvil,Desktop,Bogotá,4,5,No
TXN-0004761,2024-04-26,55083,Electrónica,476312,PSE,App móvil,Desktop,Bogotá,8,4,No
TXN-0002865,2023-06-13,25149,Belleza,22511,Tarjeta débito,App móvil,Android,Pereira,2,5,No
TXN-0001037,2022-10-27,29958,Belleza,103207,Tarjeta crédito,App móvil,Desktop,Bogotá,4,5,No
TXN-0001442,2022-07-16,46276,Alimentos,53450,Tarjeta crédito,App móvil,Android,Cúcuta,3,5,No
TXN-0005073,2024-12-03,16515,Electrónica,1015054,Tarjeta crédito,App móvil,iOS,Cali,4,5,No
TXN-0005949,2023-05-25,52786,Alimentos,5000,Tarjeta débito,App móvil,Android,Bogotá,3,5,No
TXN-0001055,2023-10-09,11304,Tecnología,1211728,Tarjeta crédito,App móvil,Desktop,Manizales,4,5,No
TXN-0005292,2024-01-28,51593,Hogar,70769,Tarjeta crédito,App móvil,Android,Bogotá,8,3,No
TXN-0001833,2022-10-25,19732,Deportes,217093,Tarjeta débito,App móvil,Android,Cali,4,5,Sí
TXN-0000551,2022-01-10,15974,Moda,105948,Contraentrega,App móvil,Desktop,Bogotá,7,5,No
TXN-0003512,2024-06-07,59921,Electrónica,503028,Tarjeta débito,Sitio web,Desktop,Cartagena,1,5,No
TXN-0001125,2023-01-18,13036,Hogar,64575,Contraentrega,App móvil,Android,Pereira,5,5,No
TXN-0007475,2023-10-28,41365,Libros,53648,Billetera digital,App móvil,Android,Pereira,1,5,No
TXN-0005683,2023-05-29,41815,Mascotas,61179,Tarjeta crédito,Sitio web,Desktop,Bucaramanga,2,5,No
TXN-0002486,2023-06-27,47351,Electrónica,166062,PSE,Sitio web,Android,Cartagena,3,5,No
TXN-0007143,2022-08-02,34600,Moda,64701,Tarjeta débito,Sitio web,Android,Bucaramanga,6,5,No
TXN-0003161,2024-02-13,46628,Electrónica,834184,PSE,App móvil,Android,Bucaramanga,5,5,No
TXN-0002274,2024-07-07,39259,Electrónica,702494,Tarjeta crédito,App móvil,Android,Cali,3,5,No
TXN-IMPUTADO-0030,2023-10-17,15497,Moda,170090,Contraentrega,App móvil,Android,Bogotá,3,5,No
TXN-0005737,2022-05-18,55990,Tecnología,1158123,PSE,Sitio web,Android,Bucaramanga,1,5,No
TXN-0002246,2023-03-02,59604,Deportes,215459,Tarjeta débito,App móvil,iOS,Barranquilla,4,5,No
TXN-0007315,2024-03-14,11750,Alimentos,31783,Tarjeta crédito,Sitio web,Desconocido,Bogotá,8,4,No
TXN-0006888,2024-06-16,48751,Juguetes,82853,Billetera digital,Sitio web,Android,Cali,4,5,No
TXN-0004545,2023-06-07,29984,Alimentos,37997,Contraentrega,Sitio web,Android,Medellín,6,5,No
TXN-0004752,2022-02-10,41933,Deportes,207570,Tarjeta crédito,App móvil,Desktop,Bucaramanga,4,5,Sí
TXN-0004329,2022-05-17,12617,Belleza,94683,Tarjeta crédito,Sitio web,iOS,Cali,4,5,No
TXN-0005600,2023-03-19,43003,Alimentos,71741,Tarjeta crédito,App móvil,iOS,Cali,6,5,No
TXN-0007678,2024-01-07,54391,Mascotas,55009,PSE,App móvil,Android,Pereira,2,5,No
TXN-0007481,2024-05-06,53741,Hogar,250217,Tarjeta débito,App móvil,iOS,Bogotá,3,5,No
TXN-0002580,2023-01-07,31555,Tecnología,1116954,Tarjeta débito,App móvil,iOS,Bogotá,2,5,No
TXN-0000813,2024-10-21,49304,Tecnología,1184113,Billetera digital,App móvil,Android,Cúcuta,4,5,Sí
TXN-0006254,2024-06-04,30959,Mascotas,57832,Tarjeta crédito,App móvil,Android,Bogotá,4,5,No
TXN-0002503,2022-06-17,28198,Deportes,68556,PSE,App móvil,Android,Bogotá,5,5,No
TXN-0002332,2024-10-12,47283,Hogar,135387,Tarjeta débito,App móvil,Android,Cali,8,5,No
TXN-0003564,2022-05-23,33929,Libros,36444,Tarjeta débito,Sitio web,iOS,Manizales,5,5,No
TXN-0004557,2024-10-09,47468,Deportes,80923,Tarjeta crédito,Sitio web,Android,Pereira,3,5,No
TXN-0007637,2022-07-14,52454,Alimentos,28505,Contraentrega,App móvil,Android,Barranquilla,5,5,No
TXN-0002097,2023-05-01,56369,Electrónica,773937,Tarjeta crédito,Sitio web,Android,Pereira,7,5,No
TXN-0001784,2023-04-29,54909,Deportes,94173,PSE,App móvil,Desktop,Bogotá,6,5,No
TXN-0007051,2022-06-14,50904,Hogar,80115,PSE,App móvil,Android,Bogotá,7,5,No
TXN-0000446,2023-03-12,13810,Libros,86618,Tarjeta débito,Sitio web,Android,Bucaramanga,4,5,No
TXN-0004572,2022-02-12,31339,Hogar,63514,PSE,App móvil,iOS,Bogotá,7,5,No
TXN-0001929,2023-10-30,20572,Alimentos,78581,PSE,App móvil,Android,Medellín,3,5,No
TXN-0005280,2022-08-22,38101,Electrónica,593613,Tarjeta débito,App móvil,iOS,Medellín,4,5,No
TXN-0007526,2024-07-02,33505,Deportes,109245,Tarjeta crédito,App móvil,Desktop,Medellín,7,5,No
TXN-0003026,2022-05-17,12034,Alimentos,37515,Tarjeta crédito,App móvil,iOS,Cali,4,5,No
TXN-0005431,2024-11-29,18251,Electrónica,344048,Tarjeta débito,App móvil,Android,Medellín,7,5,No
TXN-IMPUTADO-0031,2022-01-12,39726,Alimentos,53830,Tarjeta crédito,Sitio web,Desconocido,Barranquilla,3,5,No
TXN-0002136,2022-12-29,20449,Juguetes,127366,Contraentrega,App móvil,Android,Cali,5,5,No
TXN-0002560,2024-11-05,20907,Electrónica,628394,Tarjeta crédito,App móvil,Android,Medellín,5,5,No
TXN-0006747,2024-11-04,17972,Juguetes,75686,Tarjeta crédito,App móvil,Android,Bucaramanga,5,5,No
TXN-0006907,2024-06-13,34954,Hogar,90561,Tarjeta débito,Sitio web,iOS,Medellín,8,4,No
TXN-0001389,2024-05-20,15691,Belleza,87752,Tarjeta débito,App móvil,Android,Cali,4,5,No
TXN-0002368,2022-05-13,52942,Alimentos,50692,PSE,Sitio web,Desktop,Barranquilla,3,5,No
TXN-0003563,2022-12-09,24396,Hogar,208663,Contraentrega,App móvil,Desktop,Bogotá,4,5,No
TXN-0005923,2023-10-02,18039,Electrónica,554698,Tarjeta crédito,Sitio web,Android,Bogotá,7,5,No
TXN-0005847,2024-02-18,-1,Hogar,98019,PSE,App móvil,iOS,Bogotá,4,5,Sí
TXN-0007061,2024-03-04,32009,Libros,77602,Tarjeta débito,App móvil,Desktop,Medellín,7,5,No
TXN-0005656,2022-04-25,51174,Libros,65522,Tarjeta débito,App móvil,Android,Bogotá,4,5,No
TXN-0004912,2023-02-26,16779,Mascotas,37818,PSE,Sitio web,Android,Barranquilla,5,5,No
TXN-0004832,2022-11-13,44353,Electrónica,950731,Tarjeta crédito,Sitio web,Android,Bogotá,5,5,No
TXN-0002984,2024-11-17,22407,Electrónica,812425,Tarjeta débito,App móvil,iOS,Medellín,5,5,No
TXN-0007279,2023-04-13,55751,Mascotas,90852,Tarjeta crédito,Sitio web,iOS,Bogotá,5,5,No
TXN-0005006,2022-12-17,42937,Electrónica,837710,PSE,App móvil,Desktop,Medellín,3,5,No
TXN-0005032,2023-11-13,55621,Electrónica,521046,PSE,Sitio web,Desconocido,Bogotá,2,5,No
TXN-0004618,2023-02-12,49495,Moda,118590,Tarjeta crédito,App móvil,Android,Cartagena,3,5,No
TXN-0006411,2024-09-02,-1,Belleza,96240,Tarjeta débito,Sitio web,Android,Bogotá,6,5,No
TXN-0003397,,27300,Moda,71056,Tarjeta débito,Sitio web,Android,Medellín,8,5,No
TXN-0005001,2024-08-01,35379,Hogar,226441,Tarjeta crédito,App móvil,Desktop,Barranquilla,8,3,No
TXN-0006031,2022-09-16,17740,Electrónica,716417,Tarjeta crédito,Sitio web,iOS,Barranquilla,6,5,No
TXN-0000958,2024-06-19,48643,Electrónica,534071,PSE,App móvil,Desconocido,Cali,4,5,No
TXN-0007941,2024-08-17,47092,Hogar,68255,Tarjeta crédito,Sitio web,Android,Barranquilla,4,5,No
TXN-0003598,2024-01-23,31194,Hogar,99114,PSE,App móvil,Android,Cúcuta,6,5,No
TXN-0003772,2023-01-17,50548,Deportes,86990,Tarjeta crédito,Sitio web,Android,Bogotá,5,5,Sí
TXN-0004690,2022-12-18,45254,Juguetes,126164,Tarjeta crédito,App móvil,Android,Cúcuta,7,5,No
TXN-0005477,2022-05-25,41620,Libros,22065,PSE,App móvil,iOS,Medellín,4,5,No
TXN-0000318,2022-12-06,26904,Electrónica,572216,Tarjeta débito,Sitio web,Android,Cali,3,5,No
TXN-0005149,2024-02-03,26006,Electrónica,655478,Tarjeta crédito,App móvil,Android,Cartagena,4,5,No
TXN-0001756,2022-07-17,22934,Tecnología,5000,Tarjeta crédito,Sitio web,iOS,Manizales,4,5,No
TXN-0006644,2024-01-01,27807,Belleza,95985,Tarjeta crédito,App móvil,Android,Medellín,4,5,Sí
TXN-0001163,2024-06-26,46475,Deportes,5000,Tarjeta débito,Sitio web,iOS,Cartagena,2,5,No
TXN-0002743,2024-11-17,15844,Electrónica,560269,Tarjeta débito,App móvil,Android,Medellín,6,5,No
TXN-0007223,2023-02-05,19815,Juguetes,119257,Tarjeta débito,Sitio web,Android,Pereira,7,5,No
TXN-0002307,2024-09-17,37448,Moda,88620,Tarjeta débito,App móvil,iOS,Bogotá,5,5,No
TXN-0005525,2022-07-07,13086,Hogar,149146,Tarjeta débito,Sitio web,Android,Bucaramanga,7,5,No
TXN-0001138,2023-09-09,44411,Electrónica,834967,Tarjeta crédito,App móvil,Android,Medellín,7,5,No
TXN-0002500,2022-03-02,11043,Electrónica,399078,Contraentrega,Sitio web,Android,Manizales,9,4,Sí
TXN-0001461,2022-04-01,17578,Mascotas,96929,Tarjeta débito,Sitio web,Desconocido,Cúcuta,2,5,No
TXN-0004757,2023-02-26,37238,Electrónica,720505,Tarjeta crédito,App móvil,iOS,Manizales,3,5,No
TXN-0001872,2024-05-25,46631,Deportes,280899,Billetera digital,App móvil,Android,Cúcuta,6,5,No
TXN-0006874,2023-01-31,18010,Libros,41491,Tarjeta débito,App móvil,Android,Cúcuta,2,5,No
TXN-0003007,2024-08-18,12494,Hogar,248087,PSE,Sitio web,Android,Bucaramanga,3,5,No
TXN-0005782,2024-06-01,34228,Hogar,5000,Contraentrega,Sitio web,iOS,Cali,4,5,No
TXN-0001564,2022-03-04,49558,Tecnología,1009449,Tarjeta débito,App móvil,Android,Cúcuta,3,5,No
TXN-0005673,2024-04-26,53305,Libros,54221,Tarjeta crédito,App móvil,Android,Cali,5,5,No
TXN-0003317,2022-01-30,19632,Libros,78433,Tarjeta crédito,App móvil,Android,Bogotá,1,5,No
TXN-0002734,2022-07-16,24995,Juguetes,128987,Tarjeta crédito,App móvil,Android,Medellín,6,5,No
TXN-0007847,2022-08-26,50443,Electrónica,916056,PSE,Sitio web,Android,Medellín,2,5,No
TXN-0003491,2024-07-03,44871,Belleza,129334,Billetera digital,App móvil,Android,Bogotá,5,5,No
TXN-0004261,2022-04-27,48604,Mascotas,84652,Billetera digital,App móvil,Desktop,Barranquilla,1,5,No
TXN-0004400,2022-09-26,13209,Alimentos,31657,Tarjeta crédito,App móvil,iOS,Medellín,3,5,No
TXN-0000514,2023-04-11,30721,Hogar,374410,PSE,App móvil,iOS,Barranquilla,1,5,No
TXN-0006353,2024-05-12,13158,Hogar,128103,Tarjeta débito,Sitio web,Android,Cali,2,5,No
TXN-0002388,2024-05-25,52791,Alimentos,46375,Contraentrega,App móvil,Desktop,Cartagena,6,5,No
TXN-0004250,,35344,Deportes,185244,Contraentrega,Sitio web,Android,Bogotá,8,5,No
TXN-0005858,2022-10-05,54972,Libros,85862,Billetera digital,App móvil,Android,Pereira,3,5,No
TXN-0007004,2023-10-12,11073,Belleza,67208,Tarjeta crédito,App móvil,iOS,Bogotá,2,5,No
TXN-0003908,2022-01-02,14640,Deportes,186926,Tarjeta débito,App móvil,Android,Bucaramanga,4,5,Sí
TXN-0005152,2023-06-09,38781,Electrónica,519738,Tarjeta débito,App móvil,iOS,Bogotá,6,5,No
TXN-0003433,2022-11-08,57610,Moda,164089,PSE,App móvil,Desktop,Bogotá,4,5,No
TXN-0004771,2023-11-16,22848,Deportes,109987,Contraentrega,App móvil,Android,Cúcuta,6,5,No
TXN-0004614,2023-09-29,56108,Moda,200016,Contraentrega,App móvil,Android,Medellín,2,5,No
TXN-0006428,2024-01-25,43832,Deportes,96356,Contraentrega,Sitio web,Android,Cali,3,5,No
TXN-0003073,2022-05-15,54581,Moda,59400,Billetera digital,Sitio web,iOS,Manizales,1,5,No
TXN-0003239,2022-12-16,31228,Moda,108520,Tarjeta débito,Sitio web,Desconocido,Medellín,3,5,No
TXN-0007184,2023-12-15,59240,Hogar,244354,Contraentrega,App móvil,iOS,Pereira,5,5,No
TXN-0003929,2022-07-28,11915,Moda,134999,Tarjeta crédito,App móvil,iOS,Barranquilla,4,5,No
TXN-0005272,2022-05-27,53555,Moda,158981,Tarjeta crédito,Sitio web,Android,Barranquilla,1,5,No
TXN-0000702,2022-01-25,23696,Libros,72901,Tarjeta crédito,App móvil,Desconocido,Bogotá,5,5,No
TXN-0007238,2024-06-11,16494,Deportes,143846,Tarjeta crédito,Sitio web,Android,Bogotá,4,5,No
TXN-0005876,2024-03-24,38256,Alimentos,47134,Tarjeta débito,Sitio web,Desconocido,Bucaramanga,4,5,No
TXN-0006743,,46590,Moda,173482,Tarjeta débito,App móvil,Android,Bogotá,6,5,No
TXN-0002402,2022-03-21,25008,Moda,138456,Billetera digital,App móvil,Android,Ibagué,6,5,No
TXN-0004165,2023-01-26,39327,Libros,41115,Tarjeta crédito,App móvil,iOS,Medellín,1,5,No
TXN-0005049,2024-07-02,43964,Mascotas,101854,Billetera digital,App móvil,Desktop,Barranquilla,5,5,No
TXN-0005502,2022-10-31,18324,Electrónica,642816,Tarjeta crédito,Sitio web,Desktop,Barranquilla,3,5,No
TXN-0000368,2022-07-10,33660,Deportes,70370,PSE,Sitio web,Android,Barranquilla,3,5,No
TXN-0004378,2024-04-20,28756,Mascotas,9465,Tarjeta débito,App móvil,Android,Cartagena,5,5,No
TXN-0007687,2022-12-06,43043,Juguetes,55519,Contraentrega,Sitio web,iOS,Pereira,5,5,Sí
TXN-0005572,2022-12-06,50320,Juguetes,113546,Tarjeta crédito,App móvil,Android,Pereira,4,5,No
TXN-0004024,2022-07-31,25190,Hogar,84251,Billetera digital,App móvil,Android,Pereira,3,5,No
TXN-0000024,2022-06-02,33745,Hogar,250888,Billetera digital,App móvil,Desconocido,Bogotá,8,5,No
TXN-0001689,2024-09-05,49760,Moda,104122,Tarjeta débito,App móvil,Desktop,Cartagena,6,5,No
TXN-0006291,2022-05-27,57694,Electrónica,707556,PSE,App móvil,Android,Cali,1,5,No
TXN-0007030,2022-06-03,51957,Tecnología,980649,Tarjeta débito,Sitio web,iOS,Medellín,5,5,No
TXN-0006739,2022-04-11,22214,Electrónica,549950,Tarjeta crédito,App móvil,iOS,Bucaramanga,5,5,No
TXN-0001687,2024-07-10,-1,Hogar,280829,Contraentrega,App móvil,Android,Barranquilla,2,5,No
TXN-0005442,2024-03-01,33378,Moda,189056,Tarjeta crédito,App móvil,Android,Cali,4,5,No
TXN-0003595,2022-08-19,52634,Moda,121280,Tarjeta crédito,App móvil,Android,Cali,1,5,No
TXN-0000270,2023-02-12,20455,Electrónica,209686,Billetera digital,App móvil,Android,Bogotá,6,5,No
TXN-0004662,2023-07-21,47063,Electrónica,212258,PSE,App móvil,Android,Barranquilla,1,5,No
TXN-0005256,2023-11-06,44269,Alimentos,5000,PSE,App móvil,Android,Bogotá,8,4,No
TXN-0002898,2024-08-08,12263,Belleza,135320,Tarjeta crédito,App móvil,Android,Bogotá,4,5,No
TXN-0000112,2023-04-29,12193,Tecnología,884512,Tarjeta crédito,Sitio web,Android,Cali,3,5,No
TXN-0003543,2024-05-01,34694,Belleza,84368,Tarjeta crédito,Sitio web,Android,Bogotá,3,5,No
TXN-0000772,2024-08-29,33037,Tecnología,802101,Tarjeta crédito,Sitio web,iOS,Bucaramanga,4,5,No
TXN-0004317,2024-04-23,35088,Moda,100122,Tarjeta crédito,Sitio web,iOS,Cali,2,5,No
TXN-0007286,2022-02-03,58028,Moda,150988,Tarjeta crédito,App móvil,Android,Cali,3,5,No
TXN-0007693,2022-06-28,53581,Electrónica,973285,Tarjeta débito,App móvil,Android,Manizales,4,5,No
TXN-0005476,2022-08-13,43704,Electrónica,627733,PSE,App móvil,Android,Ibagué,3,5,No
TXN-0007732,2022-03-05,39385,Hogar,189346,Tarjeta crédito,Sitio web,Android,Bogotá,3,5,No
TXN-0007547,2022-07-16,45497,Libros,66591,Tarjeta crédito,App móvil,Desktop,Bucaramanga,2,5,No
TXN-0001045,2024-09-27,58642,Alimentos,47239,Tarjeta débito,App móvil,Android,Bogotá,6,5,No
TXN-0000676,,10676,Belleza,80314,Contraentrega,Sitio web,Android,Bucaramanga,9,3,No
TXN-0002793,2023-04-11,16883,Moda,123357,Tarjeta crédito,App móvil,Android,Bogotá,3,5,No
TXN-0002037,2023-03-16,34029,Hogar,135253,Tarjeta débito,App móvil,iOS,Medellín,3,5,No
TXN-0005802,2024-11-29,33626,Hogar,250627,Contraentrega,Sitio web,Android,Medellín,3,5,No
TXN-0001913,2023-01-18,42238,Libros,94857,Billetera digital,App móvil,Desktop,Medellín,6,5,No
TXN-0005965,2024-02-05,58765,Hogar,212777,Contraentrega,Sitio web,Desktop,Pereira,2,5,No
TXN-0003152,2024-06-16,59068,Libros,56060,Billetera digital,Sitio web,iOS,Bogotá,3,5,No
TXN-0002373,2022-05-08,23760,Hogar,9405,Tarjeta crédito,App móvil,Android,Cartagena,5,5,No
TXN-0001090,2022-11-22,27602,Moda,146010,Tarjeta crédito,Sitio web,iOS,Barranquilla,5,5,No
TXN-0000809,2024-03-23,22022,Electrónica,292021,Tarjeta débito,Sitio web,Desktop,Bogotá,4,5,No
TXN-0006621,2024-12-27,17482,Alimentos,27910,Contraentrega,App móvil,Desktop,Bogotá,3,5,No
TXN-0000141,2022-11-01,51335,Hogar,201169,Contraentrega,App móvil,Android,Bogotá,6,5,No
TXN-0005003,2022-03-09,59641,Deportes,165335,Tarjeta crédito,App móvil,iOS,Medellín,4,5,No
TXN-0006736,2022-11-23,20989,Alimentos,55820,Tarjeta crédito,App móvil,Android,Cali,3,5,No
TXN-0005944,2022-04-16,11165,Moda,119481,PSE,Sitio web,Android,Bogotá,4,5,No
TXN-0000533,2023-10-10,-1,Tecnología,714043,Contraentrega,Sitio web,Desktop,Bogotá,6,5,No
TXN-0007473,2024-08-13,36302,Hogar,106553,Contraentrega,App móvil,Android,Ibagué,2,5,No
TXN-0006699,2023-08-08,-1,Deportes,167929,Tarjeta débito,Sitio web,Android,Barranquilla,4,5,No
TXN-0005068,2024-11-22,36984,Alimentos,37036,Tarjeta crédito,App móvil,iOS,Cartagena,4,5,No
TXN-0000895,2024-08-31,33180,Hogar,194980,Tarjeta crédito,App móvil,iOS,Cali,7,5,No
TXN-0000703,2023-12-22,19997,Moda,80378,Tarjeta crédito,Sitio web,Android,Cartagena,5,5,No
TXN-0000199,2022-04-22,-1,Hogar,318533,Billetera digital,Sitio web,Android,Barranquilla,5,5,No
TXN-0006348,2023-10-16,27765,Hogar,289652,Tarjeta crédito,App móvil,Desktop,Cúcuta,3,5,No
TXN-0002175,2022-04-28,46603,Moda,79212,PSE,App móvil,iOS,Medellín,5,5,No
TXN-0004856,2023-02-22,28882,Moda,203217,Tarjeta débito,App móvil,Desktop,Cali,5,5,No
TXN-0003171,2024-07-08,43887,Electrónica,1106012,Tarjeta crédito,App móvil,Android,Medellín,2,5,No
TXN-0002416,2023-05-06,28076,Tecnología,1009715,Tarjeta débito,Sitio web,Android,Barranquilla,7,5,No
TXN-0000329,2024-04-02,55512,Moda,104043,Tarjeta crédito,Sitio web,Android,Bogotá,3,5,No
TXN-0005233,2024-08-23,-1,Belleza,96122,Tarjeta débito,App móvil,Desconocido,Bogotá,6,5,No
TXN-0001464,2022-07-05,55778,Moda,165656,Billetera digital,App móvil,Android,Ibagué,2,5,No
TXN-0001755,2023-03-07,13827,Juguetes,114192,Tarjeta crédito,App móvil,Android,Medellín,4,5,No
TXN-0004855,2022-08-15,32787,Libros,27469,Tarjeta débito,Sitio web,Android,Cali,3,5,No
TXN-0002590,2023-07-08,-1,Electrónica,945923,Tarjeta crédito,App móvil,Android,Bogotá,5,5,No
TXN-0004536,2024-09-05,-1,Hogar,202982,PSE,App móvil,Desktop,Barranquilla,4,5,No
TXN-0007265,2024-04-27,13186,Deportes,162375,PSE,App móvil,Desktop,Pereira,1,5,No
TXN-0002965,2023-11-07,23904,Alimentos,46515,Tarjeta crédito,App móvil,Android,Barranquilla,4,5,No
TXN-0000487,2022-07-31,48988,Alimentos,75718,Billetera digital,Sitio web,Android,Cali,4,5,No
TXN-0004629,2022-09-21,32691,Libros,40028,Tarjeta crédito,Sitio web,Android,Bogotá,8,4,No
TXN-0005295,2023-01-06,25110,Electrónica,217177,Tarjeta crédito,App móvil,Android,Medellín,5,5,No
TXN-0004443,,49123,Moda,95986,Tarjeta crédito,Sitio web,iOS,Medellín,3,5,No
TXN-0003823,2024-06-08,57470,Moda,103227,Contraentrega,App móvil,iOS,Pereira,6,5,No
TXN-0007579,2022-03-18,39486,Moda,143017,Tarjeta crédito,App móvil,Android,Cartagena,4,5,No
TXN-0001835,2023-03-19,37794,Mascotas,72212,Tarjeta débito,Sitio web,Android,Cali,1,5,No
TXN-0006216,2022-03-09,43420,Tecnología,1104783,Tarjeta crédito,App móvil,Desktop,Cartagena,3,5,No
TXN-0001218,2024-12-11,31549,Deportes,202477,PSE,Sitio web,Android,Bogotá,4,5,No
TXN-0005877,2022-09-21,32719,Deportes,166869,Tarjeta crédito,Sitio web,Android,Bogotá,9,5,No
TXN-0004922,2022-02-15,45471,Libros,5000,Tarjeta débito,App móvil,Android,Bucaramanga,8,4,No
TXN-0006488,2023-12-05,19716,Deportes,104914,Contraentrega,App móvil,iOS,Manizales,4,5,No
TXN-0006112,2023-06-25,13071,Deportes,211552,Contraentrega,App móvil,Android,Cali,3,5,No
TXN-0004774,2024-07-26,39148,Electrónica,813397,Tarjeta crédito,Sitio web,Android,Medellín,2,5,No
TXN-0003190,2023-09-26,57416,Tecnología,914480,Tarjeta crédito,App móvil,Android,Bogotá,7,5,No
TXN-0000906,2024-04-12,21342,Electrónica,303450,PSE,App móvil,Desktop,Cali,3,5,No
TXN-0000106,2023-09-01,26435,Moda,93883,Contraentrega,App móvil,Android,Cartagena,4,5,No
TXN-0001983,2023-11-29,27663,Juguetes,51745,Tarjeta crédito,Sitio web,Android,Bucaramanga,4,5,No
TXN-0007741,2024-02-19,16450,Libros,29217,Contraentrega,App móvil,Android,Cúcuta,4,5,No
TXN-0002041,2022-09-24,49319,Libros,5000,Billetera digital,Sitio web,Desktop,Bogotá,5,5,No
TXN-0000145,2023-02-16,44618,Alimentos,37444,Tarjeta débito,Sitio web,Android,Pereira,5,5,No
TXN-0006618,2024-09-26,43706,Electrónica,742651,PSE,Sitio web,Android,Pereira,1,5,No
TXN-0000641,2024-09-28,10956,Moda,68594,Tarjeta débito,App móvil,iOS,Bogotá,5,5,No
TXN-0001671,2022-05-20,18025,Hogar,194124,Tarjeta crédito,App móvil,Desktop,Cali,5,5,No
TXN-0002986,2023-02-19,49441,Moda,125833,Billetera digital,Sitio web,iOS,Manizales,3,5,No
TXN-0004865,2024-09-29,14381,Belleza,138063,Tarjeta crédito,App móvil,iOS,Bogotá,8,4,No
TXN-0004002,2023-07-02,-1,Hogar,116714,Tarjeta crédito,App móvil,Android,Ibagué,2,5,No
TXN-0000782,2024-05-05,15332,Belleza,110871,PSE,App móvil,Android,Medellín,7,5,No
TXN-0001256,2024-05-16,41181,Deportes,92237,Tarjeta crédito,App móvil,Android,Bogotá,3,5,Sí
TXN-0001350,2022-09-07,42423,Electrónica,845104,Tarjeta crédito,App móvil,Android,Bogotá,7,5,No
TXN-0001736,2022-05-07,32455,Moda,116230,Contraentrega,Sitio web,Android,Bogotá,2,5,No
TXN-0002279,2023-10-01,25628,Moda,130978,Contraentrega,App móvil,Desktop,Cúcuta,4,5,No
TXN-0000304,2023-04-09,41467,Moda,147352,Tarjeta débito,Sitio web,Desktop,Bogotá,1,5,No
TXN-0003858,2023-03-03,17158,Belleza,79084,PSE,Sitio web,Desktop,Bogotá,3,5,No
TXN-0000994,2024-01-06,11827,Alimentos,55469,PSE,Sitio web,Android,Cali,5,5,No
TXN-0002840,2024-03-14,-1,Electrónica,326620,Tarjeta crédito,App móvil,iOS,Medellín,4,5,No
TXN-0003979,2024-02-20,41067,Moda,191630,Tarjeta crédito,Sitio web,Android,Medellín,7,5,No
TXN-0005559,2024-06-12,29098,Belleza,106248,PSE,App móvil,Android,Cali,6,5,No
TXN-0007272,2023-05-30,45145,Belleza,98662,Tarjeta crédito,App móvil,Android,Medellín,7,5,No
TXN-0000518,2022-05-09,20640,Moda,184579,Billetera digital,App móvil,Desktop,Cali,3,5,No
TXN-0000376,2024-11-17,40822,Hogar,171063,Tarjeta débito,Sitio web,Android,Cartagena,6,5,No
TXN-0003628,2023-03-16,-1,Electrónica,705088,Contraentrega,Sitio web,Android,Bucaramanga,4,5,No
TXN-0005887,2022-05-29,-1,Deportes,204318,PSE,Sitio web,Android,Medellín,5,5,No
TXN-0003484,2023-12-08,38498,Hogar,175799,PSE,App móvil,Android,Cúcuta,4,5,No
TXN-0003909,2023-02-28,56246,Libros,67737,PSE,App móvil,Android,Barranquilla,1,5,No
TXN-0003349,2024-05-08,29887,Tecnología,935830,Tarjeta crédito,App móvil,Android,Barranquilla,2,5,No
TXN-0000121,2024-02-01,13683,Belleza,63124,Tarjeta débito,App móvil,Android,Bogotá,1,5,No
TXN-0007957,2024-07-21,10163,Libros,53649,PSE,App móvil,Desktop,Pereira,5,5,No
TXN-0006988,2023-04-20,59295,Electrónica,707545,PSE,App móvil,Android,Bogotá,4,5,No
TXN-0007260,2023-06-19,18262,Hogar,71044,PSE,App móvil,iOS,Pereira,4,5,No
TXN-0002922,2024-02-13,50575,Moda,78060,Contraentrega,App móvil,Android,Bogotá,5,5,No
TXN-0005537,2023-10-09,40585,Tecnología,1324470,Tarjeta débito,App móvil,Android,Bogotá,9,3,No
TXN-0003812,2024-04-01,18693,Deportes,201190,Contraentrega,App móvil,Android,Barranquilla,9,5,No
TXN-IMPUTADO-0032,2022-01-11,14111,Juguetes,119488,Tarjeta débito,Sitio web,Android,Medellín,3,5,No
TXN-0001135,2023-08-05,26246,Deportes,82783,PSE,App móvil,iOS,Medellín,2,5,No
TXN-0006320,2023-01-29,17639,Electrónica,640954,Tarjeta crédito,App móvil,Desktop,Cartagena,4,5,No
TXN-0004124,2022-01-27,40931,Alimentos,46238,PSE,App móvil,iOS,Bucaramanga,4,5,No
TXN-0005409,,57960,Electrónica,650705,PSE,App móvil,Android,Ibagué,6,5,No
TXN-0004499,2023-10-19,47688,Mascotas,7766,Billetera digital,App móvil,Android,Cúcuta,2,5,No
TXN-0000578,2024-04-12,11376,Tecnología,945520,Tarjeta débito,Sitio web,iOS,Bogotá,2,5,No
TXN-0003094,2023-10-29,56418,Libros,73786,Tarjeta crédito,Sitio web,iOS,Bogotá,6,5,No
TXN-0001525,2023-01-08,18819,Electrónica,622145,Tarjeta crédito,App móvil,Android,Ibagué,4,5,No
TXN-0000178,2022-03-10,20845,Hogar,263275,PSE,Sitio web,Android,Medellín,7,5,No
TXN-0007777,2023-09-16,21861,Electrónica,1126962,PSE,App móvil,Android,Cartagena,2,5,No
TXN-0001421,2023-10-06,-1,Hogar,5000,Tarjeta crédito,App móvil,iOS,Bucaramanga,3,5,Sí
TXN-0002836,2024-12-25,13517,Libros,51929,Tarjeta crédito,App móvil,Android,Barranquilla,5,5,No
TXN-0001358,2022-09-21,37422,Moda,108860,Tarjeta crédito,Sitio web,Android,Bogotá,3,5,No
TXN-0006811,2023-02-18,34456,Deportes,104088,Tarjeta crédito,App móvil,Android,Barranquilla,2,5,No
TXN-0006594,2024-12-06,56876,Belleza,52375,Billetera digital,Sitio web,Android,Pereira,1,5,No
TXN-0000225,2023-04-03,49760,Hogar,185397,Tarjeta crédito,App móvil,Android,Bucaramanga,2,5,No
TXN-0003769,2024-02-25,56828,Electrónica,569069,Tarjeta crédito,Sitio web,iOS,Medellín,3,5,No
TXN-0007816,2024-10-25,48838,Belleza,75965,Tarjeta crédito,App móvil,iOS,Bogotá,7,5,No
TXN-0000716,2022-05-22,14457,Libros,13382,Contraentrega,Sitio web,Desktop,Bogotá,4,5,No
TXN-0005030,2024-05-31,12810,Tecnología,406109,Contraentrega,App móvil,Desconocido,Ibagué,4,5,No
TXN-0000351,2023-05-02,26458,Moda,136937,Tarjeta débito,App móvil,iOS,Barranquilla,4,5,No
TXN-0002953,2023-10-04,39117,Electrónica,406110,Tarjeta crédito,Sitio web,Android,Medellín,1,5,No
TXN-0002106,2022-09-21,29158,Juguetes,71096,Contraentrega,App móvil,Android,Medellín,6,5,No
TXN-0000576,2023-05-24,58085,Mascotas,36657,Tarjeta débito,App móvil,Android,Manizales,6,5,No
TXN-0001009,2022-04-09,45111,Moda,48535,PSE,App móvil,iOS,Cali,6,5,No
TXN-0004551,2022-12-22,46011,Juguetes,123138,PSE,App móvil,Desktop,Bogotá,2,5,No
TXN-0001177,2023-12-25,58617,Belleza,29907,PSE,App móvil,Android,Cartagena,6,5,No
TXN-0002488,2023-12-30,30877,Electrónica,593029,PSE,App móvil,iOS,Bogotá,5,5,No
TXN-0000511,2022-09-21,30794,Tecnología,1501260,Tarjeta crédito,App móvil,Android,Medellín,3,5,No
TXN-0003333,2022-12-21,45398,Tecnología,779074,Tarjeta débito,App móvil,Android,Barranquilla,4,5,No
TXN-0005048,2023-05-21,22465,Belleza,102862,Billetera digital,App móvil,Android,Bogotá,8,3,No
TXN-0005982,2024-10-10,14077,Deportes,137938,Tarjeta crédito,App móvil,Android,Manizales,1,5,No
TXN-0001656,2022-03-14,55206,Tecnología,264648,Contraentrega,App móvil,Android,Bogotá,6,5,No
TXN-0000945,2024-02-19,13217,Tecnología,1474808,Tarjeta crédito,App móvil,Desktop,Cali,5,5,No
TXN-0000762,,46375,Hogar,131445,PSE,App móvil,iOS,Cali,3,5,No
TXN-0004691,2024-10-30,12311,Deportes,201733,PSE,App móvil,Desktop,Bogotá,3,5,No
TXN-0003660,2023-04-09,30832,Hogar,95643,Contraentrega,App móvil,Android,Cali,6,5,No
TXN-0005333,2024-10-21,38301,Deportes,162656,PSE,App móvil,Desconocido,Bucaramanga,3,5,No
TXN-0003525,2023-01-24,38822,Tecnología,1608751,Tarjeta débito,App móvil,iOS,Bogotá,4,5,No
TXN-0006245,2024-06-28,59851,Juguetes,33724,PSE,App móvil,Android,Cali,5,5,No
TXN-0006183,2023-05-02,13321,Electrónica,324751,Tarjeta débito,App móvil,Android,Manizales,3,5,No
TXN-0000964,2024-11-16,36878,Juguetes,116310,Tarjeta crédito,App móvil,Android,Medellín,5,5,No
TXN-0005319,2022-12-15,14218,Hogar,182148,Contraentrega,App móvil,Android,Bogotá,5,5,No
TXN-0003692,2022-08-25,38827,Tecnología,1113554,Tarjeta crédito,Sitio web,Desktop,Bogotá,7,5,No
TXN-0006403,2022-04-05,22328,Hogar,31977,Billetera digital,App móvil,Android,Medellín,4,5,No
TXN-0003172,2024-12-19,23745,Libros,46524,Billetera digital,App móvil,iOS,Bogotá,4,5,No
TXN-0003706,2023-08-27,13496,Alimentos,25942,PSE,App móvil,Desktop,Medellín,4,5,No
TXN-0005294,,50248,Hogar,187917,Tarjeta crédito,App móvil,Android,Cali,4,5,No
TXN-0005227,2022-05-21,30270,Tecnología,1026571,Tarjeta débito,App móvil,Desktop,Medellín,3,5,No
TXN-0001507,2023-11-08,31583,Moda,65298,Tarjeta crédito,App móvil,Android,Bogotá,4,5,No
TXN-0001925,2022-06-23,28262,Alimentos,15363,Contraentrega,App móvil,iOS,Cali,7,5,No
TXN-0002085,2022-09-03,11622,Mascotas,58327,Contraentrega,App móvil,Android,Medellín,2,5,No
TXN-0006835,2023-11-27,51080,Hogar,175819,Contraentrega,App móvil,Desconocido,Manizales,5,5,No
TXN-0004883,2024-04-05,10500,Electrónica,423023,PSE,App móvil,Desktop,Medellín,9,5,No
TXN-0001074,2022-11-07,54340,Electrónica,736769,Billetera digital,Sitio web,iOS,Cúcuta,4,5,No
TXN-0007782,2024-04-01,52540,Belleza,129525,Tarjeta crédito,App móvil,Desktop,Ibagué,2,5,No
TXN-0003866,2022-07-26,52267,Hogar,151469,Tarjeta débito,Sitio web,Android,Pereira,2,5,No
TXN-0005069,,33587,Deportes,18581,PSE,App móvil,Desktop,Medellín,5,5,No
TXN-0005439,2024-09-26,49921,Belleza,107479,PSE,App móvil,Android,Bucaramanga,5,5,No
TXN-0006342,2024-02-01,37993,Moda,169200,PSE,App móvil,iOS,Medellín,6,5,No
TXN-0004595,2024-03-13,15465,Tecnología,1235005,Tarjeta débito,Sitio web,Desktop,Manizales,3,5,No
TXN-0007565,2022-02-16,25114,Hogar,114518,Contraentrega,App móvil,Android,Cali,6,5,No
TXN-0004120,2022-07-17,26140,Hogar,178646,Tarjeta crédito,Sitio web,Android,Cartagena,3,5,No
TXN-0006391,2023-03-22,17559,Tecnología,1576079,PSE,App móvil,iOS,Barranquilla,1,5,No
TXN-0007691,2024-03-21,12032,Belleza,68231,PSE,App móvil,iOS,Cali,4,5,No
TXN-0005500,2023-01-12,20537,Mascotas,21732,PSE,Sitio web,Android,Bogotá,2,5,No
TXN-0004413,2023-01-13,11720,Juguetes,68916,Contraentrega,App móvil,Android,Cali,1,5,No
TXN-0000643,2024-09-04,54672,Tecnología,685993,PSE,Sitio web,Android,Bogotá,3,5,No
TXN-0003914,2023-10-30,26700,Mascotas,35901,Billetera digital,Sitio web,Android,Cartagena,4,5,No
TXN-0007042,2023-07-10,19023,Mascotas,81336,Tarjeta crédito,Sitio web,Android,Bogotá,2,5,No
TXN-0004490,2024-11-09,39494,Alimentos,31129,Contraentrega,App móvil,iOS,Pereira,7,5,No
TXN-0000535,2024-08-15,25712,Alimentos,81347,Tarjeta débito,App móvil,Android,Medellín,3,5,No
TXN-0002014,2024-04-14,45056,Belleza,105339,Tarjeta crédito,Sitio web,Android,Bogotá,4,5,No
TXN-0005046,2024-04-05,39125,Electrónica,135347,Billetera digital,App móvil,Android,Pereira,1,5,No
TXN-0001425,2023-05-28,21330,Electrónica,761640,Tarjeta crédito,Sitio web,Android,Bogotá,4,5,No
TXN-0006719,2024-04-28,28317,Deportes,215273,Tarjeta crédito,App móvil,Android,Cali,6,5,No
TXN-0003334,2023-05-10,16295,Moda,50091,Tarjeta crédito,Sitio web,Android,Medellín,3,5,No
TXN-IMPUTADO-0033,2023-02-15,57206,Juguetes,80440,Tarjeta crédito,App móvil,Android,Bogotá,4,5,No
TXN-0004549,2024-10-05,20994,Hogar,21580,Tarjeta débito,Sitio web,Desktop,Bogotá,9,5,No
TXN-0006190,2024-02-14,22313,Electrónica,492341,Tarjeta débito,App móvil,Android,Medellín,5,5,No
TXN-0007445,2022-12-02,36775,Alimentos,46580,PSE,App móvil,iOS,Ibagué,3,5,No
TXN-0006720,2022-11-27,13733,Libros,66613,Tarjeta crédito,Sitio web,Android,Cali,3,5,No
TXN-0004341,2022-05-22,11770,Belleza,96584,PSE,Sitio web,Android,Barranquilla,9,4,No
TXN-IMPUTADO-0034,2024-01-17,25146,Deportes,93328,Tarjeta crédito,App móvil,Desktop,Pereira,3,5,No
TXN-0005144,2024-05-16,26381,Belleza,51155,Billetera digital,Sitio web,iOS,Bogotá,4,5,No
TXN-0005987,2022-03-25,16901,Belleza,56016,Tarjeta débito,Sitio web,Android,Bogotá,1,5,No
TXN-0005148,2024-10-24,41120,Belleza,90719,PSE,App móvil,Android,Cartagena,5,5,No
TXN-0005220,2023-05-21,38072,Deportes,130815,Tarjeta crédito,App móvil,Desktop,Bogotá,5,5,No
TXN-0004115,2022-06-30,21029,Deportes,101219,Tarjeta crédito,Sitio web,Android,Cúcuta,9,4,No
TXN-0000369,2022-03-03,33142,Mascotas,10805,Contraentrega,App móvil,Android,Bogotá,4,5,No
TXN-0007926,2023-04-21,24772,Belleza,139682,Tarjeta crédito,Sitio web,iOS,Bogotá,5,5,No
TXN-0002732,2024-12-22,27263,Electrónica,705195,Tarjeta crédito,Sitio web,Desconocido,Cali,6,5,No
TXN-0006270,2023-06-21,27480,Belleza,68724,Tarjeta crédito,Sitio web,Desktop,Bucaramanga,5,5,No
TXN-0001467,2023-09-25,10767,Mascotas,35280,Tarjeta crédito,Sitio web,Desktop,Bogotá,6,5,No
TXN-0001301,2024-06-25,-1,Alimentos,59428,Tarjeta débito,App móvil,Android,Cali,3,5,Sí
TXN-0001511,2022-11-04,44729,Libros,32064,Tarjeta crédito,App móvil,Desktop,Cali,3,5,No
TXN-0003149,2023-05-24,26962,Tecnología,771886,PSE,Sitio web,Android,Cartagena,4,5,No
TXN-0000058,2024-11-12,48725,Hogar,76727,Tarjeta crédito,App móvil,Desconocido,Bogotá,5,5,No
TXN-0000267,2022-10-27,16017,Electrónica,501365,Billetera digital,App móvil,Android,Bucaramanga,1,5,No
TXN-0005011,2022-04-15,-1,Moda,182279,Tarjeta crédito,App móvil,Android,Bucaramanga,3,5,No
TXN-0007383,2023-02-01,30951,Deportes,247307,PSE,Sitio web,Android,Manizales,3,5,No
TXN-0003046,2022-05-02,20055,Alimentos,70918,Tarjeta crédito,Sitio web,Android,Cartagena,4,5,No
TXN-0004411,2023-10-19,42361,Juguetes,9100,Tarjeta débito,App móvil,Android,Medellín,8,3,No
TXN-0004708,,45815,Alimentos,38139,Tarjeta crédito,App móvil,Desktop,Cali,4,5,Sí
TXN-0003480,2023-07-04,48133,Juguetes,101317,Tarjeta débito,Sitio web,iOS,Bogotá,6,5,No
TXN-0001397,2024-05-21,58787,Deportes,153743,PSE,App móvil,Android,Ibagué,5,5,No
TXN-0002494,2022-11-06,50618,Electrónica,466130,Tarjeta crédito,Sitio web,Android,Bogotá,3,5,No
TXN-0003920,2022-10-12,49285,Moda,133509,Tarjeta crédito,App móvil,Android,Barranquilla,8,5,No
TXN-0006731,2022-08-14,25723,Electrónica,781939,PSE,App móvil,Android,Medellín,4,5,No
TXN-0001785,2023-05-05,22869,Moda,56676,Tarjeta crédito,App móvil,iOS,Cali,2,5,No
TXN-0007309,,57869,Moda,167268,Contraentrega,Sitio web,iOS,Cali,1,5,Sí
TXN-0002639,2023-03-14,26326,Belleza,120255,Contraentrega,App móvil,Desktop,Cali,4,5,No
TXN-0005582,2024-02-11,45165,Deportes,134326,Contraentrega,App móvil,Android,Bogotá,5,5,No
TXN-0007082,2023-12-31,47967,Tecnología,64979,Tarjeta débito,App móvil,iOS,Bogotá,7,5,No
TXN-0005005,2024-01-23,49195,Belleza,47671,Contraentrega,App móvil,Android,Bogotá,5,5,No
TXN-0007822,2023-11-03,29866,Hogar,233914,Billetera digital,Sitio web,Desconocido,Bogotá,5,5,No
TXN-0003108,2024-05-25,23985,Tecnología,1476500,Contraentrega,App móvil,Android,Barranquilla,7,5,No
TXN-0003311,2022-01-10,58514,Deportes,87974,Tarjeta crédito,Sitio web,Android,Bucaramanga,4,5,No
TXN-0000941,2024-03-15,50269,Electrónica,428063,Tarjeta crédito,App móvil,Desktop,Barranquilla,6,5,No
TXN-0003723,2022-07-15,52093,Juguetes,39329,Billetera digital,App móvil,Android,Barranquilla,4,5,No
TXN-0004456,2024-10-20,52578,Alimentos,42990,Tarjeta crédito,App móvil,Android,Manizales,5,5,No
TXN-0001595,2024-04-05,15246,Electrónica,575276,PSE,App móvil,Android,Manizales,3,5,No
TXN-0002662,2022-06-26,33124,Moda,50106,Tarjeta crédito,Sitio web,iOS,Medellín,4,5,No
TXN-0001652,2022-01-06,29545,Belleza,92845,PSE,Sitio web,Android,Manizales,5,5,No
TXN-0004639,2022-01-06,33818,Tecnología,752714,Tarjeta crédito,App móvil,iOS,Pereira,5,5,No
TXN-0004934,2023-02-15,27639,Moda,87314,Tarjeta crédito,Sitio web,Android,Bogotá,4,5,No
TXN-0000954,2022-03-28,47989,Hogar,156874,PSE,Sitio web,Desktop,Pereira,6,5,No
TXN-0005157,2024-02-17,-1,Hogar,193280,Tarjeta débito,Sitio web,iOS,Bogotá,3,5,No
TXN-0007505,2023-02-13,28259,Moda,204717,Billetera digital,Sitio web,Android,Cali,5,5,No
TXN-0002293,,45511,Mascotas,111331,Billetera digital,Sitio web,Desktop,Cartagena,6,5,No
TXN-0007125,2022-12-31,28316,Juguetes,68025,Tarjeta crédito,App móvil,iOS,Medellín,6,5,No
TXN-0005410,2023-01-31,34461,Moda,140040,Tarjeta crédito,Sitio web,Desktop,Medellín,5,5,No
TXN-0005055,2023-11-26,21809,Hogar,224262,Billetera digital,App móvil,Desktop,Ibagué,6,5,No
TXN-0001676,2024-04-10,-1,Moda,105450,Tarjeta crédito,App móvil,Android,Cúcuta,4,5,No
TXN-0001502,2023-10-17,35893,Belleza,107113,PSE,App móvil,Android,Bogotá,2,5,No
TXN-0001827,2024-07-19,20553,Juguetes,91355,Tarjeta débito,App móvil,Desktop,Bogotá,1,5,Sí
TXN-0000874,2022-09-18,38895,Hogar,359759,Tarjeta crédito,App móvil,Android,Ibagué,6,5,No
TXN-0001058,2022-01-08,35991,Juguetes,133815,Contraentrega,App móvil,Android,Bogotá,1,5,No
TXN-0004540,2024-11-18,56532,Tecnología,1417851,Tarjeta débito,App móvil,Android,Medellín,2,5,No
TXN-0005347,2024-06-22,14249,Electrónica,810955,PSE,Sitio web,Android,Bogotá,2,5,No
TXN-0002697,2024-12-06,34365,Libros,56935,Tarjeta crédito,Sitio web,Desktop,Cali,4,5,No
TXN-0006292,2022-09-23,22919,Hogar,209857,Billetera digital,App móvil,iOS,Ibagué,5,5,No
TXN-0003234,2022-04-13,26220,Moda,157413,Tarjeta débito,Sitio web,iOS,Bogotá,4,5,No
TXN-0004230,2023-06-19,15804,Electrónica,720129,Contraentrega,Sitio web,Android,Bogotá,5,5,No
TXN-0003027,2023-04-16,30508,Alimentos,56818,Tarjeta crédito,App móvil,iOS,Bucaramanga,5,5,No
TXN-0002250,2023-08-06,16001,Hogar,174658,PSE,App móvil,iOS,Medellín,4,5,No
TXN-0001244,2023-12-29,-1,Electrónica,831690,Billetera digital,App móvil,Android,Medellín,3,5,No
TXN-0005612,2022-12-19,54073,Belleza,118162,Tarjeta crédito,App móvil,Desktop,Ibagué,2,5,No
TXN-IMPUTADO-0035,2024-12-09,37200,Electrónica,1045450,Contraentrega,App móvil,Desktop,Pereira,5,5,No
TXN-0001492,2022-02-03,22678,Moda,173975,PSE,App móvil,Android,Medellín,2,5,No
TXN-0000962,2023-10-24,15356,Electrónica,186034,PSE,App móvil,iOS,Barranquilla,5,5,No
TXN-0005768,2022-06-21,46053,Juguetes,84878,PSE,App móvil,iOS,Bogotá,5,5,No
TXN-0004733,2022-07-31,11767,Hogar,348669,Tarjeta crédito,App móvil,Android,Manizales,6,5,No
TXN-0000555,2024-08-16,37848,Alimentos,51694,PSE,Sitio web,iOS,Bogotá,1,5,No
TXN-0007096,2023-11-09,57094,Belleza,131985,Tarjeta crédito,App móvil,Android,Bogotá,3,5,No
TXN-0002853,2023-07-20,21602,Deportes,177861,PSE,App móvil,iOS,Bogotá,3,5,No
TXN-0005373,2024-07-12,51244,Deportes,84589,Tarjeta crédito,Sitio web,Android,Pereira,2,5,No
TXN-0006228,2024-08-17,15528,Alimentos,45307,Tarjeta crédito,Sitio web,iOS,Barranquilla,2,5,No
TXN-0000147,2023-12-26,42291,Tecnología,276658,PSE,App móvil,Desktop,Cúcuta,7,5,No
TXN-0005142,2024-05-19,43726,Moda,135102,PSE,App móvil,iOS,Medellín,5,5,No
TXN-0000655,2023-03-28,52923,Juguetes,144082,Tarjeta débito,App móvil,iOS,Cúcuta,4,5,No
TXN-0005694,2022-09-20,23574,Juguetes,15806,Contraentrega,App móvil,Android,Bogotá,3,5,No
TXN-0004862,2024-10-04,33934,Hogar,316688,PSE,App móvil,Desktop,Bucaramanga,5,5,No
TXN-0003086,2024-02-22,53327,Juguetes,94688,Tarjeta crédito,App móvil,Android,Bogotá,7,5,No
TXN-0003787,2023-12-09,53254,Moda,120871,Tarjeta crédito,App móvil,Android,Cali,4,5,No
TXN-0002100,2023-10-17,13422,Alimentos,68863,Contraentrega,Sitio web,iOS,Medellín,5,5,No
TXN-IMPUTADO-0036,2023-11-06,51238,Alimentos,51326,Contraentrega,Sitio web,Android,Bogotá,5,5,No
TXN-0006826,2023-10-01,43518,Moda,18153,Tarjeta crédito,App móvil,Desktop,Ibagué,6,5,No
TXN-0001205,2024-09-17,38154,Belleza,72033,Tarjeta crédito,Sitio web,Android,Bogotá,5,5,No
TXN-0006424,2022-06-13,36491,Hogar,159591,Tarjeta débito,Sitio web,Desktop,Manizales,7,5,No
TXN-0004032,2024-06-14,31263,Tecnología,1041072,Contraentrega,App móvil,Desktop,Manizales,7,5,No
TXN-0004437,2023-06-21,49155,Deportes,32828,Tarjeta crédito,App móvil,Desktop,Cartagena,4,5,No
TXN-0006786,2022-02-25,-1,Electrónica,864340,Tarjeta débito,App móvil,iOS,Cali,2,5,No
TXN-0000672,2022-10-02,50108,Deportes,198808,Tarjeta crédito,App móvil,Android,Bogotá,3,5,No
TXN-0004826,2023-08-03,41236,Hogar,180857,Tarjeta crédito,App móvil,iOS,Pereira,5,5,No
TXN-0001401,2022-07-07,11552,Alimentos,5443,Contraentrega,App móvil,Android,Bucaramanga,6,5,No
TXN-0003069,2022-04-19,52008,Moda,114164,Tarjeta débito,Sitio web,Android,Pereira,6,5,No
TXN-0006133,2023-11-28,33883,Alimentos,42158,Tarjeta crédito,App móvil,Android,Bogotá,5,5,No
TXN-0004903,2024-08-29,40848,Electrónica,795340,Tarjeta débito,Sitio web,Desktop,Barranquilla,6,5,No
TXN-0000980,2022-09-08,51774,Alimentos,68150,Contraentrega,App móvil,iOS,Medellín,2,5,No
TXN-0005890,2023-06-30,10582,Hogar,246049,Tarjeta crédito,App móvil,Android,Medellín,4,5,No
TXN-0000784,2022-07-13,47841,Electrónica,976794,PSE,Sitio web,Android,Bucaramanga,5,5,No
TXN-0005057,2022-09-27,58436,Tecnología,1177961,Billetera digital,Sitio web,iOS,Pereira,4,5,No
TXN-0003117,2022-05-21,24042,Electrónica,482631,Tarjeta crédito,Sitio web,iOS,Ibagué,5,5,No
TXN-0004019,2024-05-14,13565,Deportes,72701,Tarjeta débito,App móvil,Desktop,Bucaramanga,7,5,No
TXN-0003923,2023-09-18,52291,Belleza,77647,Contraentrega,Sitio web,Android,Bucaramanga,8,5,No
TXN-0005271,2023-08-28,41569,Juguetes,100358,Contraentrega,App móvil,Android,Medellín,4,5,No
TXN-0005911,2022-11-13,38149,Electrónica,548337,PSE,App móvil,Android,Ibagué,6,5,No
TXN-0004447,2022-02-25,13850,Belleza,114280,Billetera digital,Sitio web,iOS,Cali,5,5,No
TXN-0006072,2022-12-14,20809,Electrónica,987565,Contraentrega,App móvil,Android,Ibagué,6,5,No
TXN-0000401,2023-08-01,28331,Moda,160598,PSE,App móvil,Android,Ibagué,6,5,No
TXN-0000196,2023-11-23,14420,Electrónica,928810,PSE,Sitio web,Android,Manizales,4,5,No
TXN-0006524,2022-02-16,15578,Juguetes,103718,Tarjeta débito,Sitio web,iOS,Barranquilla,3,5,No
TXN-0006954,2023-12-04,21360,Hogar,139175,Tarjeta débito,App móvil,iOS,Bogotá,3,5,No
TXN-0007412,2022-02-04,24538,Deportes,150461,Tarjeta crédito,Sitio web,Android,Cali,5,5,No
TXN-0003208,2024-10-04,13126,Belleza,11363,PSE,App móvil,Desktop,Pereira,4,5,No
TXN-0001236,2022-05-23,10767,Alimentos,52520,Tarjeta crédito,Sitio web,Desktop,Pereira,3,5,No
TXN-0001144,2023-09-20,21161,Tecnología,795395,Contraentrega,App móvil,Android,Bogotá,3,5,No
TXN-0003536,2024-01-04,54216,Belleza,106650,Tarjeta crédito,App móvil,Android,Ibagué,6,5,Sí
TXN-0007773,2024-04-14,43725,Moda,160235,Tarjeta crédito,App móvil,Android,Manizales,6,5,No
TXN-0005499,2024-10-26,35106,Electrónica,381071,Contraentrega,Sitio web,Desktop,Bogotá,3,5,No
TXN-0000237,2024-08-10,48730,Deportes,168495,Tarjeta crédito,App móvil,Desconocido,Manizales,3,5,No
TXN-0006383,2024-02-06,28117,Moda,120600,Contraentrega,Sitio web,Android,Pereira,3,5,No
TXN-0003178,2023-10-04,40701,Libros,35268,PSE,App móvil,Android,Bogotá,5,5,No
TXN-0004720,2022-10-29,23992,Juguetes,112417,Contraentrega,App móvil,iOS,Cartagena,6,5,No
TXN-0006892,2023-11-01,24827,Alimentos,37556,Tarjeta débito,App móvil,Desktop,Bogotá,5,5,No
TXN-0006969,2023-04-06,54264,Electrónica,723599,Contraentrega,Sitio web,Android,Cali,8,5,No
TXN-0001976,,34740,Juguetes,60948,PSE,App móvil,Android,Barranquilla,2,5,No
TXN-0005451,2022-12-06,20455,Belleza,80921,Billetera digital,App móvil,Android,Pereira,5,5,No
TXN-0001449,2023-12-16,17066,Alimentos,12535,Tarjeta crédito,App móvil,Desktop,Cartagena,2,5,No
TXN-0000473,2023-01-07,40392,Alimentos,7481,Tarjeta crédito,Sitio web,Desktop,Cúcuta,4,5,No
TXN-0004006,2022-11-26,48314,Hogar,232166,Billetera digital,App móvil,iOS,Bogotá,3,5,No
TXN-0004526,2023-06-30,15960,Electrónica,799040,Tarjeta crédito,App móvil,Android,Cartagena,4,5,No
TXN-0002346,2023-02-12,15454,Electrónica,351199,PSE,Sitio web,Android,Barranquilla,1,5,No
TXN-0005251,2024-03-27,32839,Moda,174862,Tarjeta crédito,Sitio web,Android,Cartagena,4,5,No
TXN-0006368,2024-12-08,56679,Hogar,172493,Billetera digital,App móvil,iOS,Medellín,4,5,No
TXN-0004117,2023-06-25,-1,Alimentos,42384,Tarjeta crédito,Sitio web,Desktop,Manizales,3,5,No
TXN-0005588,2023-06-24,15852,Electrónica,774262,Contraentrega,Sitio web,Desconocido,Bogotá,2,5,No
TXN-0000363,2023-12-22,50805,Alimentos,57544,Contraentrega,Sitio web,iOS,Bogotá,5,5,No
TXN-0007733,2022-03-21,19250,Libros,62802,Tarjeta crédito,App móvil,iOS,Manizales,6,5,No
TXN-0004084,2023-05-21,26749,Belleza,73671,Contraentrega,App móvil,Android,Pereira,4,5,No
TXN-0001711,2022-11-15,53708,Belleza,52760,PSE,App móvil,iOS,Bogotá,3,5,No
TXN-0000073,2024-07-21,56253,Moda,145068,Tarjeta crédito,App móvil,Android,Bucaramanga,2,5,No
TXN-0001052,2024-08-25,50039,Belleza,70776,Tarjeta débito,App móvil,Android,Bogotá,4,5,No
TXN-0007373,2024-03-28,16697,Alimentos,52223,PSE,Sitio web,Desktop,Cartagena,1,5,No
TXN-0006485,2023-07-21,21677,Libros,55765,PSE,App móvil,Android,Bucaramanga,2,5,No
TXN-0000256,2022-05-08,26629,Electrónica,1038831,Billetera digital,Sitio web,iOS,Bucaramanga,4,5,No
TXN-0004446,2022-03-24,11158,Alimentos,47868,Contraentrega,App móvil,Desktop,Bogotá,6,5,No
TXN-0003873,2022-10-25,28860,Juguetes,124766,PSE,Sitio web,Desktop,Bucaramanga,7,5,No
TXN-0004714,2022-06-20,32900,Moda,141234,Tarjeta débito,App móvil,Android,Bogotá,3,5,No
TXN-0004257,2024-12-09,-1,Moda,104263,PSE,App móvil,Android,Cali,3,5,No
TXN-0001042,2022-09-08,56923,Moda,76466,Tarjeta crédito,Sitio web,Android,Bogotá,5,5,No
TXN-0005854,2023-04-16,17651,Alimentos,43747,Tarjeta débito,App móvil,Android,Manizales,4,5,No
TXN-0000448,2022-10-25,27511,Tecnología,1335456,Tarjeta débito,App móvil,Desktop,Manizales,6,5,No
TXN-0001891,2023-04-08,43166,Deportes,145673,Tarjeta débito,App móvil,Desktop,Medellín,5,5,No
TXN-0005132,2022-04-10,-1,Deportes,109237,Tarjeta crédito,Sitio web,Android,Cali,3,5,No
TXN-0000877,2023-09-15,33928,Electrónica,1238109,Tarjeta crédito,App móvil,Android,Bogotá,2,5,No
TXN-0005541,2022-05-05,11436,Deportes,173530,Contraentrega,App móvil,iOS,Medellín,3,5,No
TXN-0005934,2022-01-22,25292,Hogar,198525,Tarjeta crédito,Sitio web,Android,Medellín,3,5,No
TXN-0001664,2022-01-12,58467,Juguetes,54210,Tarjeta débito,App móvil,iOS,Medellín,1,5,No
TXN-0006716,2022-03-08,27680,Libros,42791,Tarjeta crédito,App móvil,Desconocido,Barranquilla,5,5,No
TXN-0002024,2024-07-26,21258,Mascotas,75197,Tarjeta débito,App móvil,iOS,Bogotá,5,5,No
TXN-0003718,2023-07-08,51921,Alimentos,75753,Tarjeta crédito,App móvil,iOS,Cali,6,5,No
TXN-0006435,2024-10-26,25815,Mascotas,54320,Billetera digital,App móvil,Android,Bucaramanga,7,5,No
TXN-0007885,2022-10-06,52539,Moda,131264,Tarjeta crédito,App móvil,Desktop,Bogotá,2,5,No
TXN-0007187,2022-06-13,46061,Deportes,103045,Billetera digital,App móvil,Desconocido,Pereira,3,5,No
TXN-0006440,2023-08-22,38518,Juguetes,73001,PSE,App móvil,Android,Bogotá,1,5,No
TXN-0000434,2024-10-22,53922,Electrónica,1316728,Tarjeta crédito,Sitio web,iOS,Cali,6,5,No
TXN-0004786,2022-12-29,58063,Mascotas,64288,Tarjeta crédito,App móvil,Android,Bogotá,2,5,No
TXN-0004791,2022-03-16,30784,Juguetes,47846,PSE,App móvil,iOS,Manizales,7,5,No
TXN-0006718,2022-10-30,37648,Belleza,109979,Contraentrega,App móvil,iOS,Cartagena,6,5,No
TXN-0002883,2024-02-05,47057,Belleza,97443,Tarjeta crédito,Sitio web,Desktop,Pereira,1,5,Sí
TXN-0002336,2023-07-31,21168,Electrónica,690604,Tarjeta crédito,App móvil,Desktop,Barranquilla,2,5,No
TXN-IMPUTADO-0037,2024-12-04,52125,Mascotas,52567,Tarjeta crédito,App móvil,Android,Bogotá,6,5,No
TXN-0006979,2023-12-08,20190,Moda,162355,Tarjeta crédito,App móvil,Android,Bucaramanga,4,5,No
TXN-0006885,2023-02-13,33764,Deportes,199743,Tarjeta crédito,App móvil,Desktop,Bogotá,1,5,No
TXN-0006864,2022-06-18,10221,Mascotas,54264,Tarjeta crédito,App móvil,Desktop,Bogotá,2,5,No
TXN-0006759,2022-04-24,24320,Electrónica,520434,PSE,App móvil,Desktop,Ibagué,6,5,No
TXN-0003800,2024-05-03,13721,Electrónica,591879,PSE,Sitio web,Android,Medellín,4,5,No
TXN-0004738,2023-10-20,55223,Deportes,137676,Contraentrega,App móvil,Desktop,Medellín,2,5,No
TXN-0001112,2022-06-12,47721,Mascotas,64054,Tarjeta débito,App móvil,Desktop,Bogotá,5,5,Sí
TXN-0004889,2024-05-24,59220,Hogar,273509,PSE,Sitio web,Android,Pereira,7,5,No
TXN-0000035,2024-12-05,35372,Libros,71678,Tarjeta crédito,Sitio web,Desktop,Cúcuta,5,5,No
TXN-0005979,,15355,Mascotas,63273,Tarjeta crédito,Sitio web,Android,Cúcuta,6,5,No
TXN-0005662,2024-05-19,55263,Electrónica,316142,Tarjeta crédito,Sitio web,Desktop,Medellín,4,5,No
TXN-0006239,2024-01-05,13753,Belleza,173136,Tarjeta crédito,Sitio web,Android,Cali,4,5,No
TXN-0005903,2022-06-15,37974,Electrónica,374970,Tarjeta crédito,App móvil,Android,Cúcuta,7,5,No
TXN-0003112,2022-10-20,41918,Electrónica,796362,Tarjeta crédito,App móvil,Android,Barranquilla,5,5,No
TXN-0002216,2024-07-19,41096,Deportes,167589,Tarjeta crédito,App móvil,iOS,Cartagena,5,5,No
TXN-0006705,2024-02-09,14689,Moda,202543,PSE,Sitio web,Android,Manizales,5,5,No
TXN-0000752,2023-10-05,35006,Tecnología,672874,Tarjeta débito,App móvil,iOS,Cali,3,5,No
TXN-0002510,2024-06-25,14951,Alimentos,7901,Contraentrega,App móvil,Android,Bogotá,7,5,No
TXN-0007398,2023-10-08,17303,Belleza,129968,Billetera digital,App móvil,Android,Pereira,5,5,No
TXN-0002962,2024-12-05,31198,Deportes,129835,Tarjeta débito,App móvil,Android,Barranquilla,1,5,No
TXN-0001906,2024-09-01,27298,Belleza,125503,Tarjeta crédito,App móvil,Android,Bogotá,5,5,No
TXN-0003560,2022-05-09,51593,Electrónica,205646,Tarjeta débito,Sitio web,Android,Bogotá,4,5,No
TXN-0005283,2023-10-06,34249,Libros,41852,Contraentrega,App móvil,iOS,Cali,4,5,No
TXN-0004864,2022-05-22,24924,Alimentos,73115,PSE,App móvil,Android,Cartagena,5,5,No
TXN-0006161,2024-04-10,48509,Moda,141977,Tarjeta crédito,App móvil,Android,Medellín,6,5,No
TXN-0000451,2024-01-11,30165,Juguetes,150684,Tarjeta crédito,Sitio web,Android,Cartagena,6,5,No
TXN-0003326,2022-05-13,17359,Hogar,233192,PSE,App móvil,Android,Bogotá,8,5,No
TXN-0000698,2022-08-14,43517,Mascotas,59980,Tarjeta crédito,App móvil,Android,Manizales,1,5,No
TXN-0006779,2022-10-16,47853,Electrónica,625552,Tarjeta crédito,App móvil,Android,Cartagena,4,5,No
TXN-0001809,2024-04-11,44356,Hogar,151708,Tarjeta crédito,Sitio web,Desktop,Manizales,8,5,No
TXN-0001860,2024-01-01,50583,Alimentos,44571,Billetera digital,App móvil,iOS,Bogotá,9,4,No
TXN-0004083,2023-10-28,25505,Moda,52387,Tarjeta débito,App móvil,Android,Pereira,5,5,No
TXN-0001022,2022-02-22,12769,Juguetes,120985,Contraentrega,App móvil,Android,Bucaramanga,1,5,No
TXN-0002478,2022-10-19,28040,Hogar,222387,Contraentrega,Sitio web,Android,Bogotá,6,5,No
TXN-0007360,2022-09-08,25080,Juguetes,88884,Tarjeta crédito,App móvil,iOS,Bogotá,6,5,No
TXN-0003639,2023-06-27,19069,Electrónica,757843,Tarjeta débito,App móvil,Android,Bogotá,5,5,No
TXN-0003531,2024-01-28,55063,Electrónica,861554,Tarjeta débito,App móvil,Android,Cúcuta,3,5,No
TXN-0001639,2023-03-27,38339,Electrónica,509567,PSE,App móvil,iOS,Bogotá,7,5,No
TXN-0003714,2023-08-09,36502,Hogar,194471,Contraentrega,App móvil,Android,Cúcuta,3,5,No
TXN-0006347,2024-12-03,13100,Tecnología,550921,Tarjeta crédito,App móvil,Desktop,Bogotá,2,5,No
TXN-0007413,2022-02-27,36658,Belleza,97899,Tarjeta crédito,App móvil,Desktop,Bucaramanga,6,5,No
TXN-0003439,2024-08-09,49176,Alimentos,28407,Tarjeta crédito,App móvil,Desconocido,Barranquilla,5,5,No
TXN-0001126,2023-11-13,54742,Belleza,113200,Tarjeta crédito,Sitio web,Android,Bucaramanga,6,5,No
TXN-0006977,2024-11-02,48203,Electrónica,733813,Tarjeta débito,Sitio web,Android,Medellín,4,5,No
TXN-0002760,2023-01-11,30160,Belleza,43805,Tarjeta débito,App móvil,Android,Bogotá,5,5,No
TXN-0007059,2022-05-31,24021,Alimentos,59500,Tarjeta débito,App móvil,iOS,Bucaramanga,4,5,No
TXN-0003011,2022-08-24,32075,Electrónica,768401,Tarjeta crédito,App móvil,iOS,Medellín,2,5,No
TXN-0006040,2022-02-22,32755,Belleza,56517,PSE,App móvil,Android,Bucaramanga,6,5,No
TXN-0005093,2023-03-09,54250,Hogar,203008,Tarjeta crédito,App móvil,Android,Medellín,6,5,No
TXN-0006199,2023-12-25,39067,Belleza,53152,Tarjeta débito,App móvil,Desktop,Cúcuta,5,5,No
TXN-0004755,,24852,Alimentos,29285,PSE,Sitio web,Android,Cali,6,5,No
TXN-0002542,2024-10-20,30436,Juguetes,137952,Tarjeta débito,App móvil,Android,Ibagué,9,5,No
TXN-0003815,2023-07-22,46927,Deportes,273449,Tarjeta crédito,App móvil,Desktop,Bogotá,4,5,No
TXN-0002173,2022-05-21,49015,Libros,75939,Tarjeta crédito,App móvil,Android,Manizales,4,5,No
TXN-0005087,2024-08-06,54992,Moda,154695,Tarjeta crédito,App móvil,Android,Bucaramanga,4,5,No
TXN-0005720,2024-12-15,-1,Electrónica,1052120,Tarjeta débito,Sitio web,Android,Bogotá,6,5,No
TXN-0005304,2022-02-26,56776,Hogar,168298,Tarjeta crédito,App móvil,iOS,Cali,3,5,No
TXN-0000705,2024-02-18,46290,Alimentos,47733,Contraentrega,Sitio web,Android,Cartagena,4,5,No
TXN-0004619,2024-01-27,23959,Electrónica,49228,PSE,Sitio web,iOS,Bogotá,3,5,No
TXN-0003526,2023-04-03,10589,Moda,176522,Billetera digital,App móvil,Android,Bogotá,5,5,No
TXN-0001823,2022-03-14,41738,Libros,25043,Tarjeta crédito,Sitio web,Desktop,Bogotá,4,5,No
TXN-IMPUTADO-0038,2022-12-25,51290,Hogar,247573,Tarjeta débito,App móvil,Android,Cartagena,1,5,No
TXN-0004966,2022-01-03,42050,Electrónica,772950,PSE,App móvil,Android,Bogotá,4,5,No
TXN-0000552,2022-11-14,28756,Hogar,77315,Tarjeta crédito,App móvil,Android,Bogotá,6,5,No
TXN-0006287,2024-07-26,37267,Electrónica,1002441,Tarjeta crédito,Sitio web,Android,Pereira,4,5,No
TXN-0001057,2023-05-26,53409,Deportes,154113,Tarjeta débito,Sitio web,Desktop,Bucaramanga,5,5,No
TXN-0002670,2022-08-22,22830,Libros,48195,Tarjeta débito,Sitio web,iOS,Pereira,5,5,No
TXN-0007843,2024-12-14,44919,Hogar,191921,Tarjeta crédito,Sitio web,Desktop,Cali,8,3,No
TXN-0004097,2022-07-28,13518,Alimentos,69577,Tarjeta crédito,Sitio web,Desktop,Cali,3,5,No
TXN-0005246,2024-08-20,49549,Libros,38178,PSE,App móvil,Android,Cali,2,5,No
TXN-0002425,2022-11-14,39979,Moda,145226,Tarjeta crédito,App móvil,iOS,Cali,6,5,No
TXN-0005696,2022-09-01,-1,Tecnología,670731,Contraentrega,Sitio web,Desktop,Bucaramanga,3,5,No
TXN-0005457,2023-09-18,22607,Moda,97862,Tarjeta débito,Sitio web,Android,Cartagena,3,5,No
TXN-0002199,2022-02-20,52365,Mascotas,109280,Tarjeta crédito,App móvil,iOS,Cartagena,6,5,No
TXN-0003622,2022-05-29,31789,Belleza,80640,Tarjeta crédito,App móvil,Android,Bogotá,5,5,No
TXN-0006293,2023-08-18,18701,Moda,155345,Billetera digital,App móvil,Desktop,Barranquilla,5,5,No
TXN-0007980,2022-03-20,54333,Alimentos,19289,PSE,Sitio web,iOS,Medellín,1,5,No
TXN-0000187,2024-04-23,27619,Hogar,338181,PSE,Sitio web,iOS,Cali,5,5,No
TXN-0006679,2022-04-26,25648,Juguetes,118844,PSE,App móvil,Android,Bogotá,3,5,No
TXN-0001846,2022-08-06,16902,Electrónica,704378,Tarjeta débito,App móvil,iOS,Bucaramanga,2,5,No
TXN-0000624,2023-05-27,17129,Electrónica,488304,PSE,App móvil,Android,Bogotá,1,5,No
TXN-0001207,2024-05-10,59535,Belleza,67472,Tarjeta crédito,App móvil,iOS,Medellín,6,5,No
TXN-0005336,2023-11-09,18488,Libros,89529,Contraentrega,Sitio web,Android,Cali,2,5,No
TXN-0007233,2022-02-26,34676,Moda,133970,Tarjeta débito,App móvil,Android,Cartagena,4,5,No
TXN-0007163,2023-08-31,19573,Deportes,76273,Tarjeta débito,App móvil,Desktop,Bogotá,5,5,No
TXN-0001949,2023-07-22,34126,Alimentos,52360,PSE,Sitio web,iOS,Bogotá,5,5,No
TXN-0001317,,50675,Moda,143875,Tarjeta débito,App móvil,Android,Medellín,6,5,No
TXN-0003691,2024-03-27,41168,Belleza,111559,PSE,App móvil,Android,Bucaramanga,2,5,No
TXN-0003166,2024-04-02,42504,Mascotas,62722,Tarjeta crédito,App móvil,Android,Bogotá,7,5,No
TXN-0000850,2024-05-05,52102,Belleza,71422,Tarjeta crédito,Sitio web,Desktop,Bogotá,3,5,No
TXN-0000923,2023-05-16,45499,Hogar,119087,Billetera digital,Sitio web,Android,Bucaramanga,5,5,No
TXN-0006469,2023-02-28,47470,Alimentos,40336,Tarjeta débito,Sitio web,Android,Medellín,6,5,No
TXN-0000037,2024-10-03,34301,Moda,164874,Tarjeta débito,Sitio web,Android,Pereira,5,5,No
TXN-0005796,2023-06-24,25610,Hogar,280503,Billetera digital,App móvil,Android,Ibagué,2,5,No
TXN-0003698,2023-04-14,-1,Deportes,156984,Tarjeta crédito,App móvil,iOS,Barranquilla,7,5,No
TXN-0003887,2023-03-05,21241,Electrónica,634757,Tarjeta crédito,Sitio web,Desktop,Medellín,1,5,No
TXN-0005345,2024-02-22,40866,Moda,118611,Tarjeta crédito,Sitio web,Android,Manizales,6,5,No
TXN-0005577,2022-10-25,51530,Alimentos,57456,Tarjeta crédito,Sitio web,Android,Bogotá,4,5,No
TXN-0000822,2023-10-12,43319,Hogar,145707,PSE,Sitio web,iOS,Cúcuta,2,5,No
TXN-0006248,2022-02-03,14563,Libros,34627,Tarjeta débito,App móvil,iOS,Medellín,3,5,Sí
TXN-0006467,2024-05-07,52025,Electrónica,414766,Tarjeta crédito,Sitio web,Android,Medellín,7,5,No
TXN-0007397,2024-01-11,43984,Moda,121739,Tarjeta débito,Sitio web,Android,Cali,3,5,No
TXN-0000389,2023-12-27,53772,Juguetes,107988,PSE,Sitio web,Desktop,Medellín,10,4,No
TXN-0005389,2024-11-12,10537,Deportes,100060,PSE,Sitio web,Android,Bogotá,5,5,No
TXN-0006762,2023-02-28,54017,Moda,135525,PSE,Sitio web,Desktop,Bogotá,5,5,No
TXN-0001935,2024-01-27,17316,Hogar,76561,PSE,App móvil,Android,Bogotá,4,5,No
TXN-0000748,2023-08-20,14934,Mascotas,77007,Contraentrega,App móvil,Desktop,Bogotá,6,5,No
TXN-0006000,2023-05-09,10396,Hogar,191163,Contraentrega,App móvil,Android,Cúcuta,1,5,No
TXN-0003314,2023-10-14,36218,Mascotas,23137,Tarjeta crédito,App móvil,iOS,Bogotá,3,5,No
TXN-0003210,2023-08-22,44958,Deportes,135593,PSE,App móvil,Desktop,Cartagena,6,5,No
TXN-0001088,2023-05-06,20315,Deportes,65033,PSE,Sitio web,Android,Bogotá,3,5,No
TXN-0003421,2024-08-08,36539,Libros,69577,Contraentrega,App móvil,Desktop,Cali,3,5,No
TXN-0002916,2022-01-16,52471,Moda,67746,PSE,App móvil,Android,Bogotá,4,5,No
TXN-0006770,2022-07-06,23961,Electrónica,929937,Tarjeta crédito,Sitio web,Android,Medellín,2,5,No
TXN-0001460,2024-07-22,49341,Electrónica,325346,PSE,App móvil,Android,Cali,7,5,No
TXN-0004055,2024-06-08,38241,Mascotas,136262,Contraentrega,Sitio web,Android,Bogotá,4,5,No
TXN-0006783,2022-11-01,24807,Juguetes,97466,Tarjeta crédito,App móvil,Desconocido,Medellín,2,5,No
TXN-0002259,2023-11-15,12456,Moda,126402,Tarjeta crédito,Sitio web,Desktop,Bogotá,6,5,No
TXN-0001031,2022-10-13,44963,Alimentos,51814,Tarjeta crédito,Sitio web,iOS,Bogotá,2,5,No
TXN-0006923,2023-01-09,56050,Deportes,104331,Contraentrega,App móvil,Android,Bogotá,1,5,No
TXN-0006994,2022-11-19,-1,Moda,50914,Billetera digital,App móvil,Android,Cúcuta,6,5,No
TXN-0001585,2024-08-14,15680,Juguetes,136848,Billetera digital,Sitio web,iOS,Barranquilla,5,5,No
TXN-0000761,2024-03-01,20817,Deportes,186567,Tarjeta crédito,App móvil,Android,Bogotá,4,5,No
TXN-0002613,2022-01-06,48278,Libros,71971,PSE,Sitio web,Android,Bucaramanga,3,5,No
TXN-0004048,2024-06-11,23004,Deportes,190279,Contraentrega,App móvil,Android,Ibagué,3,5,No
TXN-0003596,2024-04-16,24249,Tecnología,1298802,Tarjeta crédito,App móvil,Android,Bogotá,3,5,No
TXN-0005710,2022-08-27,18507,Hogar,184110,Billetera digital,Sitio web,Android,Bucaramanga,5,5,No
TXN-0000027,2022-07-19,57548,Hogar,122757,PSE,App móvil,Desktop,Bogotá,4,5,No
TXN-0007456,2023-08-05,17244,Electrónica,614786,PSE,Sitio web,iOS,Cali,2,5,No
TXN-0005629,2024-05-15,-1,Belleza,95642,PSE,App móvil,Android,Bogotá,5,5,No
TXN-0005097,2024-10-07,17172,Tecnología,947533,Tarjeta crédito,App móvil,Desktop,Bogotá,1,5,No
TXN-0001734,2024-04-07,30128,Juguetes,62715,Contraentrega,Sitio web,Desktop,Bogotá,2,5,No
TXN-0004944,2024-10-13,10367,Electrónica,982228,Contraentrega,App móvil,Android,Ibagué,7,5,No
TXN-0005162,2023-07-31,38403,Moda,210722,PSE,Sitio web,Android,Cartagena,5,5,No
TXN-0001216,2022-10-13,30193,Hogar,223058,PSE,Sitio web,Android,Bucaramanga,7,5,No
TXN-0001167,,22939,Belleza,115674,Tarjeta débito,App móvil,Desconocido,Bucaramanga,8,5,No
TXN-0007669,,46461,Moda,186747,Tarjeta crédito,App móvil,Desktop,Bogotá,4,5,Sí
TXN-0003340,2022-12-19,35944,Electrónica,625869,Contraentrega,Sitio web,Android,Medellín,6,5,No
TXN-0001308,2023-01-20,28772,Tecnología,895488,Tarjeta crédito,Sitio web,Android,Cali,3,5,No
TXN-0005744,2022-01-30,52280,Mascotas,63246,Tarjeta crédito,App móvil,iOS,Bogotá,6,5,No
TXN-0001193,2022-03-09,58867,Electrónica,961278,PSE,App móvil,Desktop,Bogotá,7,5,No
TXN-0001156,2022-09-01,36633,Tecnología,469940,Contraentrega,App móvil,Android,Barranquilla,3,5,No
TXN-0002456,2024-04-05,47280,Tecnología,976952,Tarjeta crédito,App móvil,Android,Bogotá,6,5,No
TXN-0000387,2022-05-15,24778,Hogar,146812,Tarjeta débito,Sitio web,Desktop,Cali,8,3,No
TXN-0007038,2023-09-24,17780,Libros,56888,Contraentrega,App móvil,iOS,Bogotá,9,4,No
TXN-0002177,2024-11-25,51300,Moda,32967,Contraentrega,Sitio web,Android,Ibagué,4,5,No
TXN-IMPUTADO-0039,2024-02-10,17929,Hogar,139174,Tarjeta crédito,App móvil,Desktop,Pereira,4,5,No
TXN-0000587,2022-09-07,36098,Hogar,103863,Contraentrega,Sitio web,Android,Bogotá,5,5,No
TXN-0002466,2024-01-15,54392,Tecnología,820195,Tarjeta crédito,Sitio web,Android,Barranquilla,6,5,No
TXN-0002228,2023-09-28,21662,Libros,73451,Contraentrega,Sitio web,Desktop,Bogotá,4,5,No
TXN-0000001,2024-10-14,36094,Moda,170251,Tarjeta débito,App móvil,Desktop,Bogotá,3,5,No
TXN-0002727,2023-12-01,43970,Libros,34651,Tarjeta débito,App móvil,Android,Bucaramanga,5,5,No
TXN-0005904,2024-06-05,46171,Deportes,95236,Tarjeta crédito,App móvil,iOS,Bogotá,3,5,No
TXN-0000727,2022-10-12,24263,Mascotas,24951,Contraentrega,Sitio web,Desconocido,Bogotá,5,5,No
TXN-0005398,,-1,Juguetes,52148,Tarjeta débito,App móvil,Android,Cali,2,5,No
TXN-0001433,2022-01-06,50340,Electrónica,141250,Tarjeta crédito,App móvil,Desktop,Cali,3,5,No
TXN-0001033,2022-03-03,10446,Alimentos,54273,Billetera digital,App móvil,Android,Bogotá,4,5,No
TXN-0007313,2023-07-02,21291,Juguetes,58499,PSE,App móvil,Android,Cali,5,5,No
TXN-0006764,2022-08-18,24713,Moda,73737,PSE,App móvil,Android,Medellín,1,5,No
TXN-0006810,2022-08-11,48010,Libros,50637,Contraentrega,App móvil,iOS,Cartagena,6,5,No
TXN-0005753,2024-02-06,55846,Alimentos,40409,Tarjeta débito,App móvil,iOS,Cali,1,5,No
TXN-0003849,2023-05-06,46615,Tecnología,5000,Tarjeta crédito,App móvil,iOS,Cali,3,5,No
TXN-0001361,2022-03-13,16346,Electrónica,462110,Tarjeta crédito,Sitio web,Android,Manizales,3,5,No
TXN-0001945,2023-08-07,23014,Moda,137758,Tarjeta débito,App móvil,Android,Medellín,6,5,No
TXN-0000863,2024-07-26,26060,Electrónica,959324,Tarjeta débito,App móvil,Android,Cali,3,5,Sí
TXN-0003448,2023-07-25,37177,Belleza,58337,Tarjeta crédito,App móvil,Desktop,Pereira,4,5,No
TXN-0004485,2022-09-29,13025,Hogar,132792,Tarjeta crédito,App móvil,Android,Bogotá,2,5,No
TXN-0001124,2022-11-03,47057,Belleza,5000,Tarjeta crédito,App móvil,Android,Manizales,1,5,No
TXN-0003386,2023-06-16,42802,Hogar,321385,Tarjeta crédito,Sitio web,Desconocido,Cali,5,5,No
TXN-0000392,2022-11-18,15026,Juguetes,96327,Tarjeta débito,App móvil,iOS,Cali,4,5,No
TXN-0002824,2024-11-02,37768,Belleza,142842,Tarjeta débito,App móvil,iOS,Bucaramanga,4,5,No
TXN-0004135,2024-07-17,49989,Belleza,63240,Tarjeta débito,App móvil,Android,Pereira,6,5,No
TXN-0002398,2022-04-28,49102,Deportes,193567,Billetera digital,Sitio web,Android,Barranquilla,6,5,No
TXN-0004330,2024-02-14,20702,Deportes,157860,Tarjeta crédito,App móvil,Android,Pereira,4,5,No
TXN-0003163,2022-03-28,17788,Belleza,63433,Tarjeta débito,App móvil,Android,Cartagena,3,5,No
TXN-0006400,2023-01-06,36149,Moda,113332,Billetera digital,App móvil,Desktop,Cartagena,3,5,No
TXN-0003220,2023-11-10,48453,Belleza,61072,Contraentrega,App móvil,iOS,Bucaramanga,4,5,No
TXN-0007721,2022-03-05,33161,Juguetes,106536,Tarjeta crédito,App móvil,Android,Bogotá,3,5,No
TXN-0002695,2022-11-10,11583,Moda,99567,Contraentrega,App móvil,Android,Bucaramanga,4,5,No
TXN-0005235,2022-12-01,42302,Electrónica,428669,PSE,App móvil,iOS,Cali,6,5,No
TXN-0006520,2022-09-02,27210,Tecnología,1540441,Tarjeta crédito,App móvil,Android,Bogotá,6,5,No
TXN-0003572,2023-03-04,53582,Deportes,175258,PSE,Sitio web,iOS,Bogotá,3,5,No
TXN-0002895,2022-04-16,46584,Libros,20930,Tarjeta crédito,Sitio web,Desktop,Medellín,3,5,No
TXN-IMPUTADO-0040,2024-11-29,29144,Hogar,108528,Tarjeta débito,App móvil,iOS,Bogotá,7,5,No
TXN-0006860,2024-02-25,34309,Tecnología,986432,PSE,Sitio web,Desktop,Cartagena,3,5,No
TXN-0006769,2023-09-08,26113,Electrónica,790015,PSE,App móvil,Android,Bucaramanga,2,5,No
TXN-0003934,2023-12-21,10246,Moda,146236,PSE,App móvil,iOS,Medellín,2,5,No
TXN-0006659,2022-11-02,47105,Mascotas,73448,Billetera digital,Sitio web,Android,Barranquilla,4,5,No
TXN-0004980,2022-01-09,55508,Belleza,100922,Contraentrega,App móvil,Android,Cúcuta,5,5,No
TXN-0004218,2024-09-29,46313,Deportes,40819,Tarjeta crédito,App móvil,Desktop,Pereira,4,5,No
TXN-0005759,2023-08-06,38205,Electrónica,364309,Tarjeta débito,App móvil,iOS,Pereira,3,5,No
TXN-0000815,2022-02-10,45625,Tecnología,1307499,PSE,App móvil,Desktop,Bogotá,6,5,No
TXN-0001730,2022-05-15,53691,Tecnología,863155,Contraentrega,Sitio web,Android,Manizales,7,5,No
TXN-0004347,2024-01-22,19155,Belleza,107026,PSE,App móvil,iOS,Pereira,7,5,No
TXN-0005264,2023-03-27,21537,Juguetes,85207,Tarjeta crédito,Sitio web,Desktop,Barranquilla,5,5,No
TXN-0006653,2023-12-06,24957,Deportes,123384,Tarjeta crédito,App móvil,Android,Bucaramanga,4,5,No
TXN-0003627,2024-06-16,34379,Belleza,104952,Tarjeta crédito,Sitio web,Android,Medellín,5,5,No
TXN-0005595,2023-06-15,35334,Moda,96392,Billetera digital,Sitio web,iOS,Bucaramanga,6,5,No
TXN-0007819,2023-06-14,17009,Alimentos,28172,Tarjeta crédito,App móvil,iOS,Cali,3,5,No
TXN-0006626,2024-05-24,29251,Belleza,48255,Tarjeta débito,App móvil,Desktop,Ibagué,4,5,No
TXN-0004219,2022-09-06,50875,Deportes,189190,Billetera digital,App móvil,Android,Cali,5,5,Sí
TXN-IMPUTADO-0041,2023-03-11,19290,Electrónica,620203,PSE,App móvil,Android,Ibagué,6,5,No
TXN-0001276,2024-11-16,13820,Electrónica,849084,Tarjeta crédito,Sitio web,iOS,Cartagena,3,5,No
TXN-0003167,2024-02-20,25744,Juguetes,107214,Tarjeta crédito,Sitio web,Android,Cartagena,3,5,No
TXN-0002967,2023-10-14,31905,Electrónica,655813,Tarjeta crédito,App móvil,Desktop,Manizales,8,5,No
TXN-0006402,2022-05-12,38233,Moda,142651,Contraentrega,App móvil,Android,Ibagué,4,5,No
TXN-0003918,2022-12-20,55034,Deportes,159892,Tarjeta crédito,Sitio web,Android,Medellín,7,5,No
TXN-0003976,2024-04-25,31819,Deportes,221891,PSE,App móvil,Android,Pereira,5,5,Sí
TXN-0004782,2023-06-07,39617,Hogar,53411,Tarjeta crédito,App móvil,Android,Barranquilla,6,5,No
TXN-0004246,,25685,Deportes,222053,Tarjeta crédito,Sitio web,iOS,Medellín,2,5,No
TXN-IMPUTADO-0042,2023-04-14,56306,Hogar,205048,Contraentrega,App móvil,Android,Bucaramanga,6,5,No
TXN-IMPUTADO-0043,2022-11-26,41657,Hogar,162775,PSE,App móvil,Android,Bogotá,3,5,No
TXN-0005430,2024-04-24,26529,Tecnología,1133917,Billetera digital,App móvil,Android,Barranquilla,6,5,No
TXN-0007655,2024-09-06,31907,Juguetes,102448,Tarjeta débito,Sitio web,Desktop,Bogotá,7,5,No
TXN-0006039,2022-05-30,49474,Electrónica,379945,Contraentrega,Sitio web,Android,Bucaramanga,5,5,No
TXN-0002299,2023-03-06,10064,Belleza,72673,Tarjeta crédito,App móvil,Android,Medellín,2,5,No
TXN-0005815,2022-08-24,47052,Mascotas,66270,Tarjeta débito,App móvil,Android,Pereira,3,5,No
TXN-0007918,2023-10-17,47596,Mascotas,71161,Contraentrega,Sitio web,iOS,Bucaramanga,2,5,Sí
TXN-0003983,2022-05-10,44306,Moda,115400,Tarjeta crédito,App móvil,iOS,Cúcuta,6,5,No
TXN-0007245,2022-06-02,24262,Electrónica,374885,Tarjeta débito,Sitio web,Desktop,Bogotá,3,5,No
TXN-0002944,2023-03-08,46290,Belleza,76225,PSE,Sitio web,Desktop,Bucaramanga,5,5,No
TXN-IMPUTADO-0044,2023-08-21,47030,Electrónica,488188,Tarjeta crédito,App móvil,Android,Barranquilla,3,5,No
TXN-0003964,2022-10-19,51154,Belleza,76622,Tarjeta débito,App móvil,Android,Cartagena,4,5,No
TXN-0002948,2024-11-22,15790,Alimentos,13544,Billetera digital,Sitio web,Android,Medellín,6,5,No
TXN-0005029,2023-11-16,49017,Electrónica,1043822,PSE,App móvil,Desktop,Bucaramanga,7,5,No
TXN-0001278,2024-01-25,42393,Belleza,65814,Billetera digital,Sitio web,Desktop,Bogotá,4,5,No
TXN-0004269,2024-12-09,37233,Moda,89614,Contraentrega,Sitio web,Desconocido,Manizales,7,5,No
TXN-0002164,2024-01-15,-1,Juguetes,81384,Billetera digital,Sitio web,Android,Bucaramanga,2,5,No
TXN-0003877,,59767,Tecnología,1223893,Tarjeta crédito,App móvil,iOS,Medellín,2,5,No
TXN-0005321,2023-12-28,13307,Hogar,296328,Tarjeta débito,Sitio web,Android,Bucaramanga,4,5,No
TXN-0006592,2024-07-29,21396,Moda,155370,Tarjeta crédito,App móvil,Desktop,Bogotá,1,5,No
TXN-0007672,2023-10-28,33939,Alimentos,34549,PSE,Sitio web,Android,Medellín,1,5,No
TXN-0001283,2024-02-08,10717,Moda,125162,Tarjeta débito,App móvil,iOS,Cúcuta,5,5,No
TXN-0003240,2023-07-15,21584,Electrónica,749643,PSE,Sitio web,Android,Barranquilla,1,5,No
TXN-0001457,,25917,Belleza,63444,Tarjeta crédito,App móvil,iOS,Bogotá,3,5,No
TXN-0003679,2023-03-26,16822,Moda,149296,Tarjeta débito,Sitio web,Android,Pereira,3,5,No
TXN-0005729,2023-01-08,57600,Belleza,76265,Contraentrega,App móvil,Desktop,Manizales,4,5,No
TXN-0002806,2024-12-31,58013,Electrónica,392839,Tarjeta crédito,Sitio web,Android,Barranquilla,2,5,No
TXN-0003969,2024-07-26,26807,Deportes,180295,Tarjeta crédito,App móvil,Android,Bogotá,5,5,No
TXN-0004886,2022-02-09,53008,Deportes,98327,PSE,Sitio web,Android,Barranquilla,6,5,No
TXN-0005780,2022-07-14,11302,Electrónica,987178,Billetera digital,Sitio web,Android,Bogotá,6,5,No
TXN-0001130,2024-05-22,43857,Deportes,134684,Billetera digital,App móvil,Desktop,Medellín,4,5,No
TXN-0003309,2023-05-07,22671,Belleza,35290,Tarjeta crédito,Sitio web,iOS,Bogotá,5,5,No
TXN-0003051,2023-02-07,37230,Belleza,81614,PSE,App móvil,Android,Manizales,2,5,No
TXN-0003261,2023-08-03,15604,Hogar,54100,Tarjeta crédito,Sitio web,iOS,Medellín,4,5,No
TXN-0006637,2024-07-14,17830,Libros,58760,PSE,App móvil,Android,Bogotá,7,5,Sí
TXN-0003157,2023-03-29,43514,Moda,112309,Billetera digital,App móvil,iOS,Bogotá,5,5,No
TXN-0003862,2023-04-23,23649,Belleza,115072,Tarjeta crédito,App móvil,iOS,Ibagué,2,5,No
TXN-0001295,2022-04-20,47808,Hogar,137724,Tarjeta crédito,Sitio web,Android,Bogotá,5,5,No
TXN-0006816,,46978,Belleza,78545,Tarjeta débito,Sitio web,Android,Cúcuta,4,5,No
TXN-0003626,2023-11-24,27831,Electrónica,580810,Tarjeta crédito,App móvil,Android,Manizales,7,5,No
TXN-0002108,2023-12-22,50006,Juguetes,99175,Tarjeta crédito,App móvil,Android,Bogotá,5,5,No
TXN-0006937,2023-12-08,36472,Hogar,118759,Tarjeta débito,Sitio web,Android,Bucaramanga,4,5,No
TXN-0007251,2023-07-14,-1,Deportes,108744,Contraentrega,Sitio web,iOS,Bogotá,9,3,No
TXN-0004808,2024-07-02,18966,Tecnología,874978,Tarjeta débito,Sitio web,Desconocido,Barranquilla,2,5,No
TXN-0004279,2024-05-17,31618,Belleza,61308,Tarjeta débito,App móvil,Desconocido,Barranquilla,3,5,No
TXN-0001015,2022-02-19,59094,Belleza,126759,Contraentrega,App móvil,Android,Barranquilla,8,4,No
TXN-0007907,2022-03-10,25129,Electrónica,556094,Tarjeta débito,App móvil,Desktop,Medellín,2,5,No
TXN-0001349,2023-03-27,10997,Electrónica,906055,Tarjeta débito,App móvil,Android,Medellín,6,5,No
TXN-0002519,2023-11-14,14371,Belleza,128448,Tarjeta crédito,App móvil,iOS,Bogotá,8,4,No
TXN-0003460,2024-05-04,23083,Belleza,50976,Tarjeta crédito,Sitio web,iOS,Bogotá,3,5,No
TXN-0001864,2023-11-08,18222,Hogar,244045,PSE,Sitio web,Android,Cali,5,5,No
TXN-0006843,2024-02-25,43562,Juguetes,125623,Tarjeta crédito,App móvil,Android,Medellín,1,5,No
TXN-0006408,2024-10-08,50708,Belleza,23825,Contraentrega,App móvil,Desktop,Cali,5,5,No
TXN-0000797,2023-04-23,14470,Deportes,239811,Tarjeta débito,Sitio web,Android,Cali,6,5,Sí
TXN-0000532,2022-10-17,31338,Alimentos,80196,PSE,App móvil,iOS,Medellín,1,5,No
TXN-0005617,2023-02-12,44977,Tecnología,1268019,Tarjeta crédito,App móvil,iOS,Bogotá,6,5,No
TXN-0002317,2024-03-14,-1,Hogar,112693,Tarjeta crédito,Sitio web,Android,Bogotá,6,5,No
TXN-0004043,2024-07-25,15573,Libros,64083,PSE,App móvil,Desktop,Bogotá,8,4,No
TXN-0000998,2022-01-06,26242,Electrónica,693578,PSE,App móvil,Android,Cartagena,3,5,No
TXN-0006698,2022-07-15,59863,Alimentos,33354,Tarjeta crédito,Sitio web,Android,Cartagena,5,5,No
TXN-0005957,2023-09-12,13931,Juguetes,114919,Billetera digital,App móvil,Desktop,Cali,4,5,No
TXN-0000094,2022-05-11,34312,Mascotas,24866,Billetera digital,Sitio web,iOS,Cali,4,5,No
TXN-IMPUTADO-0045,,30970,Alimentos,34987,Contraentrega,App móvil,Android,Medellín,8,5,Sí
TXN-0001603,2022-11-12,30446,Electrónica,950883,Contraentrega,Sitio web,Desktop,Cúcuta,3,5,No
TXN-0003636,2022-01-22,56704,Libros,71780,Contraentrega,App móvil,Android,Medellín,3,5,No
TXN-0005804,2022-09-06,23378,Deportes,163509,PSE,App móvil,Android,Bogotá,8,3,No
TXN-0003892,2024-01-31,37564,Mascotas,78073,PSE,Sitio web,Android,Bogotá,3,5,No
TXN-0002902,2023-10-13,41058,Juguetes,143837,Tarjeta débito,App móvil,Desktop,Medellín,4,5,No
TXN-0003498,2024-02-04,33454,Tecnología,925124,Tarjeta crédito,Sitio web,iOS,Medellín,1,5,No
TXN-0007629,2024-08-18,45081,Alimentos,48128,PSE,App móvil,Android,Bogotá,3,5,No
TXN-0001170,2023-11-01,29332,Belleza,57030,Tarjeta crédito,Sitio web,Desktop,Cali,4,5,No
TXN-0001826,2023-04-14,28087,Electrónica,562219,Tarjeta crédito,App móvil,Android,Bogotá,6,5,No
TXN-0004809,2022-10-18,32658,Belleza,104402,PSE,Sitio web,Android,Cali,5,5,No
TXN-0006081,2022-05-03,17944,Tecnología,889562,PSE,Sitio web,Android,Cali,1,5,No
TXN-0006035,2024-07-31,12016,Juguetes,80309,Billetera digital,App móvil,iOS,Bogotá,4,5,No
TXN-0001352,2022-04-16,43425,Belleza,39152,Contraentrega,Sitio web,Android,Cali,3,5,No
TXN-0001887,2022-04-07,32761,Electrónica,425491,Tarjeta débito,Sitio web,Android,Barranquilla,5,5,No
TXN-0005899,2023-03-16,36987,Moda,162205,Tarjeta crédito,App móvil,iOS,Manizales,7,5,No
TXN-0000258,2023-10-17,51178,Alimentos,59843,PSE,Sitio web,Desktop,Medellín,3,5,No
TXN-0002711,2022-07-20,14380,Belleza,90819,Tarjeta débito,Sitio web,Android,Barranquilla,3,5,No
TXN-0006076,2022-03-08,21881,Moda,89465,Billetera digital,App móvil,Desktop,Bogotá,5,5,No
TXN-IMPUTADO-0046,2024-02-13,57948,Electrónica,819731,Tarjeta crédito,App móvil,Desktop,Medellín,4,5,No
TXN-0002849,,36197,Libros,45286,Contraentrega,Sitio web,Desktop,Cali,4,5,No
TXN-0007740,2022-08-10,22909,Belleza,86934,Tarjeta crédito,Sitio web,Android,Pereira,4,5,No
TXN-0001172,2022-01-03,29958,Mascotas,38356,Tarjeta crédito,Sitio web,Android,Ibagué,3,5,No
TXN-0007681,2022-05-11,10001,Tecnología,1463568,Tarjeta crédito,App móvil,Android,Cartagena,5,5,No
TXN-0002808,2023-06-11,20334,Juguetes,55125,Contraentrega,App móvil,iOS,Bogotá,7,5,No
TXN-0006145,,23836,Tecnología,1187819,PSE,App móvil,Android,Cali,1,5,No
TXN-0002505,,43964,Alimentos,35220,PSE,App móvil,iOS,Cali,3,5,No
TXN-0001519,2024-02-11,42199,Moda,138584,Tarjeta débito,App móvil,iOS,Pereira,2,5,No
TXN-0001545,,11797,Alimentos,40861,Tarjeta crédito,Sitio web,Desktop,Bucaramanga,7,5,No
TXN-0000635,2022-09-06,50440,Alimentos,26164,Tarjeta débito,Sitio web,Android,Cali,4,5,No
TXN-0001867,2024-02-16,50500,Alimentos,14202,PSE,App móvil,Desktop,Pereira,2,5,No
TXN-0006397,2024-08-14,53211,Electrónica,1016214,Tarjeta crédito,Sitio web,iOS,Cartagena,7,5,No
TXN-0004634,2023-08-29,33457,Electrónica,529105,Contraentrega,Sitio web,Android,Medellín,7,5,No
TXN-0006638,2024-12-07,52461,Electrónica,1071678,Tarjeta débito,App móvil,Android,Medellín,2,5,No
TXN-0002720,2023-09-29,35731,Libros,62330,Tarjeta crédito,App móvil,Desktop,Cartagena,4,5,No
TXN-0002592,2023-10-23,19071,Hogar,299817,Tarjeta débito,Sitio web,iOS,Cali,6,5,No
TXN-0003450,2023-01-27,24685,Alimentos,63305,PSE,App móvil,Android,Barranquilla,5,5,No
TXN-0007751,2023-10-24,48934,Electrónica,924228,Tarjeta crédito,Sitio web,Desktop,Barranquilla,6,5,No
TXN-IMPUTADO-0047,2023-05-30,37450,Libros,28786,PSE,App móvil,Android,Cúcuta,3,5,No
TXN-0006381,2022-02-08,22322,Hogar,435935,Tarjeta crédito,Sitio web,Desktop,Cali,2,5,No
TXN-0000060,2024-04-29,53890,Electrónica,258631,Tarjeta crédito,Sitio web,Android,Pereira,1,5,No
TXN-0000399,2023-04-27,34036,Mascotas,25133,Tarjeta débito,Sitio web,Android,Medellín,2,5,No
TXN-0005370,2022-01-31,56083,Tecnología,1169011,PSE,Sitio web,Desktop,Medellín,1,5,No
TXN-0001103,2023-05-03,12059,Electrónica,800446,PSE,App móvil,Android,Cali,3,5,No
TXN-0002517,2022-01-09,21282,Hogar,287319,PSE,Sitio web,Desktop,Bogotá,4,5,No
TXN-0006707,2023-11-11,49086,Belleza,68844,Billetera digital,Sitio web,Android,Pereira,6,5,No
TXN-0001546,2024-02-17,26178,Belleza,170977,Tarjeta débito,App móvil,Android,Barranquilla,6,5,No
TXN-0007891,2023-09-02,19888,Mascotas,87560,Contraentrega,App móvil,Desktop,Cúcuta,6,5,No
TXN-0000808,2023-07-13,59909,Moda,97421,Billetera digital,Sitio web,Android,Medellín,1,5,No
TXN-0002252,2022-11-22,58518,Alimentos,27405,Tarjeta débito,App móvil,Android,Pereira,4,5,No
TXN-0001977,2024-09-12,57588,Juguetes,109256,Tarjeta crédito,Sitio web,Android,Ibagué,7,5,No
TXN-0004539,2022-01-26,37570,Mascotas,11621,Tarjeta crédito,App móvil,Android,Cartagena,6,5,No
TXN-0005139,2022-04-24,20037,Belleza,86057,Tarjeta crédito,App móvil,Android,Bogotá,4,5,No
TXN-0005495,2023-09-19,54232,Juguetes,5961,Tarjeta débito,App móvil,Android,Bucaramanga,3,5,No
TXN-0002439,2024-05-10,31303,Juguetes,185153,PSE,Sitio web,Android,Bogotá,4,5,No
TXN-0001405,2024-05-26,-1,Electrónica,634118,Billetera digital,Sitio web,Desktop,Pereira,1,5,No
TXN-0005893,2024-02-08,30694,Alimentos,54889,Tarjeta débito,App móvil,Android,Cartagena,5,5,No
TXN-0007508,2024-08-19,39644,Belleza,122396,Tarjeta crédito,App móvil,Desktop,Cali,4,5,No
TXN-0002753,2024-11-13,28533,Hogar,94503,Billetera digital,App móvil,iOS,Bogotá,5,5,No
TXN-0006249,2024-06-19,21570,Moda,185781,Tarjeta débito,App móvil,iOS,Manizales,5,5,No
TXN-0005735,2023-04-11,20739,Hogar,156016,Contraentrega,Sitio web,Desktop,Barranquilla,6,5,No
TXN-0000881,2023-06-12,53305,Libros,53528,PSE,App móvil,Android,Medellín,3,5,Sí
TXN-0000200,2023-02-16,56990,Moda,93985,Tarjeta crédito,App móvil,Desktop,Bogotá,6,5,No
TXN-0002405,2024-09-28,15242,Alimentos,9352,Contraentrega,App móvil,Android,Manizales,3,5,No
TXN-0005520,2023-05-05,51417,Alimentos,40431,Tarjeta débito,Sitio web,Android,Barranquilla,6,5,No
TXN-0005508,2023-03-11,38527,Electrónica,58603,Billetera digital,App móvil,Desktop,Medellín,4,5,No
TXN-0001999,2022-03-10,50916,Electrónica,821575,Tarjeta débito,App móvil,Android,Cúcuta,5,5,No
TXN-0004492,2022-09-06,14664,Juguetes,107772,Billetera digital,App móvil,Android,Bogotá,3,5,No
TXN-0003879,2024-12-06,-1,Moda,134803,Tarjeta crédito,Sitio web,Android,Pereira,7,5,No
TXN-0007254,,18486,Hogar,217033,Tarjeta crédito,Sitio web,iOS,Cúcuta,7,5,No
TXN-0000903,2023-03-24,16844,Belleza,86567,Tarjeta crédito,Sitio web,Desktop,Pereira,6,5,No
TXN-0003008,2024-12-14,18981,Tecnología,5000,PSE,Sitio web,Android,Medellín,2,5,No
TXN-0006167,2023-09-09,42305,Belleza,80858,Contraentrega,App móvil,iOS,Medellín,1,5,No
TXN-0003850,2024-03-16,55526,Electrónica,861156,Contraentrega,App móvil,Android,Bogotá,6,5,No
TXN-0004643,2022-08-19,-1,Mascotas,51006,Tarjeta débito,Sitio web,Android,Bogotá,4,5,No
TXN-0006169,2023-04-14,19082,Alimentos,41938,Tarjeta crédito,Sitio web,Android,Bogotá,4,5,No
TXN-0004908,2023-02-13,-1,Alimentos,33467,Tarjeta crédito,Sitio web,Android,Bogotá,4,5,No
TXN-0005178,2022-01-08,58694,Hogar,130836,Contraentrega,App móvil,iOS,Bogotá,7,5,No
TXN-0003335,2024-04-20,59234,Alimentos,53285,Contraentrega,Sitio web,iOS,Bogotá,4,5,No
TXN-0001228,2022-07-10,14628,Moda,173902,Tarjeta débito,App móvil,Android,Bogotá,6,5,No
TXN-0006093,2024-11-18,46218,Electrónica,783033,Tarjeta crédito,Sitio web,Android,Bogotá,4,5,No
TXN-0004982,2023-06-12,10945,Mascotas,96712,Contraentrega,App móvil,iOS,Cali,1,5,No
TXN-0005193,2024-12-27,34959,Electrónica,201928,Tarjeta crédito,Sitio web,Android,Cúcuta,3,5,No
TXN-0000403,2022-09-03,51300,Moda,135426,Tarjeta crédito,App móvil,Android,Bogotá,7,5,No
TXN-0004510,2023-05-31,56708,Belleza,14336,Tarjeta crédito,App móvil,Android,Cali,3,5,No
TXN-0007554,2022-02-12,31018,Electrónica,714803,Tarjeta débito,Sitio web,Android,Cali,2,5,No
TXN-0005403,2024-12-05,50291,Mascotas,109961,Contraentrega,App móvil,Android,Bogotá,5,5,No
TXN-0004169,2022-03-15,55588,Hogar,346731,PSE,App móvil,Android,Medellín,4,5,No
TXN-0000899,2023-12-02,32984,Electrónica,946314,Tarjeta crédito,App móvil,Android,Medellín,7,5,No
TXN-0002976,2022-02-21,14637,Belleza,63655,Tarjeta crédito,App móvil,Android,Manizales,3,5,No
TXN-0000775,2024-04-13,17955,Electrónica,249419,Tarjeta débito,App móvil,iOS,Cali,5,5,No
TXN-0005204,2023-04-21,29429,Hogar,227765,Tarjeta crédito,App móvil,Desktop,Bogotá,6,5,No
TXN-0001796,2024-04-17,52111,Deportes,77559,Tarjeta crédito,App móvil,iOS,Pereira,7,5,No
TXN-0003848,2022-03-15,40991,Hogar,208037,PSE,App móvil,Desktop,Barranquilla,3,5,No
TXN-0000415,2023-06-17,41583,Libros,53872,Tarjeta débito,App móvil,iOS,Cartagena,5,5,No
TXN-0001012,2024-07-08,39048,Moda,77055,Tarjeta crédito,App móvil,iOS,Cali,5,5,No
TXN-0003192,2022-03-15,39990,Electrónica,641817,Contraentrega,Sitio web,Android,Bogotá,6,5,No
TXN-0002630,2024-02-21,13137,Mascotas,71095,Tarjeta crédito,Sitio web,Android,Bogotá,2,5,No
TXN-0004130,2022-01-14,45980,Deportes,129696,Billetera digital,App móvil,iOS,Barranquilla,7,5,No
TXN-0004616,2022-05-20,42465,Alimentos,45583,Tarjeta débito,Sitio web,Android,Pereira,3,5,No
TXN-0001959,2022-12-04,32362,Deportes,108564,PSE,App móvil,Android,Medellín,5,5,No
TXN-0001572,2022-01-17,31829,Hogar,173211,Tarjeta crédito,Sitio web,Android,Cali,7,5,No
TXN-0000924,2023-02-01,42285,Tecnología,787854,Tarjeta débito,App móvil,Desconocido,Medellín,3,5,No
TXN-0004801,2024-06-18,15850,Moda,137975,Tarjeta crédito,Sitio web,Android,Cali,6,5,No
TXN-0007438,2024-03-25,24443,Moda,166258,Tarjeta débito,Sitio web,Desktop,Bogotá,5,5,No
TXN-0002964,2022-10-19,30932,Deportes,130118,Tarjeta crédito,App móvil,iOS,Bogotá,2,5,No
TXN-0006840,2022-11-26,37743,Deportes,143051,Tarjeta crédito,Sitio web,Android,Ibagué,4,5,No
TXN-0000116,2022-06-10,27327,Electrónica,825723,Tarjeta débito,App móvil,iOS,Cúcuta,3,5,No
TXN-0001403,2023-03-10,58825,Electrónica,948162,Tarjeta crédito,App móvil,Android,Bogotá,6,5,No
TXN-IMPUTADO-0048,2024-05-15,37926,Libros,54323,Tarjeta crédito,App móvil,Android,Cartagena,3,5,No
TXN-0002752,2024-03-11,33114,Electrónica,1087896,Tarjeta crédito,App móvil,iOS,Medellín,3,5,No
TXN-0004441,2022-08-07,17846,Tecnología,1082516,Tarjeta crédito,Sitio web,Android,Barranquilla,7,5,No
TXN-0007391,2024-03-21,36103,Moda,150732,PSE,App móvil,Desktop,Bucaramanga,1,5,No
TXN-0005124,2023-05-06,12795,Belleza,93605,PSE,Sitio web,Android,Medellín,5,5,No
TXN-0005254,2024-06-28,-1,Deportes,250563,Tarjeta crédito,App móvil,iOS,Cartagena,6,5,No
TXN-0005645,2022-02-27,39149,Deportes,184505,Tarjeta crédito,App móvil,iOS,Manizales,3,5,Sí
TXN-0003610,2024-03-07,10038,Electrónica,864223,Tarjeta crédito,App móvil,Android,Bogotá,7,5,No
TXN-0007776,2024-05-19,10512,Electrónica,506289,PSE,App móvil,iOS,Manizales,7,5,No
TXN-0006828,2022-01-03,12805,Juguetes,86488,Tarjeta débito,App móvil,Android,Pereira,3,5,No
TXN-0004225,2022-07-24,49730,Electrónica,671059,Contraentrega,App móvil,Android,Cali,5,5,No
TXN-0001131,,11992,Moda,155845,Tarjeta débito,App móvil,Desktop,Medellín,5,5,No
TXN-IMPUTADO-0049,2022-01-07,37975,Moda,150080,Tarjeta débito,App móvil,iOS,Manizales,2,5,No
TXN-0006569,2024-06-06,45095,Juguetes,34478,Tarjeta crédito,App móvil,Android,Barranquilla,6,5,No
TXN-0001137,2023-06-02,22222,Belleza,77589,Contraentrega,Sitio web,Desktop,Medellín,3,5,No
TXN-0006043,2024-07-24,56912,Belleza,74800,Tarjeta crédito,App móvil,Android,Bogotá,7,5,No
TXN-0006005,2024-08-31,44390,Moda,127704,Contraentrega,App móvil,Android,Barranquilla,3,5,No
TXN-0000063,2024-12-08,53783,Electrónica,973209,Tarjeta crédito,App móvil,Android,Barranquilla,3,5,No
TXN-0002900,2024-12-11,26572,Tecnología,1250912,PSE,App móvil,iOS,Bogotá,9,3,No
TXN-0005035,2023-10-25,57017,Belleza,11529,Tarjeta crédito,App móvil,Android,Barranquilla,8,5,No
TXN-0006531,2023-02-28,48444,Deportes,127663,Tarjeta crédito,Sitio web,Desconocido,Cali,5,5,No
TXN-0006354,,21878,Hogar,202887,Tarjeta débito,Sitio web,Android,Pereira,4,5,No
TXN-0007308,2024-02-19,54373,Belleza,74917,Billetera digital,App móvil,Desktop,Medellín,4,5,No
TXN-0007126,2022-03-16,53532,Deportes,105322,PSE,App móvil,Android,Bogotá,3,5,No
TXN-0007395,2023-12-16,18023,Mascotas,81358,Tarjeta crédito,Sitio web,Android,Pereira,4,5,Sí
TXN-0000457,2024-11-29,34430,Electrónica,700072,Tarjeta débito,Sitio web,Desktop,Manizales,4,5,No
TXN-0005776,2022-01-23,28693,Moda,198664,PSE,Sitio web,Android,Bogotá,7,5,No
TXN-0004902,2023-07-16,21827,Libros,15415,Billetera digital,App móvil,iOS,Cali,5,5,No
TXN-0005719,2022-06-05,17821,Moda,110504,Tarjeta crédito,App móvil,Android,Bogotá,6,5,No
TXN-IMPUTADO-0050,2024-02-19,58354,Hogar,81442,Tarjeta crédito,Sitio web,iOS,Ibagué,4,5,No
TXN-0001508,2024-03-22,46717,Electrónica,534406,Billetera digital,Sitio web,Android,Bucaramanga,4,5,No
TXN-0000235,2024-02-02,43231,Electrónica,437990,Contraentrega,Sitio web,Desktop,Ibagué,5,5,No
TXN-0006319,2023-01-06,17713,Moda,67446,PSE,App móvil,Android,Cartagena,7,5,No
TXN-0005642,2022-04-17,13875,Moda,60795,Tarjeta débito,App móvil,iOS,Barranquilla,3,5,No
TXN-0004050,2022-09-22,20124,Moda,199672,Contraentrega,Sitio web,Desktop,Bogotá,6,5,No
TXN-0003534,2024-04-07,-1,Hogar,154309,Tarjeta crédito,App móvil,Android,Cali,5,5,No
TXN-0003071,2023-10-31,44215,Electrónica,417482,Tarjeta crédito,Sitio web,Desktop,Cúcuta,9,5,No
TXN-0000627,2022-10-07,18796,Alimentos,54638,Tarjeta crédito,Sitio web,Android,Bogotá,2,5,No
TXN-0001570,2024-12-09,29464,Belleza,88287,Tarjeta débito,App móvil,iOS,Medellín,3,5,No
TXN-0003655,2024-01-12,13910,Electrónica,802959,Tarjeta débito,App móvil,Android,Bogotá,3,5,No
TXN-0001049,2022-04-08,45025,Electrónica,546835,Billetera digital,App móvil,Android,Cúcuta,1,5,No
TXN-0000179,2022-08-01,17226,Belleza,71420,PSE,App móvil,iOS,Cali,3,5,No
TXN-0002833,2023-11-02,22654,Alimentos,28464,Contraentrega,App móvil,Android,Cartagena,4,5,No
TXN-0002761,2022-02-04,29638,Deportes,283949,Contraentrega,App móvil,Android,Cartagena,4,5,No
TXN-0005540,2023-02-05,48827,Electrónica,820335,Contraentrega,Sitio web,Desktop,Pereira,6,5,No
TXN-0007705,2024-08-14,25752,Electrónica,829872,PSE,Sitio web,iOS,Medellín,3,5,No
TXN-0005513,2022-06-01,32850,Moda,112841,Tarjeta crédito,App móvil,Android,Cúcuta,6,5,No
TXN-0004439,2023-09-12,50979,Electrónica,515520,Contraentrega,App móvil,Android,Medellín,3,5,No
TXN-0005428,2023-06-04,54794,Belleza,83192,Billetera digital,Sitio web,Desktop,Bogotá,4,5,No
TXN-0006280,2024-12-20,36788,Alimentos,23826,Tarjeta crédito,App móvil,iOS,Cali,5,5,No
TXN-0002073,2024-07-10,36910,Libros,60087,PSE,Sitio web,Android,Bogotá,4,5,No
TXN-0007230,2023-07-27,53280,Moda,196571,Tarjeta débito,App móvil,iOS,Medellín,5,5,No
TXN-0000440,2022-12-08,37345,Belleza,66509,PSE,App móvil,iOS,Cartagena,7,5,No
TXN-0001104,2024-10-08,30967,Alimentos,54786,Billetera digital,App móvil,Desktop,Bogotá,7,5,No
TXN-0005517,2023-02-20,54798,Alimentos,35564,Tarjeta débito,Sitio web,Desktop,Cartagena,3,5,No
TXN-0007130,2024-10-29,39986,Deportes,119503,PSE,Sitio web,Desktop,Ibagué,5,5,No
TXN-0007273,2022-10-24,42771,Hogar,142783,Tarjeta crédito,App móvil,iOS,Bogotá,4,5,No
TXN-0001415,2024-06-18,57438,Juguetes,72383,Tarjeta crédito,App móvil,iOS,Cúcuta,7,5,No
TXN-0003931,2023-02-16,56198,Belleza,123714,Contraentrega,Sitio web,Desktop,Cali,6,5,No
TXN-0001275,,45853,Moda,66873,Tarjeta crédito,Sitio web,Desktop,Bogotá,4,5,No
TXN-0004415,2023-06-14,29096,Juguetes,137792,Contraentrega,Sitio web,Android,Bogotá,4,5,No
TXN-0005121,2022-08-23,48476,Moda,120542,Tarjeta crédito,Sitio web,Android,Cúcuta,4,5,No
TXN-0004950,2023-04-09,32358,Mascotas,44593,Tarjeta crédito,App móvil,Android,Barranquilla,2,5,No
TXN-0005249,2024-08-13,15165,Belleza,46259,Tarjeta débito,Sitio web,iOS,Bogotá,4,5,No
TXN-0006221,2023-09-13,43906,Tecnología,1244739,Contraentrega,Sitio web,iOS,Medellín,5,5,No
TXN-0001908,2024-04-05,42894,Juguetes,43547,PSE,Sitio web,Android,Cali,8,4,No
TXN-0004790,2022-06-21,55655,Alimentos,40493,PSE,Sitio web,Android,Bogotá,1,5,No
TXN-0006020,2022-02-04,37092,Mascotas,104337,Billetera digital,App móvil,Android,Pereira,2,5,No
TXN-0005385,2023-08-12,37938,Deportes,84371,Tarjeta crédito,Sitio web,Android,Barranquilla,1,5,No
TXN-IMPUTADO-0051,2024-11-28,14723,Libros,54822,PSE,Sitio web,Android,Bogotá,4,5,No
TXN-0001683,2024-12-08,41154,Hogar,203339,Tarjeta crédito,Sitio web,Desktop,Bucaramanga,5,5,No
TXN-0006298,2024-12-16,28658,Alimentos,18050,Tarjeta crédito,App móvil,Android,Medellín,1,5,No
TXN-0002884,2024-11-27,57261,Moda,80513,PSE,Sitio web,Android,Pereira,3,5,No
TXN-0003477,2024-03-29,37154,Deportes,12217,Tarjeta débito,App móvil,Desktop,Cúcuta,6,5,No
TXN-0006615,2023-01-19,35116,Alimentos,27784,Contraentrega,App móvil,Android,Bogotá,7,5,No
TXN-0001948,2022-01-22,52796,Moda,94867,Tarjeta crédito,App móvil,iOS,Medellín,2,5,No
TXN-0001013,2022-12-04,-1,Moda,89243,Contraentrega,Sitio web,Android,Cali,4,5,No
TXN-0007337,2022-06-09,23964,Moda,87306,Tarjeta débito,App móvil,Android,Medellín,2,5,No
TXN-0000388,2023-03-25,36760,Electrónica,1090321,Contraentrega,App móvil,iOS,Manizales,4,5,No
TXN-0007491,2024-09-20,58664,Hogar,109288,Tarjeta débito,Sitio web,Android,Manizales,5,5,No
TXN-0005660,2022-10-29,38118,Electrónica,551111,Tarjeta crédito,App móvil,Android,Bucaramanga,4,5,No
TXN-0007966,2022-01-20,-1,Hogar,154850,Contraentrega,Sitio web,Android,Medellín,8,3,No
TXN-0000384,2022-12-07,32550,Alimentos,72991,Tarjeta débito,App móvil,Android,Manizales,2,5,No
TXN-0007068,2023-04-08,22149,Juguetes,55364,Tarjeta débito,App móvil,Desktop,Bogotá,7,5,No
TXN-0004407,2024-08-05,30103,Belleza,55016,Tarjeta crédito,App móvil,Desconocido,Cali,7,5,No
TXN-IMPUTADO-0052,2022-11-21,34002,Moda,107975,Tarjeta crédito,App móvil,Android,Bogotá,2,5,No
TXN-IMPUTADO-0053,2023-04-22,13610,Moda,192147,Tarjeta débito,App móvil,Android,Bucaramanga,4,5,No
TXN-0006380,2024-03-02,56797,Alimentos,48195,Contraentrega,App móvil,Android,Medellín,5,5,No
TXN-0006838,2022-01-11,29446,Hogar,86743,Billetera digital,App móvil,Desconocido,Medellín,4,5,No
TXN-0000461,2023-08-28,34446,Belleza,104221,Tarjeta débito,App móvil,iOS,Barranquilla,3,5,No
TXN-0006944,2024-04-20,47223,Belleza,105474,Tarjeta débito,Sitio web,iOS,Bogotá,6,5,No
TXN-0000011,2022-08-09,47235,Alimentos,44505,Tarjeta crédito,Sitio web,Android,Cali,3,5,No
TXN-0006006,2024-11-29,-1,Deportes,147338,PSE,App móvil,Android,Bogotá,2,5,No
TXN-0003019,2023-03-30,50570,Moda,177928,Contraentrega,App móvil,Desktop,Medellín,4,5,No
TXN-0002364,2023-02-17,33882,Hogar,198688,PSE,App móvil,iOS,Bucaramanga,3,5,No
TXN-0001531,2022-11-07,49938,Moda,108819,PSE,Sitio web,Android,Cali,6,5,No
TXN-0000034,2023-01-23,37055,Belleza,50741,Billetera digital,App móvil,Desktop,Medellín,4,5,No
TXN-0002308,2024-02-10,28392,Deportes,163387,Tarjeta débito,App móvil,iOS,Medellín,2,5,No
TXN-0001186,2022-01-10,13503,Libros,53964,Billetera digital,App móvil,iOS,Medellín,3,5,No
TXN-0007275,2024-09-06,10883,Libros,57760,Tarjeta débito,Sitio web,iOS,Barranquilla,4,5,No
TXN-0004003,2022-10-26,49782,Tecnología,809722,Tarjeta débito,App móvil,Desktop,Cali,3,5,No
TXN-0006107,2023-01-21,18624,Belleza,18595,Tarjeta crédito,Sitio web,Desktop,Medellín,5,5,No
TXN-0005240,2023-09-07,57483,Moda,168402,Tarjeta débito,Sitio web,Android,Ibagué,2,5,No
TXN-0001032,2022-05-10,44286,Tecnología,966688,PSE,App móvil,Desktop,Cali,1,5,No
TXN-0006688,2022-02-03,31602,Juguetes,63630,Tarjeta crédito,Sitio web,Desktop,Bogotá,1,5,No
TXN-0002713,2024-12-21,14381,Moda,74186,Tarjeta débito,Sitio web,Android,Cartagena,6,5,No
TXN-0001763,2022-12-19,24913,Hogar,249044,Billetera digital,App móvil,Android,Barranquilla,2,5,No
TXN-0004824,2022-04-10,22553,Moda,136230,PSE,Sitio web,Android,Bogotá,4,5,No
TXN-0007002,2022-09-09,48975,Libros,55672,Contraentrega,App móvil,Desconocido,Bogotá,4,5,No
TXN-0004816,2023-11-06,49655,Moda,218994,Tarjeta crédito,App móvil,Android,Manizales,8,4,No
TXN-0003570,2024-12-10,21488,Alimentos,64818,Tarjeta débito,App móvil,Android,Barranquilla,1,5,No
TXN-0006636,2022-01-12,47298,Mascotas,5000,Tarjeta crédito,App móvil,Desktop,Cali,4,5,No
TXN-0003372,2024-09-09,18503,Deportes,184300,Tarjeta crédito,App móvil,Android,Pereira,6,5,No
TXN-0006109,2022-10-26,22157,Electrónica,937542,Tarjeta crédito,Sitio web,Android,Bogotá,6,5,No
TXN-0002778,2023-05-30,22924,Electrónica,454954,Tarjeta crédito,App móvil,iOS,Cúcuta,5,5,No
TXN-0007956,2024-05-07,21324,Deportes,172775,PSE,App móvil,iOS,Bogotá,6,5,No
TXN-0005458,2024-06-05,49036,Electrónica,775724,Billetera digital,App móvil,Android,Manizales,4,5,No
TXN-0000266,2024-03-06,18531,Hogar,179192,Tarjeta crédito,Sitio web,Android,Bucaramanga,3,5,No
TXN-0001028,2022-02-08,11040,Tecnología,415270,PSE,App móvil,iOS,Barranquilla,5,5,No
TXN-0006601,2024-05-16,34059,Hogar,161798,Tarjeta crédito,App móvil,Android,Ibagué,6,5,No
TXN-0001279,2024-10-16,52125,Juguetes,123632,Billetera digital,App móvil,Desconocido,Bogotá,4,5,No
TXN-0000860,2023-11-23,30425,Deportes,140271,Contraentrega,App móvil,iOS,Barranquilla,1,5,No
TXN-0000286,2024-06-05,12510,Deportes,190102,Tarjeta crédito,Sitio web,Desktop,Medellín,2,5,No
TXN-0001121,2022-06-10,44108,Moda,180539,Tarjeta débito,App móvil,Android,Cali,5,5,No
TXN-0002099,2023-05-13,21302,Hogar,88517,PSE,App móvil,Android,Bogotá,7,5,Sí
TXN-0004576,2022-05-09,22300,Mascotas,86525,Tarjeta débito,Sitio web,Android,Bogotá,5,5,No
TXN-0007534,2023-01-09,48610,Moda,101561,Contraentrega,App móvil,Android,Medellín,7,5,No
TXN-0006149,2023-05-08,44505,Hogar,57555,Contraentrega,App móvil,Android,Cúcuta,5,5,No
TXN-0002850,2024-05-21,38202,Electrónica,239691,Tarjeta crédito,App móvil,Android,Bogotá,7,5,No
TXN-0006985,2022-03-06,24794,Belleza,21331,Tarjeta crédito,App móvil,Desktop,Bogotá,5,5,No
TXN-0002262,2024-05-25,20631,Tecnología,977776,Contraentrega,App móvil,Android,Medellín,5,5,No
TXN-0003012,2024-04-06,49829,Juguetes,111943,Tarjeta crédito,App móvil,Android,Cali,2,5,No
TXN-0002022,2023-04-06,29136,Hogar,114434,PSE,App móvil,Android,Medellín,2,5,No
TXN-0000227,2022-05-30,58422,Alimentos,55002,Tarjeta crédito,App móvil,Android,Manizales,8,3,No
TXN-0006830,2024-10-15,43414,Belleza,75398,Billetera digital,Sitio web,Desktop,Bogotá,2,5,No
TXN-0001047,2023-10-31,52483,Belleza,32953,Tarjeta crédito,App móvil,iOS,Manizales,6,5,No
TXN-0001127,2022-06-10,30813,Hogar,247264,PSE,App móvil,Desktop,Manizales,5,5,No
TXN-0002446,2023-08-21,37242,Deportes,167547,Tarjeta crédito,App móvil,Android,Cali,4,5,Sí
TXN-0004419,2023-08-28,23245,Moda,73171,Tarjeta crédito,Sitio web,Android,Ibagué,4,5,No
TXN-0007609,2023-01-08,56118,Electrónica,686002,Contraentrega,Sitio web,Android,Bucaramanga,2,5,Sí
TXN-0005070,2022-08-22,-1,Moda,94654,Tarjeta crédito,App móvil,Android,Cali,2,5,No
TXN-0006233,2023-03-12,24683,Tecnología,1160491,Tarjeta débito,App móvil,Desktop,Cali,2,5,No
TXN-0005624,2023-08-08,37373,Hogar,261526,Tarjeta crédito,Sitio web,Desktop,Bogotá,8,4,No
TXN-0006635,2024-04-24,21921,Deportes,90158,PSE,App móvil,Desconocido,Cali,7,5,No
TXN-0007148,2023-10-06,15993,Moda,129599,PSE,App móvil,iOS,Cartagena,5,5,No
TXN-0000992,,33329,Belleza,82297,Contraentrega,Sitio web,iOS,Bogotá,3,5,No
TXN-0004001,2023-08-19,30292,Electrónica,717778,Billetera digital,Sitio web,Android,Cúcuta,2,5,No
TXN-0001919,2022-07-10,16017,Juguetes,77684,Contraentrega,Sitio web,iOS,Barranquilla,3,5,No
TXN-0005679,2024-06-11,18594,Deportes,63180,Tarjeta débito,Sitio web,Android,Cali,4,5,No
TXN-IMPUTADO-0054,2023-10-20,42110,Libros,85048,PSE,App móvil,Android,Cúcuta,5,5,No
TXN-0003621,2022-04-28,22619,Alimentos,79059,Tarjeta crédito,App móvil,Android,Barranquilla,3,5,No
TXN-0007287,2023-12-25,10290,Electrónica,760745,Tarjeta crédito,Sitio web,Android,Bogotá,3,5,No
TXN-0006525,2024-11-22,34116,Electrónica,738823,Contraentrega,App móvil,Desktop,Pereira,10,3,No
TXN-0001116,2024-06-10,35471,Tecnología,1219227,Tarjeta débito,App móvil,Desktop,Bogotá,4,5,No
TXN-0007912,2022-04-12,42134,Moda,140061,Contraentrega,App móvil,Desconocido,Bogotá,4,5,Sí
TXN-0005117,2024-03-23,16611,Moda,96860,Contraentrega,Sitio web,Android,Medellín,3,5,No
TXN-0005297,2023-11-26,48270,Hogar,257485,PSE,Sitio web,iOS,Pereira,5,5,No
TXN-0004976,2023-10-22,20025,Libros,74290,Tarjeta crédito,Sitio web,Desktop,Bucaramanga,3,5,No
TXN-0007852,2024-08-01,10207,Mascotas,85079,Contraentrega,App móvil,Android,Cali,9,4,No
TXN-0000464,2022-06-14,10206,Electrónica,472813,Tarjeta crédito,Sitio web,Desktop,Bogotá,4,5,No
TXN-0001615,2023-07-01,18936,Juguetes,83395,Tarjeta débito,Sitio web,Desktop,Barranquilla,5,5,No
TXN-0001229,2022-11-26,50225,Electrónica,269858,Tarjeta débito,Sitio web,Android,Ibagué,7,5,No
TXN-0000975,2023-03-24,16149,Libros,48425,Tarjeta débito,Sitio web,Android,Bogotá,9,3,Sí
TXN-0003198,,12567,Electrónica,808174,PSE,App móvil,iOS,Bogotá,3,5,No
TXN-0000605,2023-09-29,21290,Moda,76208,Tarjeta crédito,App móvil,Android,Bogotá,3,5,No
TXN-0007948,2022-11-24,47959,Belleza,44188,Contraentrega,Sitio web,Android,Cali,3,5,No
TXN-0005151,2023-04-02,19779,Deportes,54081,Tarjeta crédito,Sitio web,Desktop,Barranquilla,3,5,No
TXN-0005905,2023-11-01,12598,Belleza,86234,Billetera digital,App móvil,Desktop,Cartagena,8,5,No
TXN-0001737,2023-11-23,38507,Juguetes,86082,PSE,Sitio web,Desconocido,Barranquilla,3,5,No
TXN-0003242,2022-09-22,31688,Electrónica,505897,Tarjeta débito,Sitio web,Android,Medellín,1,5,No
TXN-IMPUTADO-0055,2024-12-22,16059,Juguetes,52982,Contraentrega,App móvil,Desktop,Cúcuta,2,5,No
TXN-0006723,2024-07-23,50247,Libros,76084,PSE,App móvil,Android,Pereira,3,5,No
TXN-0007368,2023-07-25,25352,Mascotas,35484,Contraentrega,App móvil,Android,Barranquilla,5,5,No
TXN-0006686,2024-03-27,19792,Moda,133579,PSE,Sitio web,Desktop,Bogotá,8,3,No
TXN-0000264,2023-04-06,12206,Electrónica,1115557,PSE,App móvil,Android,Cúcuta,7,5,No
TXN-0001198,2024-04-28,41769,Deportes,126439,Billetera digital,App móvil,Android,Cali,10,3,No
TXN-0001932,2023-07-17,50611,Hogar,243879,Tarjeta crédito,App móvil,Android,Cartagena,3,5,No
TXN-0003528,2023-06-14,30580,Electrónica,946960,PSE,Sitio web,iOS,Barranquilla,3,5,No
TXN-IMPUTADO-0056,2024-10-19,22871,Libros,44424,Tarjeta crédito,Sitio web,Android,Cartagena,4,5,No
TXN-0005340,,39087,Deportes,183902,Tarjeta crédito,App móvil,Desktop,Bogotá,1,5,No
TXN-0000078,2023-02-04,58320,Alimentos,34774,Tarjeta débito,App móvil,Android,Bogotá,6,5,No
TXN-0000833,2024-12-29,54490,Deportes,146177,PSE,App móvil,iOS,Medellín,6,5,No
TXN-0003187,2023-04-01,59856,Belleza,139258,PSE,App móvil,Desktop,Bucaramanga,2,5,No
TXN-0001378,,33884,Electrónica,483016,Contraentrega,App móvil,Android,Cúcuta,3,5,No
TXN-0005250,2023-04-30,35191,Tecnología,995606,Tarjeta crédito,App móvil,iOS,Barranquilla,5,5,No
TXN-0001168,2023-10-20,15695,Libros,69755,Tarjeta débito,Sitio web,Android,Cartagena,5,5,No
TXN-0001611,2024-08-15,15193,Libros,60617,PSE,App móvil,iOS,Medellín,7,5,No
TXN-0003672,2024-02-20,19064,Electrónica,697779,PSE,App móvil,Android,Bogotá,3,5,No
TXN-0007220,2022-01-08,42976,Tecnología,408844,Tarjeta crédito,Sitio web,Android,Manizales,3,5,No
TXN-0006463,2022-12-18,50294,Belleza,119112,PSE,Sitio web,Android,Cali,5,5,No
TXN-0002783,2024-10-06,27469,Hogar,205302,PSE,App móvil,Android,Bucaramanga,6,5,No
TXN-0003179,2023-02-12,54325,Juguetes,98436,Tarjeta débito,App móvil,Android,Ibagué,2,5,No
TXN-0001821,2024-10-12,58183,Electrónica,807096,Tarjeta crédito,App móvil,Desktop,Ibagué,8,4,No
TXN-0002370,2022-08-01,35487,Belleza,102861,Tarjeta crédito,App móvil,iOS,Bogotá,3,5,No
TXN-0006414,2024-08-22,-1,Electrónica,963729,PSE,App móvil,Android,Medellín,4,5,No
TXN-0007714,2022-07-20,28139,Hogar,230922,Tarjeta crédito,App móvil,Android,Cali,4,5,No
TXN-0000195,2024-08-31,59989,Moda,109005,PSE,App móvil,Android,Barranquilla,3,5,No
TXN-0007824,2023-04-09,24703,Alimentos,19595,PSE,App móvil,Android,Medellín,6,5,No
TXN-0002396,2024-08-20,53812,Moda,99092,Tarjeta crédito,Sitio web,Android,Cúcuta,3,5,No
TXN-0000930,2022-10-10,19693,Alimentos,24050,PSE,Sitio web,iOS,Medellín,4,5,No
TXN-0003345,2022-08-08,40104,Juguetes,80804,Tarjeta crédito,Sitio web,iOS,Cali,3,5,No
TXN-0002992,2023-06-01,12315,Deportes,252640,PSE,App móvil,Android,Medellín,5,5,No
TXN-0006887,2024-05-24,16731,Belleza,66320,Tarjeta débito,Sitio web,iOS,Bogotá,4,5,No
TXN-0006091,2023-04-14,20825,Juguetes,114932,Contraentrega,App móvil,Android,Manizales,3,5,No
TXN-0007758,2022-05-08,18625,Tecnología,503688,PSE,Sitio web,Android,Bogotá,6,5,No
TXN-0006940,2024-02-03,57662,Belleza,43070,Tarjeta crédito,App móvil,Desktop,Ibagué,2,5,No
TXN-0005456,,33270,Tecnología,917498,Billetera digital,App móvil,Android,Cali,6,5,No
TXN-0007164,2024-08-22,35267,Moda,209089,Tarjeta débito,App móvil,Desktop,Cúcuta,6,5,No
TXN-0007083,2024-01-28,45743,Moda,67009,Tarjeta débito,App móvil,Desktop,Bogotá,5,5,No
TXN-0001622,2024-03-13,19646,Electrónica,897412,Tarjeta crédito,App móvil,iOS,Bogotá,3,5,No
TXN-0003827,2024-07-30,46864,Moda,152130,Billetera digital,Sitio web,Android,Barranquilla,5,5,No
TXN-0006209,2024-08-19,19930,Juguetes,125295,Contraentrega,Sitio web,iOS,Bogotá,5,5,No
TXN-0005411,2024-04-13,36587,Moda,68806,Tarjeta crédito,Sitio web,iOS,Cali,4,5,No
TXN-0006687,2022-10-29,12059,Belleza,43490,Tarjeta crédito,App móvil,Desktop,Bogotá,5,5,No
TXN-0006831,2022-05-24,19388,Hogar,238144,Tarjeta crédito,App móvil,Desktop,Pereira,5,5,No
TXN-0004170,2024-03-14,55077,Moda,102546,Tarjeta crédito,App móvil,iOS,Bucaramanga,2,5,No
TXN-0002496,2022-09-02,55938,Electrónica,643634,Tarjeta débito,Sitio web,Android,Manizales,4,5,No
TXN-0001973,2022-02-27,11499,Moda,129893,PSE,App móvil,iOS,Cali,6,5,No
TXN-0001709,2024-09-03,23183,Hogar,222878,Billetera digital,App móvil,iOS,Ibagué,4,5,No
TXN-0000940,2024-06-18,47530,Alimentos,34400,PSE,App móvil,Android,Bogotá,3,5,No
TXN-0001286,2023-03-14,32283,Hogar,180412,PSE,Sitio web,Desktop,Bogotá,1,5,No
TXN-0006407,2023-04-15,-1,Hogar,229635,Tarjeta crédito,App móvil,Desktop,Bogotá,3,5,No
TXN-0005111,2022-01-10,57388,Mascotas,43699,Tarjeta crédito,Sitio web,Android,Bogotá,3,5,No
TXN-IMPUTADO-0057,2022-08-18,51537,Mascotas,20154,Tarjeta débito,App móvil,Android,Bogotá,4,5,No
TXN-0002202,2023-05-07,20627,Libros,65380,PSE,Sitio web,Android,Bogotá,2,5,No
TXN-0007493,2022-05-04,22380,Hogar,312961,PSE,App móvil,iOS,Cali,6,5,No
TXN-0004308,2023-07-21,59305,Moda,88943,Contraentrega,App móvil,Android,Bogotá,5,5,No
TXN-0001501,2024-11-01,56569,Electrónica,755823,Contraentrega,Sitio web,Desktop,Cartagena,5,5,No
TXN-0002617,2024-12-19,13737,Hogar,137401,Contraentrega,Sitio web,Desktop,Barranquilla,7,5,No
TXN-0001133,2022-08-01,12899,Mascotas,99244,PSE,App móvil,iOS,Medellín,4,5,No
TXN-0001624,2023-06-27,27244,Libros,70460,Billetera digital,Sitio web,Desconocido,Manizales,7,5,No
TXN-0000153,2024-01-15,45056,Libros,68788,Tarjeta débito,App móvil,iOS,Bogotá,5,5,No
TXN-0001453,2024-07-05,43355,Moda,98935,PSE,App móvil,Android,Pereira,9,3,No
TXN-0004358,2023-05-12,40783,Libros,36027,PSE,Sitio web,Desktop,Cali,3,5,No
TXN-0000886,2022-05-18,-1,Tecnología,1373860,Contraentrega,App móvil,Android,Bogotá,3,5,No
TXN-0004910,2022-03-08,17854,Hogar,171096,Tarjeta débito,Sitio web,Android,Bucaramanga,4,5,No
TXN-0005368,2024-08-22,57449,Electrónica,795405,PSE,Sitio web,Android,Cartagena,4,5,No
TXN-0003118,2024-01-07,19015,Deportes,226112,PSE,App móvil,Android,Bucaramanga,4,5,No
TXN-0002297,2022-05-19,10643,Alimentos,73516,Tarjeta crédito,App móvil,Desktop,Bogotá,5,5,No
TXN-0000568,2024-08-17,41785,Electrónica,818705,Tarjeta crédito,Sitio web,iOS,Ibagué,3,5,No
TXN-0006313,2022-09-06,10499,Alimentos,15840,PSE,App móvil,iOS,Barranquilla,5,5,No
TXN-IMPUTADO-0058,2024-12-06,32994,Hogar,208850,Tarjeta crédito,App móvil,Android,Bucaramanga,5,5,No
TXN-0005062,2023-05-16,36239,Juguetes,84845,Billetera digital,App móvil,Desktop,Bogotá,2,5,No
TXN-0003496,2023-10-16,23750,Alimentos,43204,PSE,App móvil,Android,Bogotá,4,5,No
TXN-0006227,2022-12-27,53471,Mascotas,58393,Tarjeta crédito,App móvil,Android,Cali,4,5,No
TXN-0004735,2024-02-22,47808,Electrónica,340947,Billetera digital,App móvil,Android,Medellín,4,5,No
TXN-0000120,2022-09-24,16129,Hogar,113194,Contraentrega,App móvil,iOS,Manizales,4,5,No
TXN-0005974,2022-09-29,14076,Moda,117071,PSE,App móvil,iOS,Pereira,7,5,No
TXN-0003453,2022-02-24,41633,Hogar,240350,PSE,App móvil,iOS,Bogotá,2,5,No
TXN-0003522,2023-10-30,14120,Deportes,178194,Tarjeta débito,App móvil,Android,Ibagué,3,5,No
TXN-0002419,2024-03-15,32822,Moda,100902,Contraentrega,App móvil,iOS,Ibagué,5,5,No
TXN-0006432,2022-10-05,30325,Libros,77879,Tarjeta crédito,App móvil,iOS,Medellín,3,5,No
TXN-0001101,2022-12-06,35896,Alimentos,35216,Tarjeta crédito,Sitio web,Android,Barranquilla,2,5,No
TXN-0000677,2023-11-11,37154,Hogar,177794,PSE,App móvil,Android,Manizales,3,5,No
TXN-0002005,2022-10-09,38603,Moda,174428,Contraentrega,Sitio web,Android,Cali,1,5,No
TXN-0002562,2022-11-18,44938,Juguetes,77396,Tarjeta débito,Sitio web,Android,Pereira,1,5,No
TXN-0006515,2024-01-26,13057,Moda,5000,Tarjeta crédito,Sitio web,Desktop,Bogotá,5,5,No
TXN-0006511,2024-02-20,40270,Juguetes,60449,Contraentrega,App móvil,iOS,Bogotá,2,5,Sí
TXN-0003257,2024-07-28,27007,Mascotas,35407,Contraentrega,App móvil,Desktop,Bogotá,5,5,No
TXN-0006867,2023-09-08,23482,Electrónica,339887,PSE,App móvil,Desktop,Cúcuta,2,5,No
TXN-0005895,2022-03-02,40441,Juguetes,124474,Tarjeta crédito,Sitio web,Desconocido,Bogotá,5,5,No
TXN-0006645,2023-12-20,19956,Deportes,230928,Tarjeta débito,App móvil,Android,Ibagué,1,5,No
TXN-0002126,2022-06-15,13969,Moda,100295,Tarjeta crédito,App móvil,iOS,Bucaramanga,4,5,Sí
TXN-0002774,2022-05-06,39354,Moda,89875,PSE,Sitio web,Desktop,Medellín,3,5,No
TXN-0004678,2023-08-04,12074,Libros,35751,Contraentrega,Sitio web,Desktop,Barranquilla,7,5,No
TXN-0001254,2022-07-15,43465,Alimentos,25855,Contraentrega,Sitio web,Android,Cali,2,5,No
TXN-0001169,2024-08-07,58089,Mascotas,5000,Tarjeta crédito,App móvil,Android,Bucaramanga,4,5,No
TXN-0005963,2023-02-19,49736,Juguetes,87576,Tarjeta débito,Sitio web,Android,Medellín,2,5,No
TXN-0003168,2024-04-25,43825,Deportes,161936,Tarjeta crédito,Sitio web,iOS,Bogotá,2,5,No
TXN-0006131,2022-09-09,51946,Belleza,109830,Tarjeta crédito,App móvil,Android,Medellín,4,5,No
TXN-0003284,2022-11-14,12496,Moda,89622,Tarjeta crédito,Sitio web,iOS,Medellín,3,5,No
TXN-0007713,2023-05-12,41946,Mascotas,51970,Tarjeta débito,Sitio web,Android,Medellín,5,5,No
TXN-0005307,2023-05-24,43894,Moda,135123,Billetera digital,App móvil,Android,Bogotá,4,5,No
TXN-0004484,2022-06-02,34076,Moda,149698,PSE,App móvil,Desktop,Bogotá,4,5,No
TXN-0001621,2024-03-11,54793,Belleza,146710,Tarjeta crédito,App móvil,Android,Cali,5,5,No
TXN-0002896,2024-04-18,37846,Moda,189884,Tarjeta crédito,Sitio web,Android,Cali,3,5,No
TXN-0005789,2023-06-01,45715,Hogar,5000,Billetera digital,Sitio web,Android,Bogotá,7,5,No
TXN-0004612,2023-09-02,55956,Deportes,119880,Tarjeta débito,App móvil,Android,Bogotá,5,5,No
TXN-0006797,2022-11-27,39779,Electrónica,515641,Tarjeta débito,App móvil,iOS,Cali,4,5,No
TXN-0003085,2024-11-26,29015,Electrónica,529862,Billetera digital,App móvil,iOS,Medellín,2,5,No
TXN-0007890,2024-08-21,50101,Electrónica,651805,Tarjeta débito,App móvil,Android,Cúcuta,2,5,No
TXN-0006965,2024-06-11,25676,Electrónica,643273,PSE,App móvil,iOS,Medellín,6,5,No
TXN-0005928,2023-04-19,44296,Electrónica,728110,Billetera digital,App móvil,Desktop,Bogotá,4,5,No
TXN-0000539,2024-07-26,57006,Electrónica,392618,Tarjeta crédito,App móvil,Android,Medellín,5,5,No
TXN-0001482,2023-11-25,31433,Belleza,74533,Tarjeta crédito,Sitio web,iOS,Medellín,2,5,No
TXN-0004847,2024-03-18,58880,Hogar,132986,Tarjeta débito,Sitio web,iOS,Cali,4,5,No
TXN-0007900,,35002,Electrónica,293709,Tarjeta débito,App móvil,iOS,Bucaramanga,2,5,Sí
TXN-0002326,2024-05-06,39826,Libros,48655,Billetera digital,Sitio web,iOS,Cali,4,5,No
TXN-0004742,2023-03-29,29918,Electrónica,882999,Billetera digital,App móvil,Android,Barranquilla,3,5,No
TXN-0002651,2023-05-17,30982,Alimentos,65761,Tarjeta crédito,Sitio web,Android,Medellín,4,5,No
TXN-0005900,2024-08-08,23537,Electrónica,974698,Tarjeta débito,Sitio web,Android,Pereira,3,5,No
TXN-0006142,2022-11-30,43365,Juguetes,133133,Tarjeta débito,Sitio web,iOS,Barranquilla,8,4,No
TXN-0007359,2022-04-29,54330,Electrónica,299259,Tarjeta crédito,App móvil,Android,Bogotá,6,5,No
TXN-0003268,2023-07-06,51924,Deportes,223434,PSE,App móvil,Android,Cali,7,5,No
TXN-0003376,2022-03-11,57413,Juguetes,46184,Contraentrega,App móvil,Android,Bogotá,1,5,No
TXN-0000248,2022-10-20,50416,Moda,130929,Tarjeta crédito,App móvil,Android,Cali,4,5,No
TXN-0000892,2022-04-22,29778,Electrónica,746383,PSE,App móvil,Desktop,Barranquilla,2,5,No
TXN-0003654,2023-01-27,53315,Libros,40960,Tarjeta débito,App móvil,Android,Medellín,5,5,No
TXN-0006808,2023-05-30,-1,Alimentos,55149,Tarjeta crédito,App móvil,Desktop,Cartagena,2,5,No
TXN-0004181,2024-08-10,47123,Electrónica,714625,Tarjeta crédito,App móvil,Android,Bogotá,1,5,No
TXN-0004327,2023-10-17,36902,Moda,109709,Contraentrega,Sitio web,iOS,Medellín,1,5,No
TXN-0005747,2023-01-17,25538,Electrónica,481199,Billetera digital,Sitio web,Android,Medellín,6,5,No
TXN-0002327,2023-03-17,31828,Juguetes,73961,Tarjeta débito,Sitio web,Android,Medellín,6,5,No
TXN-0004777,2022-08-03,44069,Deportes,75142,Tarjeta débito,App móvil,Android,Bogotá,2,5,No
TXN-0004259,2023-01-08,26506,Alimentos,26087,Billetera digital,App móvil,iOS,Bogotá,4,5,No
TXN-0000712,2024-07-13,22081,Hogar,160367,Contraentrega,App móvil,Android,Bogotá,5,5,No
TXN-0004025,2023-12-16,26614,Hogar,98582,PSE,App móvil,Android,Medellín,2,5,No
TXN-0003499,2022-05-17,59171,Electrónica,401834,Tarjeta crédito,Sitio web,Desconocido,Cúcuta,4,5,No
TXN-0007454,,54910,Hogar,35890,Tarjeta crédito,Sitio web,Android,Barranquilla,3,5,No
TXN-0003791,2023-02-01,16378,Deportes,179196,PSE,Sitio web,Android,Bogotá,5,5,No
TXN-0001746,2022-10-16,58198,Belleza,120334,Tarjeta crédito,Sitio web,Desktop,Bogotá,4,5,No
TXN-0007215,2023-10-28,27777,Belleza,50910,Contraentrega,App móvil,iOS,Bogotá,3,5,No
TXN-0007597,2022-07-22,12137,Electrónica,391193,Contraentrega,App móvil,iOS,Barranquilla,8,3,No
TXN-0004502,2023-09-12,22214,Moda,20944,Contraentrega,App móvil,iOS,Cali,4,5,No
TXN-0000204,2022-08-15,38390,Electrónica,604926,Tarjeta crédito,Sitio web,Android,Cali,3,5,No
TXN-0001182,2022-05-23,23683,Alimentos,55789,Tarjeta débito,App móvil,iOS,Manizales,3,5,No
TXN-0006066,2024-08-13,-1,Electrónica,395454,Contraentrega,Sitio web,Android,Cali,4,5,No
TXN-0000492,2022-12-31,57362,Hogar,167789,Tarjeta débito,App móvil,Android,Bogotá,9,3,No
TXN-0003794,2022-07-28,12213,Juguetes,114659,Contraentrega,Sitio web,Android,Medellín,4,5,No
TXN-0006918,2024-06-29,51450,Belleza,98673,Contraentrega,App móvil,Desktop,Bogotá,2,5,No
TXN-0004530,2023-12-28,22652,Electrónica,170321,Tarjeta débito,App móvil,Android,Medellín,3,5,No
TXN-0004254,2023-03-04,50196,Belleza,97421,Tarjeta débito,App móvil,Android,Bogotá,6,5,No
TXN-0002959,2024-10-29,39372,Electrónica,1014262,Tarjeta débito,App móvil,Android,Barranquilla,5,5,No
TXN-0007689,2022-01-08,10301,Electrónica,1090237,Contraentrega,Sitio web,iOS,Bucaramanga,2,5,No
TXN-0001385,2024-07-24,59960,Libros,79442,Contraentrega,App móvil,Android,Bogotá,5,5,No
TXN-0001320,2023-10-07,13705,Libros,42135,Contraentrega,App móvil,iOS,Bogotá,7,5,No
TXN-0004382,2022-02-24,26053,Moda,133851,PSE,App móvil,Android,Bogotá,5,5,No
TXN-0000669,2023-04-18,29841,Mascotas,44555,Tarjeta crédito,App móvil,Android,Bogotá,4,5,No
TXN-0005659,,25487,Juguetes,102808,Contraentrega,Sitio web,iOS,Cartagena,3,5,No
TXN-0002054,2023-04-13,16697,Belleza,91637,PSE,App móvil,Desconocido,Bogotá,4,5,No
TXN-0001876,2023-09-30,27728,Belleza,137178,Contraentrega,App móvil,iOS,Medellín,8,5,No
TXN-0000540,2024-10-29,58172,Deportes,98050,Tarjeta débito,App móvil,Android,Bogotá,2,5,No
TXN-0006028,2023-06-22,25123,Hogar,165094,Billetera digital,App móvil,iOS,Cúcuta,6,5,No
TXN-0006748,2022-05-22,35061,Deportes,139306,PSE,Sitio web,Desktop,Medellín,5,5,No
TXN-0004029,2023-08-26,20205,Deportes,105378,Tarjeta crédito,App móvil,iOS,Ibagué,7,5,No
TXN-0007296,,27165,Moda,88118,Billetera digital,App móvil,iOS,Bogotá,7,5,No
TXN-0000022,2023-07-11,41929,Hogar,372594,Tarjeta crédito,App móvil,Android,Barranquilla,3,5,No
TXN-0005751,2024-07-07,49337,Hogar,186059,Tarjeta crédito,App móvil,Desktop,Bogotá,3,5,No
TXN-0003658,2022-01-08,21427,Alimentos,27960,Tarjeta crédito,App móvil,Android,Cúcuta,5,5,No
TXN-0007851,2023-04-12,42586,Alimentos,37124,Tarjeta crédito,App móvil,iOS,Bogotá,4,5,No
TXN-0002749,2024-06-14,11047,Juguetes,118668,Tarjeta crédito,App móvil,Android,Cartagena,9,5,No
TXN-0005832,2023-04-24,56040,Deportes,78903,PSE,App móvil,Android,Cali,6,5,No
TXN-0007369,2022-07-02,57053,Alimentos,34237,PSE,App móvil,Desktop,Cali,3,5,No
TXN-0006566,2022-05-23,52849,Hogar,168668,Contraentrega,Sitio web,Android,Medellín,2,5,No
TXN-0003987,2024-12-22,15994,Tecnología,493148,Contraentrega,App móvil,Desktop,Cali,7,5,No
TXN-0004514,2024-10-25,54163,Moda,124459,Contraentrega,Sitio web,Android,Medellín,4,5,No
TXN-0003744,2023-04-16,18478,Libros,58253,PSE,App móvil,Android,Cali,7,5,Sí
TXN-0000821,2023-05-01,34721,Hogar,206450,Tarjeta crédito,App móvil,Desktop,Bogotá,5,5,No
TXN-0001089,2023-02-17,58197,Deportes,67977,Tarjeta crédito,App móvil,iOS,Bogotá,5,5,No
TXN-0001879,2022-02-05,23677,Belleza,123228,Billetera digital,App móvil,Android,Cúcuta,2,5,No
TXN-0000744,2022-10-22,34551,Juguetes,128890,Tarjeta débito,App móvil,Desconocido,Bogotá,4,5,No
TXN-0006419,2022-06-18,51185,Hogar,184876,Tarjeta débito,Sitio web,Android,Bogotá,8,3,No
TXN-0005216,2024-02-13,40423,Alimentos,26235,Contraentrega,App móvil,Desktop,Cali,7,5,No
TXN-0002472,2024-03-07,55056,Belleza,72367,Billetera digital,App móvil,Desktop,Medellín,6,5,No
TXN-0007753,2022-09-08,13303,Libros,52723,Tarjeta crédito,App móvil,Android,Pereira,4,5,No
TXN-0005053,2022-08-18,38591,Moda,178395,Tarjeta crédito,Sitio web,Desktop,Bogotá,7,5,No
TXN-0007040,2023-06-28,46118,Electrónica,663248,PSE,App móvil,Desktop,Bucaramanga,6,5,No
TXN-0007562,2024-07-25,56079,Hogar,295386,Billetera digital,App móvil,Android,Cali,6,5,No
TXN-0000167,2023-12-25,36779,Deportes,182977,Tarjeta crédito,App móvil,Android,Bogotá,6,5,No
TXN-0007971,2022-03-18,55198,Belleza,60504,Tarjeta crédito,App móvil,iOS,Ibagué,6,5,No
TXN-0005414,2024-03-17,32276,Tecnología,168414,Tarjeta crédito,Sitio web,iOS,Cartagena,7,5,No
TXN-0003451,2022-03-20,37183,Hogar,253467,Tarjeta débito,Sitio web,Android,Medellín,4,5,Sí
TXN-0005445,2022-11-29,17820,Belleza,130887,Tarjeta débito,Sitio web,iOS,Bogotá,6,5,No
TXN-0000247,2023-12-30,15248,Tecnología,952524,Tarjeta débito,App móvil,Android,Cali,5,5,No
TXN-0007954,2023-01-22,50713,Electrónica,732843,Tarjeta crédito,App móvil,Android,Cali,3,5,No
TXN-0001741,2022-09-15,47606,Moda,95581,Billetera digital,App móvil,Android,Cartagena,5,5,No
TXN-0006701,2024-03-28,52021,Moda,135047,Contraentrega,App móvil,Android,Medellín,4,5,No
TXN-0006018,2023-08-19,44803,Deportes,250871,Tarjeta crédito,App móvil,Android,Medellín,5,5,No
TXN-0004541,2023-03-21,58949,Moda,69425,Tarjeta crédito,App móvil,Desktop,Medellín,6,5,No
TXN-0007189,2024-01-11,33214,Belleza,78185,Tarjeta crédito,Sitio web,Android,Ibagué,2,5,Sí
TXN-0004200,2023-08-17,17871,Moda,192612,Billetera digital,App móvil,Desktop,Manizales,5,5,No
TXN-0004251,2024-01-29,24386,Electrónica,592012,Tarjeta crédito,Sitio web,Android,Bogotá,4,5,No
TXN-0001304,2023-08-30,50846,Deportes,175056,Tarjeta crédito,Sitio web,Android,Bogotá,6,5,No
TXN-0000956,2023-05-19,10605,Juguetes,140704,Tarjeta crédito,App móvil,Desktop,Bogotá,1,5,No
TXN-0007865,2024-05-01,14486,Deportes,105798,Billetera digital,Sitio web,Android,Cali,4,5,No
TXN-0005962,2024-04-12,55056,Moda,126573,PSE,App móvil,Android,Barranquilla,2,5,No
TXN-0003786,2023-09-23,11495,Mascotas,48983,Tarjeta débito,Sitio web,Desktop,Cartagena,2,5,No
TXN-0002043,2024-01-27,22160,Alimentos,29174,PSE,App móvil,Desconocido,Bogotá,5,5,No
TXN-0003294,2022-02-11,50912,Libros,62158,Billetera digital,App móvil,iOS,Barranquilla,4,5,No
TXN-0003065,2024-01-31,15509,Electrónica,948939,PSE,Sitio web,iOS,Pereira,6,5,No
TXN-0005950,2024-04-02,57544,Belleza,37288,Tarjeta crédito,App móvil,Desktop,Bucaramanga,4,5,No
TXN-0003267,2023-01-27,24051,Tecnología,763234,PSE,App móvil,Desktop,Cali,6,5,No
TXN-0005424,2024-07-19,53205,Juguetes,98282,PSE,App móvil,iOS,Manizales,3,5,No
TXN-0007387,2024-06-03,48730,Alimentos,44217,Contraentrega,Sitio web,Android,Bogotá,2,5,No
TXN-0007641,2023-11-19,42197,Moda,94573,Tarjeta crédito,App móvil,Android,Cartagena,2,5,No
TXN-0002132,2022-10-30,31708,Moda,191415,PSE,App móvil,Android,Pereira,3,5,Sí
TXN-0002937,2023-10-04,11145,Hogar,158429,Tarjeta crédito,App móvil,Android,Pereira,9,3,No
TXN-0005182,2022-10-12,51673,Deportes,24623,Tarjeta crédito,App móvil,Android,Cali,2,5,No
TXN-0000603,2024-10-22,19302,Deportes,107189,PSE,App móvil,Android,Bogotá,4,5,No
TXN-0005626,2024-10-19,20654,Moda,65355,PSE,App móvil,iOS,Cali,2,5,No
TXN-0001628,2023-06-11,23777,Moda,189559,Tarjeta crédito,Sitio web,Android,Bogotá,4,5,No
TXN-0002724,2023-08-07,29979,Libros,30841,Contraentrega,App móvil,Desktop,Barranquilla,6,5,No
TXN-0000696,2022-09-20,36663,Electrónica,541732,Contraentrega,App móvil,Android,Medellín,5,5,No
TXN-0007053,2022-11-18,25467,Moda,92152,Tarjeta débito,App móvil,iOS,Ibagué,2,5,No
TXN-0001466,2023-12-08,34129,Hogar,258566,Tarjeta crédito,App móvil,Android,Bogotá,5,5,No
TXN-0007755,2022-08-23,36275,Belleza,65821,Tarjeta crédito,App móvil,Desconocido,Cúcuta,6,5,No
TXN-0004405,2024-03-17,53242,Moda,144294,Tarjeta crédito,App móvil,Android,Ibagué,7,5,No
TXN-0005691,2022-12-24,47622,Mascotas,69107,Tarjeta crédito,App móvil,Android,Cali,7,5,No
TXN-0006911,2022-03-07,57660,Belleza,15380,Tarjeta débito,Sitio web,Android,Cartagena,1,5,No
TXN-0002013,2022-08-29,18316,Alimentos,37985,Contraentrega,App móvil,iOS,Manizales,6,5,No
TXN-0004361,2023-10-04,34271,Tecnología,536725,Tarjeta crédito,App móvil,Desktop,Ibagué,3,5,No
TXN-0003305,2024-01-02,38903,Mascotas,5000,Tarjeta crédito,Sitio web,Android,Medellín,6,5,Sí
TXN-0005129,2024-12-30,45535,Electrónica,677343,PSE,App móvil,Android,Cali,3,5,No
TXN-0002618,2023-04-21,34424,Electrónica,920794,Contraentrega,App móvil,Android,Medellín,5,5,No
TXN-0000482,2022-06-26,48150,Belleza,105378,Contraentrega,App móvil,Android,Bogotá,5,5,No
TXN-0001819,2024-10-11,12651,Alimentos,82867,Tarjeta débito,Sitio web,Android,Manizales,5,5,No
TXN-0004467,2022-03-04,51368,Deportes,233004,Tarjeta débito,Sitio web,iOS,Bucaramanga,6,5,No
TXN-0001129,2024-09-22,15400,Tecnología,1902012,PSE,App móvil,Desktop,Bogotá,7,5,No
TXN-0003030,2022-03-01,39147,Hogar,153842,Tarjeta débito,App móvil,iOS,Manizales,6,5,No
TXN-0006437,2022-12-16,22633,Moda,84546,PSE,App móvil,iOS,Barranquilla,3,5,No
TXN-0004608,2022-05-10,31600,Juguetes,89368,Contraentrega,App móvil,Desktop,Bogotá,5,5,No
TXN-0002932,2024-11-23,37319,Electrónica,448055,Billetera digital,Sitio web,Desktop,Cartagena,3,5,No
TXN-0000618,2023-01-03,17722,Hogar,16243,Tarjeta crédito,App móvil,iOS,Medellín,4,5,No
TXN-IMPUTADO-0059,2023-11-28,30548,Hogar,189912,Billetera digital,Sitio web,Desktop,Barranquilla,1,5,No
TXN-0000653,2024-12-04,46495,Moda,104699,Billetera digital,Sitio web,Desktop,Cali,2,5,No
TXN-0004779,2022-02-01,53254,Electrónica,714606,Tarjeta crédito,Sitio web,Android,Bogotá,6,5,No
TXN-0006906,2023-06-10,57585,Belleza,69729,PSE,App móvil,Desktop,Bogotá,3,5,No
TXN-0006446,2022-10-28,20427,Hogar,188914,Tarjeta crédito,App móvil,Desconocido,Medellín,7,5,No
TXN-0004194,2022-08-26,-1,Electrónica,150506,Tarjeta crédito,App móvil,Android,Bucaramanga,9,4,No
TXN-0003725,2023-08-29,-1,Belleza,125892,PSE,App móvil,Android,Barranquilla,3,5,No
TXN-0006257,2024-08-30,26761,Deportes,192749,Tarjeta crédito,Sitio web,Android,Ibagué,4,5,No
TXN-0007441,2024-02-04,53900,Electrónica,685666,Tarjeta crédito,Sitio web,iOS,Cúcuta,6,5,No
TXN-0000633,2024-07-21,35263,Hogar,115137,Tarjeta crédito,App móvil,Android,Cartagena,8,5,No
TXN-0002393,2023-05-23,19864,Moda,119685,Tarjeta crédito,App móvil,iOS,Medellín,1,5,No
TXN-0001735,2024-03-09,59382,Alimentos,54248,Tarjeta crédito,Sitio web,Desktop,Manizales,5,5,No
TXN-0004018,2024-04-14,53925,Moda,168712,Billetera digital,App móvil,Android,Medellín,2,5,No
TXN-0005732,2024-05-18,12614,Belleza,79127,Tarjeta crédito,Sitio web,Android,Barranquilla,1,5,No
TXN-0001092,2022-09-10,10820,Deportes,85047,Tarjeta crédito,Sitio web,Android,Cúcuta,6,5,No
TXN-0006296,2022-01-26,43802,Belleza,101221,Tarjeta crédito,Sitio web,Desktop,Barranquilla,4,5,No
TXN-0006367,2024-01-20,59827,Alimentos,58159,Tarjeta crédito,App móvil,Android,Cali,8,5,No
TXN-0007523,2022-09-13,32071,Hogar,123572,Tarjeta débito,Sitio web,Android,Medellín,3,5,No
TXN-0000917,2022-07-30,34407,Tecnología,953046,Tarjeta crédito,App móvil,iOS,Bogotá,5,5,No
TXN-0000520,2024-04-26,40299,Electrónica,1040124,PSE,App móvil,Android,Manizales,6,5,No
TXN-0003385,2022-01-17,35747,Juguetes,150192,Contraentrega,App móvil,iOS,Bogotá,1,5,No
TXN-0003365,2024-04-16,43412,Belleza,45299,PSE,Sitio web,Android,Cali,4,5,No
TXN-0005706,2022-09-16,12027,Mascotas,124490,Tarjeta débito,App móvil,Android,Cartagena,6,5,No
TXN-0006300,2023-06-04,35189,Juguetes,157650,Tarjeta crédito,App móvil,Android,Cartagena,3,5,No
TXN-0004455,2023-07-14,44927,Hogar,221034,Tarjeta débito,App móvil,Desktop,Cartagena,5,5,No
TXN-0007284,2023-10-28,24354,Juguetes,54526,Tarjeta crédito,App móvil,iOS,Bogotá,1,5,No
TXN-0007249,2023-01-24,54051,Tecnología,934738,Tarjeta crédito,Sitio web,Desktop,Bogotá,5,5,No
TXN-0002890,2024-01-13,17087,Tecnología,1358315,Tarjeta crédito,App móvil,Android,Pereira,9,3,No
TXN-0003140,2024-06-28,11584,Tecnología,1491854,Tarjeta crédito,Sitio web,Desktop,Bucaramanga,8,3,No
TXN-0005640,2024-03-19,33006,Deportes,61172,Tarjeta débito,App móvil,Desconocido,Cúcuta,7,5,No
TXN-0001424,2023-09-27,23174,Deportes,133136,PSE,Sitio web,iOS,Medellín,4,5,No
TXN-0005838,2022-08-25,20051,Electrónica,583034,Tarjeta crédito,Sitio web,Android,Barranquilla,4,5,No
TXN-0004137,2023-11-27,18079,Belleza,122122,Tarjeta débito,Sitio web,Android,Cúcuta,4,5,No
TXN-0003193,2024-03-21,41528,Mascotas,34093,PSE,App móvil,Android,Manizales,7,5,No
TXN-0000849,2022-11-26,27265,Moda,120282,Tarjeta crédito,Sitio web,iOS,Bogotá,5,5,No
TXN-0006063,2024-05-13,29652,Moda,5000,Tarjeta crédito,App móvil,Android,Cali,5,5,No
TXN-0005592,2024-06-11,32166,Hogar,199888,Tarjeta crédito,Sitio web,Android,Medellín,6,5,No
TXN-0006461,2024-09-25,22907,Alimentos,66842,Tarjeta débito,App móvil,Android,Cali,5,5,No
TXN-0002481,2022-08-07,11985,Hogar,302334,PSE,App móvil,iOS,Medellín,5,5,No
TXN-0002065,2024-06-14,18982,Deportes,75213,Tarjeta crédito,Sitio web,iOS,Bogotá,3,5,No
TXN-0001916,2024-11-17,36905,Electrónica,331061,Tarjeta crédito,App móvil,Android,Medellín,5,5,No
TXN-0003648,2022-01-11,52714,Mascotas,94928,Tarjeta crédito,Sitio web,iOS,Barranquilla,3,5,No
TXN-0002417,2024-04-24,16688,Deportes,154784,Tarjeta crédito,App móvil,Desktop,Bogotá,3,5,Sí
TXN-0004590,2023-09-03,50917,Mascotas,58052,Tarjeta débito,App móvil,Desktop,Barranquilla,4,5,No
TXN-0006135,2024-05-24,27232,Hogar,120814,Tarjeta débito,App móvil,Android,Medellín,1,5,No
TXN-0001863,2023-12-19,47090,Moda,113486,Contraentrega,App móvil,Android,Bogotá,3,5,No
TXN-0002473,2022-02-06,20456,Alimentos,24060,Tarjeta crédito,App móvil,iOS,Bogotá,8,4,No
TXN-0002315,2022-02-15,12367,Belleza,97992,Tarjeta crédito,App móvil,Android,Bogotá,5,5,No
TXN-0000280,2024-05-22,16777,Belleza,110696,Contraentrega,App móvil,Android,Bogotá,6,5,No
TXN-0005688,2024-03-04,54847,Mascotas,63795,Tarjeta crédito,App móvil,Android,Manizales,6,5,No
TXN-0000032,2022-07-29,19957,Moda,99106,Contraentrega,App móvil,iOS,Pereira,4,5,No
TXN-0006116,2022-02-13,52734,Juguetes,69812,PSE,App móvil,Desktop,Bogotá,3,5,No
TXN-0000616,2023-10-06,34243,Deportes,109590,Tarjeta crédito,Sitio web,Android,Cartagena,3,5,No
TXN-0002371,2023-02-28,27782,Alimentos,39244,Tarjeta crédito,App móvil,Android,Bucaramanga,3,5,No
TXN-IMPUTADO-0060,2024-05-20,31297,Moda,103181,Tarjeta débito,App móvil,Desconocido,Bucaramanga,8,5,No
TXN-0002220,2022-05-25,59812,Moda,123939,Tarjeta débito,App móvil,Desktop,Cali,4,5,No
TXN-0003287,2024-05-23,43443,Tecnología,836604,PSE,Sitio web,Android,Cali,2,5,No
TXN-0005064,2023-12-16,17815,Tecnología,988095,Contraentrega,App móvil,Desktop,Medellín,6,5,No
TXN-0002771,2024-01-13,-1,Moda,122275,Tarjeta crédito,App móvil,iOS,Barranquilla,9,3,No
TXN-0000051,2024-02-05,21730,Electrónica,336051,Billetera digital,Sitio web,Desktop,Barranquilla,2,5,No
TXN-0004085,2023-12-27,41852,Moda,129942,Tarjeta débito,Sitio web,Android,Cali,6,5,No
TXN-0004508,2022-08-02,24735,Belleza,43800,Tarjeta débito,Sitio web,iOS,Bogotá,6,5,No
TXN-0000588,2024-05-19,44785,Libros,41999,Tarjeta crédito,Sitio web,Android,Medellín,6,5,No
TXN-0004291,2023-01-27,50817,Belleza,69855,Billetera digital,Sitio web,Android,Barranquilla,1,5,No
TXN-0007107,2024-12-19,19203,Juguetes,115698,Tarjeta crédito,App móvil,iOS,Cali,5,5,No
TXN-0004546,2023-02-22,45309,Tecnología,1135667,Tarjeta crédito,Sitio web,Desktop,Bogotá,2,5,No
TXN-0004213,2024-05-16,28392,Moda,92650,Billetera digital,Sitio web,iOS,Cartagena,3,5,No
TXN-0004245,2023-07-07,21031,Juguetes,80746,PSE,Sitio web,iOS,Manizales,8,4,No
TXN-0007114,2022-08-18,19911,Alimentos,82887,Contraentrega,App móvil,Desktop,Bogotá,7,5,No
TXN-0002885,2023-10-19,-1,Electrónica,579366,Tarjeta crédito,Sitio web,Android,Pereira,2,5,No
TXN-0006475,2024-07-06,35714,Alimentos,46265,Billetera digital,App móvil,Android,Medellín,2,5,No
TXN-0007418,2023-05-02,10301,Belleza,38694,Billetera digital,Sitio web,Android,Bogotá,3,5,No
TXN-0005763,2022-04-24,32808,Juguetes,114421,Tarjeta débito,Sitio web,Desktop,Medellín,7,5,No
TXN-0004398,2024-01-03,26247,Alimentos,30048,PSE,Sitio web,Desktop,Pereira,6,5,No
TXN-0001861,2024-06-02,54066,Hogar,157903,Tarjeta crédito,App móvil,iOS,Manizales,2,5,No
TXN-IMPUTADO-0061,2024-05-23,39007,Alimentos,48588,PSE,Sitio web,Android,Pereira,3,5,No
TXN-0006396,2023-12-08,52520,Deportes,134932,Tarjeta débito,App móvil,Android,Bucaramanga,7,5,No
TXN-0005462,2022-04-15,23010,Moda,160228,Tarjeta crédito,App móvil,Android,Pereira,3,5,No
TXN-0004721,,13254,Juguetes,64501,Contraentrega,App móvil,Android,Bogotá,5,5,No
TXN-0004457,2022-04-13,53019,Alimentos,51338,Tarjeta débito,App móvil,Desktop,Bogotá,5,5,No
TXN-0001777,2023-08-19,54519,Alimentos,51733,Tarjeta crédito,App móvil,Desktop,Bogotá,5,5,No
TXN-0005025,2022-08-05,35807,Moda,65790,Contraentrega,App móvil,Android,Bogotá,5,5,No
TXN-0000207,2024-11-05,37656,Electrónica,594435,Billetera digital,Sitio web,Android,Bogotá,5,5,No
TXN-0007584,2024-10-11,44784,Libros,70563,PSE,Sitio web,Desktop,Cali,2,5,No
TXN-0002304,2022-09-21,56565,Libros,38449,Tarjeta crédito,App móvil,Desktop,Manizales,2,5,No
TXN-0002887,,49149,Belleza,104697,PSE,Sitio web,Android,Medellín,8,3,No
TXN-0006518,2024-07-23,42418,Moda,82553,Billetera digital,App móvil,Desktop,Bucaramanga,2,5,Sí
TXN-0001787,2024-04-25,41759,Mascotas,81898,Billetera digital,App móvil,Android,Bogotá,4,5,No
TXN-0004325,2022-03-16,29578,Juguetes,93989,Billetera digital,App móvil,Android,Bogotá,9,3,No
TXN-0002877,2023-04-22,-1,Moda,192738,PSE,Sitio web,Android,Medellín,5,5,No
TXN-0001029,2024-03-29,28665,Alimentos,43816,PSE,Sitio web,Android,Cali,3,5,No
TXN-0001080,2022-02-11,56465,Mascotas,107432,Tarjeta crédito,App móvil,Desktop,Barranquilla,7,5,No
TXN-0001936,2022-03-14,25758,Moda,66434,Tarjeta crédito,App móvil,Android,Cali,3,5,No
TXN-0004253,2022-12-14,44616,Mascotas,69625,Tarjeta débito,App móvil,Desktop,Bogotá,2,5,No
TXN-0001230,2023-04-03,45893,Moda,175824,Tarjeta crédito,App móvil,Android,Cali,2,5,No
TXN-0004620,2022-10-05,-1,Tecnología,445546,Tarjeta débito,App móvil,iOS,Medellín,2,5,No
TXN-0003789,2024-10-10,56842,Juguetes,173332,Tarjeta crédito,Sitio web,Android,Bogotá,2,5,No
TXN-0005357,2022-08-27,15875,Deportes,75157,PSE,App móvil,Desktop,Bucaramanga,6,5,No
TXN-0002247,2023-10-07,12330,Moda,134186,Tarjeta débito,Sitio web,Android,Cartagena,4,5,No
TXN-0001225,2023-08-15,16935,Moda,34550,Tarjeta crédito,App móvil,Android,Medellín,8,3,No
TXN-0007100,2024-02-09,24303,Alimentos,47052,Tarjeta débito,Sitio web,Android,Bucaramanga,6,5,No
TXN-0000466,2024-01-17,38397,Libros,30935,Tarjeta crédito,App móvil,iOS,Bucaramanga,5,5,No
TXN-0006230,2024-06-02,28024,Alimentos,23023,Contraentrega,Sitio web,Android,Bogotá,7,5,No
TXN-0005741,2023-11-04,58116,Moda,99009,Tarjeta débito,Sitio web,Android,Bogotá,4,5,No
TXN-0007867,2022-10-13,28367,Electrónica,161133,PSE,Sitio web,Desktop,Manizales,2,5,No
TXN-0007347,2023-07-20,13118,Belleza,89164,Tarjeta crédito,App móvil,Android,Ibagué,4,5,No
TXN-0000612,2022-12-18,37844,Moda,170684,PSE,Sitio web,Android,Bogotá,6,5,No
TXN-0001844,2022-11-18,56400,Electrónica,470583,Billetera digital,App móvil,iOS,Cali,4,5,No
TXN-0007142,2023-05-15,14930,Libros,98306,Billetera digital,App móvil,Desktop,Cúcuta,7,5,No
TXN-0003130,2022-12-16,27134,Hogar,82883,PSE,App móvil,Desktop,Bogotá,4,5,No
TXN-0003584,,29539,Electrónica,268120,Tarjeta crédito,Sitio web,Android,Cartagena,7,5,No
TXN-0001758,2023-11-10,40739,Libros,17543,Tarjeta débito,App móvil,Android,Bogotá,6,5,No
TXN-0005401,2022-09-20,53216,Moda,122796,Tarjeta crédito,App móvil,iOS,Medellín,6,5,No
TXN-0003741,2022-09-29,53651,Moda,147509,Tarjeta crédito,Sitio web,Desktop,Medellín,9,5,No
TXN-0000905,2022-05-24,25216,Hogar,168557,Contraentrega,Sitio web,iOS,Bucaramanga,4,5,No
TXN-0003080,2022-08-04,51282,Mascotas,95042,PSE,Sitio web,Desconocido,Cartagena,6,5,No
TXN-0001073,2023-02-02,27780,Mascotas,66309,Tarjeta débito,Sitio web,Desconocido,Medellín,6,5,No
TXN-0001345,2022-04-27,40685,Belleza,87374,Contraentrega,App móvil,Android,Bogotá,6,5,No
TXN-0003079,2024-07-11,14752,Moda,146535,Tarjeta crédito,Sitio web,Android,Bogotá,3,5,No
TXN-0005754,2022-04-15,12442,Deportes,131992,Tarjeta crédito,App móvil,Android,Ibagué,3,5,No
TXN-IMPUTADO-0062,2024-06-02,55954,Belleza,56597,Billetera digital,App móvil,Android,Bogotá,4,5,No
TXN-0000529,2023-06-21,32571,Juguetes,84141,Tarjeta débito,Sitio web,Android,Medellín,4,5,No
TXN-0002874,2023-10-30,49513,Alimentos,21885,PSE,App móvil,Android,Barranquilla,4,5,No
TXN-0000239,2024-07-08,45869,Belleza,120147,Tarjeta crédito,Sitio web,iOS,Cali,5,5,No
TXN-0003060,2023-01-03,24217,Moda,109503,Contraentrega,App móvil,iOS,Ibagué,6,5,No
TXN-0007229,2023-08-07,48157,Alimentos,28106,Contraentrega,Sitio web,Android,Barranquilla,3,5,No
TXN-0002819,2024-06-23,11867,Electrónica,760277,Tarjeta débito,App móvil,Desktop,Bogotá,6,5,No
TXN-0004833,2022-04-14,52392,Moda,151496,Billetera digital,App móvil,Desktop,Medellín,2,5,No
TXN-0001668,2024-09-08,47592,Alimentos,41941,Contraentrega,App móvil,iOS,Bucaramanga,7,5,No
TXN-0006991,2022-12-01,11171,Moda,50948,PSE,App móvil,Desconocido,Bogotá,4,5,Sí
TXN-0003170,2024-08-23,46018,Electrónica,458267,Contraentrega,App móvil,Android,Cali,7,5,No
TXN-0003602,2023-05-30,29450,Tecnología,483776,Tarjeta débito,App móvil,iOS,Bogotá,5,5,No
TXN-0005323,2023-03-29,34608,Moda,57102,PSE,App móvil,Desconocido,Cali,1,5,No
TXN-0003417,2022-04-18,37471,Hogar,83571,Tarjeta débito,Sitio web,Android,Barranquilla,4,5,No
TXN-0004195,2022-09-21,45364,Electrónica,591656,Tarjeta débito,Sitio web,Android,Bogotá,7,5,No
TXN-0002982,2024-05-30,33614,Electrónica,707247,Tarjeta crédito,App móvil,Android,Bucaramanga,4,5,No
TXN-0002290,2023-01-07,41917,Hogar,120106,Tarjeta débito,App móvil,Desktop,Medellín,4,5,No
TXN-0001371,2024-04-29,20773,Hogar,231318,Contraentrega,App móvil,Android,Pereira,3,5,No
TXN-0000778,2022-10-02,44645,Moda,134870,Tarjeta débito,App móvil,Android,Barranquilla,2,5,Sí
TXN-0000978,2023-10-29,48712,Hogar,176088,Contraentrega,App móvil,Android,Pereira,4,5,No
TXN-0004993,2023-11-09,20329,Belleza,108591,Billetera digital,App móvil,iOS,Cali,7,5,No
TXN-0000720,2022-07-10,15120,Hogar,181876,Billetera digital,App móvil,Android,Barranquilla,6,5,No
TXN-0003883,2023-03-01,23853,Mascotas,76272,Contraentrega,App móvil,iOS,Bogotá,6,5,No
TXN-0005123,2022-10-26,51163,Juguetes,105499,Tarjeta crédito,Sitio web,Desktop,Cartagena,3,5,No
TXN-0005531,2024-10-14,10721,Electrónica,785515,Tarjeta débito,Sitio web,Android,Barranquilla,4,5,No
TXN-0006438,2023-12-13,44496,Electrónica,949099,Tarjeta crédito,App móvil,Android,Pereira,2,5,No
TXN-0001316,2024-02-12,11261,Hogar,283469,PSE,App móvil,iOS,Medellín,6,5,No
TXN-0007947,2024-01-15,30965,Electrónica,957896,Contraentrega,App móvil,Android,Medellín,4,5,No
TXN-0004506,2023-06-30,46053,Electrónica,311633,Tarjeta débito,App móvil,iOS,Medellín,1,5,No
TXN-0003429,2022-11-08,50844,Moda,85327,Tarjeta crédito,Sitio web,Desktop,Bogotá,5,5,No
TXN-0005106,2022-09-22,20020,Electrónica,249887,Tarjeta crédito,Sitio web,Android,Bucaramanga,9,5,No
TXN-0003911,2024-03-03,23959,Moda,107294,Tarjeta crédito,Sitio web,Android,Cartagena,5,5,No
TXN-0004481,2022-12-31,22917,Electrónica,671380,PSE,App móvil,Desktop,Pereira,7,5,No
TXN-0002903,2023-05-30,48630,Belleza,30787,Tarjeta débito,App móvil,iOS,Cali,7,5,No
TXN-0001960,2023-09-26,13080,Hogar,241989,Contraentrega,App móvil,iOS,Medellín,3,5,No
TXN-0003538,2024-03-30,42762,Moda,107404,Tarjeta crédito,Sitio web,Android,Bucaramanga,4,5,No
TXN-0001774,2024-11-04,29984,Deportes,123489,Tarjeta crédito,App móvil,iOS,Ibagué,4,5,No
TXN-0002905,2022-12-24,36023,Juguetes,86233,PSE,App móvil,Android,Barranquilla,5,5,No
TXN-0006841,2024-11-03,42200,Deportes,89713,Tarjeta crédito,App móvil,Android,Bogotá,5,5,No
TXN-IMPUTADO-0063,,15009,Moda,47513,Tarjeta crédito,Sitio web,iOS,Cartagena,7,5,No
TXN-0002257,2023-01-31,28625,Hogar,261252,Tarjeta crédito,App móvil,Desktop,Cali,4,5,No
TXN-0001273,2024-05-04,43392,Moda,98082,Tarjeta débito,Sitio web,Android,Medellín,6,5,No
TXN-0001651,2023-03-29,36694,Hogar,226411,Billetera digital,App móvil,Desktop,Cartagena,4,5,No
TXN-IMPUTADO-0064,2023-06-03,38981,Deportes,70902,Tarjeta crédito,App móvil,iOS,Bogotá,3,5,No
TXN-0002578,2024-12-17,49633,Hogar,279297,Billetera digital,App móvil,Android,Medellín,5,5,No
TXN-0002171,2023-09-17,34152,Tecnología,1187063,Contraentrega,Sitio web,Desktop,Bogotá,7,5,No
TXN-0002941,2024-04-25,14140,Electrónica,472145,PSE,Sitio web,iOS,Cúcuta,3,5,No
TXN-0005446,2022-01-01,38593,Alimentos,32364,PSE,App móvil,iOS,Bogotá,5,5,No
TXN-0007490,2023-03-18,45066,Electrónica,1088490,Contraentrega,App móvil,Desktop,Barranquilla,4,5,No
TXN-0003502,2022-04-06,46012,Moda,224414,Contraentrega,Sitio web,Android,Bogotá,2,5,No
TXN-0004787,2024-05-19,20796,Electrónica,751163,Billetera digital,Sitio web,Desconocido,Bogotá,8,3,No
TXN-0002411,2023-06-28,29771,Hogar,144209,Tarjeta crédito,App móvil,Android,Cúcuta,3,5,No
TXN-0000602,2022-09-30,45431,Hogar,152733,Tarjeta débito,App móvil,iOS,Cali,4,5,No
TXN-0001183,2024-12-17,12706,Tecnología,930719,Billetera digital,Sitio web,Android,Bogotá,2,5,No
TXN-0006737,2022-11-08,12736,Hogar,154806,PSE,App móvil,Android,Medellín,3,5,No
TXN-0000801,2023-05-26,45362,Belleza,52929,Contraentrega,App móvil,Android,Ibagué,5,5,No
TXN-0007417,2023-10-08,42472,Juguetes,55156,Contraentrega,Sitio web,iOS,Ibagué,7,5,No
TXN-0004333,2022-06-02,22187,Moda,162121,Tarjeta débito,Sitio web,Desconocido,Cartagena,3,5,No
TXN-IMPUTADO-0065,2023-11-10,54833,Belleza,92432,Tarjeta crédito,App móvil,iOS,Bucaramanga,7,5,No
TXN-0003730,2022-07-14,15908,Belleza,60607,PSE,Sitio web,Android,Cali,6,5,No
TXN-0001365,2023-12-21,27405,Moda,157129,Billetera digital,App móvil,Desktop,Cúcuta,3,5,No
TXN-0003078,2023-12-14,12191,Hogar,98853,Contraentrega,App móvil,Desktop,Cali,6,5,No
TXN-0004414,2023-05-16,30716,Deportes,252393,Tarjeta crédito,App móvil,Android,Medellín,4,5,No
TXN-0000224,2024-10-20,16177,Deportes,59192,Contraentrega,App móvil,iOS,Barranquilla,7,5,No
TXN-0002606,2023-02-27,39616,Tecnología,595911,Tarjeta débito,App móvil,Android,Pereira,6,5,No
TXN-0003537,2023-08-02,47639,Belleza,91185,PSE,Sitio web,Android,Ibagué,4,5,No
TXN-0000810,2023-03-20,52214,Hogar,351692,Tarjeta crédito,Sitio web,iOS,Bogotá,1,5,No
TXN-0005484,2023-12-01,14117,Juguetes,132589,Contraentrega,Sitio web,Android,Barranquilla,5,5,No
TXN-IMPUTADO-0066,2024-11-07,45219,Deportes,213062,Tarjeta débito,App móvil,Android,Cali,5,5,No
TXN-0002728,2023-05-01,54331,Tecnología,1082707,Contraentrega,Sitio web,Android,Ibagué,4,5,No
TXN-0003276,2024-09-19,32921,Tecnología,986419,Tarjeta crédito,App móvil,Desktop,Cúcuta,7,5,No
TXN-0007450,2024-01-18,46630,Moda,23500,Tarjeta crédito,Sitio web,Android,Medellín,7,5,No
TXN-0000739,2024-05-31,35281,Belleza,13253,PSE,Sitio web,Android,Medellín,2,5,No
TXN-0007690,2023-02-18,19599,Deportes,178722,Tarjeta débito,Sitio web,Android,Manizales,4,5,No
TXN-0006640,2024-07-30,12120,Moda,147732,Tarjeta crédito,App móvil,Android,Cali,7,5,No
TXN-0003339,2024-04-03,33445,Hogar,114231,Billetera digital,Sitio web,Android,Bogotá,11,3,No
TXN-0005427,2024-08-29,-1,Electrónica,845678,Tarjeta crédito,Sitio web,iOS,Cali,7,5,No
TXN-0003337,2023-08-29,22865,Juguetes,94384,Tarjeta crédito,App móvil,Android,Barranquilla,6,5,No
TXN-0007092,2022-10-21,10605,Moda,65889,PSE,App móvil,iOS,Bogotá,5,5,No
TXN-0000780,2022-04-26,37016,Hogar,150946,Billetera digital,App móvil,Desktop,Cali,6,5,No
TXN-0001261,2022-07-19,32650,Hogar,233740,Tarjeta crédito,App móvil,iOS,Manizales,5,5,No
TXN-0007282,,46141,Juguetes,71041,Tarjeta crédito,Sitio web,iOS,Medellín,1,5,No
TXN-0003359,2024-04-05,50985,Moda,6320,Tarjeta débito,App móvil,Android,Cali,6,5,No
TXN-0005065,2024-06-13,43473,Deportes,29251,PSE,App móvil,Android,Bogotá,5,5,No
TXN-0005693,2024-04-01,55373,Electrónica,384562,Tarjeta crédito,App móvil,Android,Ibagué,5,5,No
TXN-0002685,2024-02-22,31883,Juguetes,64059,PSE,App móvil,Android,Bucaramanga,5,5,No
TXN-0002110,2022-11-30,42935,Electrónica,452575,PSE,App móvil,Desktop,Cali,1,5,No
TXN-0006427,2022-10-28,49161,Juguetes,71663,Contraentrega,App móvil,Android,Barranquilla,5,5,No
TXN-0004938,2024-05-16,21245,Alimentos,30220,Tarjeta crédito,App móvil,Android,Barranquilla,8,3,No
TXN-0002558,2022-06-24,40740,Juguetes,88549,Tarjeta débito,App móvil,Android,Medellín,7,5,Sí
TXN-0007435,2023-04-09,59864,Mascotas,29381,PSE,App móvil,Desktop,Cali,4,5,No
TXN-0006176,2024-11-10,29264,Electrónica,751509,Billetera digital,App móvil,Android,Cúcuta,5,5,No
TXN-0002038,2023-09-07,18390,Hogar,267816,Tarjeta crédito,App móvil,Android,Bogotá,1,5,No
TXN-0004586,2024-04-29,16859,Moda,110939,Tarjeta crédito,App móvil,Android,Medellín,3,5,No
TXN-0007136,2022-06-05,21297,Alimentos,32172,Contraentrega,Sitio web,Android,Medellín,5,5,No
TXN-0004660,2023-01-30,19716,Mascotas,89119,Contraentrega,App móvil,iOS,Bogotá,7,5,No
TXN-0007938,2022-06-26,43482,Moda,27168,PSE,Sitio web,Android,Bogotá,6,5,No
TXN-0007806,,15734,Tecnología,905956,Tarjeta débito,App móvil,Desktop,Bogotá,4,5,No
TXN-0004941,2023-02-09,54828,Libros,71059,Tarjeta débito,App móvil,Android,Cali,8,5,No
TXN-0006740,2024-11-09,31064,Alimentos,47805,Tarjeta crédito,App móvil,Desktop,Bogotá,4,5,No
TXN-0007110,2023-01-12,50961,Hogar,224044,Tarjeta crédito,App móvil,Desktop,Medellín,2,5,No
TXN-0001840,2022-03-04,46045,Juguetes,65887,Tarjeta crédito,App móvil,Android,Bogotá,4,5,No
TXN-0005708,2022-04-04,49636,Deportes,53517,Contraentrega,App móvil,iOS,Medellín,8,4,No
TXN-0001510,2024-01-05,35628,Moda,8977,Contraentrega,App móvil,iOS,Medellín,6,5,No
TXN-0000297,2022-12-14,21905,Electrónica,519309,Tarjeta crédito,Sitio web,Desktop,Manizales,2,5,No
TXN-0006134,2022-01-02,18747,Moda,96457,PSE,Sitio web,Android,Barranquilla,7,5,No
TXN-0006559,2023-02-26,11197,Tecnología,303915,Tarjeta débito,App móvil,Desktop,Cali,6,5,No
TXN-0002287,2024-03-17,12510,Belleza,97970,Tarjeta débito,Sitio web,iOS,Barranquilla,5,5,No
TXN-0006876,2022-11-23,15011,Moda,154051,PSE,Sitio web,Android,Bogotá,5,5,No
TXN-0006090,2024-01-21,21145,Mascotas,19801,Tarjeta débito,App móvil,Desktop,Bogotá,6,5,No
TXN-0007535,2024-06-23,12555,Deportes,115389,Billetera digital,App móvil,Android,Medellín,4,5,No
TXN-0007538,2023-04-10,43068,Alimentos,42624,PSE,Sitio web,Android,Bucaramanga,4,5,No
TXN-0002930,2022-02-24,20044,Electrónica,466883,PSE,App móvil,iOS,Cali,5,5,No
TXN-IMPUTADO-0067,2023-09-10,50687,Electrónica,772088,Contraentrega,Sitio web,Android,Bogotá,5,5,No
TXN-0000010,2022-08-02,28982,Belleza,38171,Billetera digital,Sitio web,Desktop,Barranquilla,5,5,No
TXN-0006617,2023-03-15,10538,Moda,100326,Tarjeta crédito,Sitio web,Android,Bogotá,3,5,No
TXN-0004199,2024-06-13,56021,Electrónica,548404,Contraentrega,App móvil,iOS,Bogotá,4,5,No
TXN-0001339,2023-07-07,40227,Belleza,106119,Billetera digital,Sitio web,Android,Barranquilla,4,5,No
TXN-0005869,2023-02-15,13923,Electrónica,652867,Tarjeta débito,App móvil,iOS,Medellín,7,5,No
TXN-0004688,2022-06-19,53191,Electrónica,755009,Tarjeta crédito,App móvil,Android,Medellín,6,5,No
TXN-0006963,2024-08-20,53249,Hogar,30676,Tarjeta crédito,App móvil,iOS,Barranquilla,4,5,No
TXN-0005956,2024-04-19,32379,Mascotas,105798,PSE,App móvil,iOS,Cali,4,5,No
TXN-0003960,2023-06-28,27264,Deportes,224589,Tarjeta crédito,Sitio web,Android,Medellín,5,5,No
TXN-0004667,2023-09-08,-1,Electrónica,415226,Tarjeta crédito,App móvil,Desktop,Medellín,5,5,No
TXN-0005794,2023-10-19,14439,Juguetes,115588,Tarjeta crédito,Sitio web,Android,Barranquilla,2,5,No
TXN-IMPUTADO-0068,2024-06-08,26263,Libros,14057,Contraentrega,App móvil,Android,Medellín,6,5,No
TXN-0007448,2024-08-15,37474,Mascotas,87733,Contraentrega,Sitio web,iOS,Cartagena,4,5,No
TXN-0007587,2023-10-19,26978,Electrónica,631786,PSE,App móvil,iOS,Medellín,4,5,Sí
TXN-0003705,2023-01-25,21946,Hogar,52384,Tarjeta crédito,App móvil,Android,Bogotá,5,5,No
TXN-0004751,2024-01-15,20795,Deportes,196972,Tarjeta crédito,Sitio web,iOS,Pereira,5,5,No
TXN-0000340,2022-01-24,53571,Juguetes,140298,Billetera digital,App móvil,Desktop,Cartagena,3,5,No
TXN-0007563,2022-07-22,54809,Moda,180092,Tarjeta débito,Sitio web,Android,Cali,4,5,No
TXN-0002227,2023-01-28,22031,Moda,73622,Tarjeta crédito,App móvil,Android,Bogotá,3,5,No
TXN-0003814,2023-09-02,42290,Deportes,94035,PSE,Sitio web,Android,Bogotá,4,5,No
TXN-0001325,2023-06-23,27591,Moda,201814,Billetera digital,App móvil,Android,Pereira,5,5,No
TXN-0002495,2024-04-14,45881,Belleza,124069,Tarjeta crédito,App móvil,iOS,Cali,7,5,No
TXN-0005438,2023-06-30,30071,Tecnología,859253,PSE,Sitio web,Desktop,Bogotá,5,5,No
TXN-0006817,2023-02-09,59972,Belleza,68992,Tarjeta crédito,App móvil,Android,Pereira,5,5,No
TXN-0000347,2024-03-22,26367,Juguetes,83884,PSE,App móvil,Android,Bogotá,2,5,No
TXN-0000139,2024-09-17,36120,Mascotas,92656,Tarjeta crédito,App móvil,Android,Ibagué,4,5,No
TXN-0005468,2023-04-26,46033,Deportes,144101,Tarjeta crédito,Sitio web,Android,Bogotá,6,5,No
TXN-0003524,2024-05-02,10364,Belleza,95685,Tarjeta crédito,Sitio web,Android,Medellín,2,5,No
TXN-0007213,2022-07-20,32832,Deportes,83333,Billetera digital,App móvil,iOS,Manizales,8,5,No
TXN-0004793,2024-07-08,39510,Hogar,112695,Tarjeta débito,App móvil,iOS,Pereira,1,5,No
TXN-0002946,2022-03-21,14744,Belleza,110896,Tarjeta crédito,App móvil,Android,Manizales,4,5,No
TXN-0003568,2023-06-21,58113,Mascotas,88179,Tarjeta crédito,Sitio web,Desconocido,Bogotá,1,5,No
TXN-0002698,2023-03-10,35208,Deportes,140997,Contraentrega,App móvil,Desktop,Medellín,6,5,No
TXN-0003970,2023-05-06,49321,Deportes,115846,PSE,Sitio web,Android,Cúcuta,6,5,No
TXN-0005362,2024-04-07,34388,Alimentos,33210,Tarjeta crédito,Sitio web,Android,Medellín,6,5,No
TXN-0007702,2023-04-23,47648,Juguetes,40705,Tarjeta débito,App móvil,Android,Bucaramanga,6,5,No
TXN-0004587,2024-09-03,34405,Electrónica,986420,Billetera digital,App móvil,iOS,Cúcuta,8,4,No
TXN-0003043,2023-10-22,44582,Hogar,320479,PSE,App móvil,iOS,Cúcuta,4,5,No
TXN-0004916,2023-09-07,51030,Libros,15234,Tarjeta débito,App móvil,iOS,Bucaramanga,6,5,No
TXN-0007830,2022-06-01,24319,Belleza,82573,Tarjeta crédito,App móvil,iOS,Manizales,4,5,No
TXN-0001392,2022-10-17,51629,Belleza,11992,Billetera digital,App móvil,Android,Bogotá,4,5,No
TXN-0007132,,41292,Alimentos,49617,Tarjeta crédito,App móvil,Android,Bogotá,8,5,No
TXN-0004312,2022-03-20,32529,Electrónica,638266,Billetera digital,App móvil,Desktop,Bucaramanga,7,5,No
TXN-0007596,2024-02-19,58872,Moda,177320,Tarjeta crédito,App móvil,Android,Cali,3,5,No
TXN-0005976,2022-11-11,49763,Hogar,125037,Contraentrega,App móvil,iOS,Cali,5,5,No
TXN-0007572,2024-06-29,46765,Belleza,62942,Tarjeta crédito,App móvil,Android,Pereira,7,5,No
TXN-0003733,2024-09-16,12849,Libros,47226,Tarjeta débito,Sitio web,Desktop,Bogotá,3,5,No
TXN-0006369,2022-02-26,31831,Electrónica,582454,Billetera digital,Sitio web,Android,Medellín,2,5,No
TXN-0002010,2023-01-16,51742,Moda,191326,Contraentrega,App móvil,Desktop,Bogotá,5,5,No
TXN-0006750,2023-06-18,28141,Moda,232120,Contraentrega,App móvil,Android,Cartagena,6,5,No
TXN-0007943,2023-02-22,49993,Deportes,218700,Tarjeta crédito,Sitio web,Android,Medellín,3,5,Sí
TXN-0004538,2022-03-23,38359,Libros,59296,PSE,App móvil,Android,Cali,6,5,No
TXN-0007853,2024-06-01,11593,Belleza,58620,PSE,App móvil,Desktop,Bogotá,1,5,No
TXN-0005681,2022-06-19,26676,Deportes,29447,Tarjeta débito,App móvil,iOS,Bogotá,1,5,No
TXN-0007810,2024-08-21,58442,Hogar,208982,Tarjeta crédito,Sitio web,Android,Bogotá,5,5,No
TXN-0000538,2024-11-01,48323,Deportes,66266,Billetera digital,Sitio web,Android,Medellín,6,5,No
TXN-0006374,2022-12-21,54051,Libros,87385,Billetera digital,App móvil,Android,Medellín,1,5,No
TXN-IMPUTADO-0069,2022-02-02,54711,Belleza,110724,Tarjeta débito,App móvil,iOS,Bogotá,4,5,No
TXN-0006345,2023-05-10,13780,Alimentos,32361,Tarjeta crédito,Sitio web,Desktop,Bogotá,3,5,No
TXN-0005551,2024-07-10,17355,Electrónica,392146,Contraentrega,Sitio web,Desktop,Medellín,6,5,No
TXN-0002457,2024-07-02,45524,Libros,49249,Tarjeta crédito,App móvil,iOS,Cartagena,8,3,No
TXN-0000704,2023-05-27,41146,Deportes,155948,Tarjeta débito,App móvil,Android,Pereira,1,5,No
TXN-0002661,2022-11-18,48577,Juguetes,86401,Tarjeta débito,App móvil,iOS,Pereira,4,5,No
TXN-0003044,2023-04-11,38642,Moda,73596,Billetera digital,App móvil,Desconocido,Medellín,6,5,No
TXN-0007992,2023-09-11,12196,Hogar,161476,PSE,Sitio web,Android,Bogotá,6,5,No
TXN-0002404,2022-10-22,18606,Moda,116581,PSE,Sitio web,Android,Cali,1,5,No
TXN-0000668,2022-01-28,20578,Electrónica,483281,Billetera digital,Sitio web,Android,Medellín,1,5,No
TXN-0002158,2024-09-21,46668,Juguetes,111193,Billetera digital,App móvil,Android,Cartagena,7,5,No
TXN-0004471,2022-07-13,18651,Alimentos,55408,Tarjeta débito,Sitio web,Android,Medellín,6,5,No
TXN-0002739,2024-07-28,24817,Electrónica,325910,Billetera digital,Sitio web,iOS,Medellín,1,5,No
TXN-0007593,2023-08-03,56172,Belleza,62000,Tarjeta crédito,App móvil,Android,Barranquilla,3,5,No
TXN-0005422,2022-07-10,55666,Hogar,228320,Billetera digital,Sitio web,iOS,Pereira,3,5,No
TXN-0000242,2022-04-22,16729,Alimentos,5000,Tarjeta débito,Sitio web,Android,Cali,5,5,No
TXN-0005380,2023-02-10,46079,Deportes,259066,PSE,Sitio web,iOS,Bogotá,2,5,No
TXN-0002846,2023-11-01,43643,Belleza,37833,Tarjeta débito,Sitio web,iOS,Barranquilla,2,5,No
TXN-0005809,2022-07-25,22145,Alimentos,64447,Tarjeta crédito,App móvil,Android,Cali,5,5,No
TXN-0005309,2023-07-02,10002,Deportes,165907,Tarjeta crédito,App móvil,iOS,Bogotá,1,5,No
TXN-0006250,2024-02-15,34560,Moda,81605,Tarjeta crédito,App móvil,Android,Medellín,3,5,No
TXN-0005831,2023-12-24,27542,Moda,86014,Tarjeta crédito,Sitio web,Android,Manizales,4,5,No
TXN-0001095,2023-10-07,29345,Deportes,177304,Tarjeta débito,Sitio web,iOS,Medellín,1,5,No
TXN-0004672,2023-04-02,28306,Electrónica,632780,PSE,App móvil,Android,Barranquilla,7,5,No
TXN-0007949,2022-05-21,45034,Moda,152541,Contraentrega,App móvil,Android,Barranquilla,3,5,No
TXN-0004841,2022-03-21,-1,Alimentos,26799,PSE,App móvil,iOS,Bogotá,2,5,No
TXN-0003906,,24712,Mascotas,55766,PSE,Sitio web,Desktop,Bogotá,2,5,No
TXN-0002438,2023-05-29,52298,Electrónica,570077,PSE,Sitio web,Android,Barranquilla,5,5,No
TXN-0006657,2024-12-31,51258,Electrónica,133076,Tarjeta débito,App móvil,Android,Bogotá,5,5,No
TXN-0003674,2024-08-30,42939,Hogar,142152,Tarjeta crédito,App móvil,Android,Medellín,1,5,No
TXN-0005507,2024-06-18,40312,Alimentos,64000,Tarjeta crédito,App móvil,Android,Bogotá,1,5,No
TXN-0002162,2022-09-04,48974,Deportes,148834,Tarjeta débito,Sitio web,Android,Medellín,7,5,No
TXN-0004969,2023-07-11,50180,Moda,185776,Contraentrega,Sitio web,iOS,Medellín,5,5,No
TXN-0001994,2024-07-25,40133,Electrónica,851331,Tarjeta crédito,App móvil,iOS,Bogotá,5,5,No
TXN-0007808,2022-03-19,36402,Electrónica,363311,Tarjeta débito,App móvil,iOS,Medellín,4,5,No
TXN-0002285,2022-01-13,41051,Alimentos,43037,Tarjeta débito,Sitio web,iOS,Cali,5,5,No
TXN-0005843,2024-05-21,44000,Moda,75287,PSE,Sitio web,Android,Barranquilla,4,5,No
TXN-0001593,2024-02-22,21724,Libros,69885,PSE,Sitio web,Desktop,Medellín,5,5,No
TXN-IMPUTADO-0070,2024-07-19,48317,Electrónica,615736,Tarjeta crédito,App móvil,Android,Barranquilla,3,5,No
TXN-0005257,2024-07-09,42027,Belleza,84359,Tarjeta crédito,App móvil,Android,Ibagué,4,5,No
TXN-0007809,2022-04-25,29882,Juguetes,80059,PSE,Sitio web,Android,Manizales,4,5,No
TXN-0007234,2022-08-22,20889,Libros,86928,Tarjeta crédito,App móvil,Android,Pereira,9,5,No
TXN-0001868,2023-09-02,34667,Belleza,118478,PSE,App móvil,Android,Ibagué,4,5,No
TXN-0002255,2023-08-19,-1,Hogar,245706,PSE,App móvil,Android,Bogotá,4,5,No
TXN-0005856,2024-11-06,-1,Electrónica,894064,PSE,App móvil,Android,Bogotá,3,5,No
TXN-0005675,2023-08-14,18058,Electrónica,705667,Tarjeta crédito,Sitio web,Android,Pereira,5,5,No
TXN-0003974,2022-07-21,-1,Juguetes,98215,PSE,Sitio web,Android,Ibagué,2,5,No
TXN-0004187,2023-05-16,27803,Moda,119912,PSE,Sitio web,iOS,Cúcuta,3,5,No
TXN-0001258,2023-11-28,37683,Mascotas,134347,Tarjeta débito,App móvil,Android,Barranquilla,3,5,No
TXN-0003617,2022-05-14,55779,Moda,80033,Tarjeta crédito,App móvil,Android,Pereira,7,5,No
TXN-0001686,2023-12-28,34810,Libros,44296,PSE,App móvil,Android,Bucaramanga,4,5,No
TXN-IMPUTADO-0071,2024-06-07,25926,Deportes,227062,Tarjeta débito,Sitio web,Android,Cúcuta,9,4,No
TXN-0002309,2023-03-15,14901,Belleza,103804,Tarjeta crédito,Sitio web,iOS,Bucaramanga,6,5,No
TXN-0003783,2024-03-30,39180,Electrónica,395457,Tarjeta crédito,App móvil,Android,Bogotá,6,5,No
TXN-0005886,2023-10-27,43052,Alimentos,43084,Tarjeta crédito,Sitio web,Desktop,Bogotá,3,5,No
TXN-0005671,2023-03-26,20468,Belleza,131776,PSE,Sitio web,Android,Medellín,4,5,No
TXN-0002550,2022-03-10,45476,Mascotas,99918,Tarjeta débito,App móvil,Android,Ibagué,2,5,No
TXN-0004604,2023-05-23,11747,Belleza,30370,Tarjeta crédito,App móvil,Android,Bogotá,4,5,No
TXN-0006104,2024-12-17,35475,Moda,177381,Contraentrega,App móvil,Android,Bogotá,2,5,No
TXN-0003400,2024-12-03,41455,Alimentos,41833,Tarjeta débito,Sitio web,Desktop,Medellín,1,5,No
TXN-0001395,2022-04-15,10977,Juguetes,64974,Tarjeta débito,Sitio web,Desconocido,Manizales,2,5,No
TXN-0001118,2022-09-10,23576,Hogar,134086,PSE,App móvil,Android,Cali,3,5,No
TXN-0004663,2023-10-26,-1,Electrónica,667549,Tarjeta crédito,App móvil,Desktop,Bogotá,5,5,No
TXN-0001962,2023-11-25,30546,Mascotas,63623,Contraentrega,App móvil,Desktop,Bogotá,3,5,No
TXN-0000650,2023-06-23,10093,Moda,166048,Billetera digital,Sitio web,Android,Medellín,5,5,No
TXN-0007839,2023-09-06,25118,Belleza,114111,PSE,App móvil,Android,Barranquilla,3,5,No
TXN-0006492,2023-09-25,44483,Alimentos,74277,Billetera digital,Sitio web,Android,Bogotá,1,5,No
TXN-0000135,2024-02-17,39161,Electrónica,897259,Contraentrega,Sitio web,iOS,Bogotá,6,5,No
TXN-0004947,2024-09-05,16330,Moda,99433,Tarjeta crédito,App móvil,iOS,Manizales,1,5,No
TXN-0006533,2024-04-25,33644,Moda,47188,Tarjeta crédito,App móvil,Android,Cali,6,5,No
TXN-0005712,2022-11-23,14678,Electrónica,931151,Tarjeta débito,App móvil,Android,Bucaramanga,7,5,No
TXN-0001197,2023-04-24,41730,Deportes,157614,Tarjeta crédito,Sitio web,Desconocido,Cartagena,4,5,No
TXN-0003348,2022-01-31,44505,Electrónica,89759,Tarjeta crédito,App móvil,iOS,Cali,4,5,No
TXN-0006932,2022-07-30,57351,Tecnología,1471417,Tarjeta crédito,App móvil,iOS,Medellín,1,5,No
TXN-0007615,2023-10-15,43557,Libros,45207,PSE,App móvil,Android,Bogotá,7,5,No
TXN-0007570,2023-02-16,16403,Mascotas,43517,Tarjeta débito,Sitio web,Android,Barranquilla,3,5,No
TXN-0005622,2022-11-15,17329,Moda,105992,Tarjeta crédito,Sitio web,Android,Medellín,4,5,No
TXN-0004725,2022-11-04,35131,Tecnología,799042,Tarjeta débito,Sitio web,Android,Bucaramanga,7,5,No
TXN-0003833,2024-02-03,37261,Belleza,133332,Tarjeta crédito,App móvil,iOS,Bogotá,6,5,No
TXN-0000421,2022-02-20,39183,Belleza,35177,Tarjeta débito,App móvil,Android,Cali,4,5,No
TXN-0005523,2023-06-21,57806,Moda,131360,Tarjeta crédito,App móvil,Desconocido,Medellín,7,5,No
TXN-0002794,2024-05-20,25225,Electrónica,268440,Tarjeta débito,Sitio web,Android,Bogotá,2,5,No
TXN-0000193,2023-10-01,32628,Belleza,23959,Tarjeta crédito,Sitio web,iOS,Bogotá,5,5,No
TXN-0003437,2024-09-09,18649,Moda,137333,PSE,Sitio web,iOS,Bogotá,6,5,No
TXN-0003020,2024-10-10,45496,Tecnología,1443528,Contraentrega,App móvil,Android,Ibagué,1,5,No
TXN-0003382,2022-05-20,48677,Electrónica,771729,Tarjeta crédito,App móvil,Android,Cali,2,5,No
TXN-0002575,2023-09-13,52272,Alimentos,6029,Contraentrega,App móvil,Android,Cali,5,5,No
TXN-0000839,2023-06-19,-1,Libros,75136,Tarjeta débito,App móvil,Desktop,Barranquilla,4,5,No
TXN-0001477,2023-03-22,27623,Belleza,103615,Tarjeta crédito,App móvil,Android,Bogotá,8,4,No
TXN-0002476,2024-11-11,23378,Moda,78492,Tarjeta débito,App móvil,Android,Barranquilla,5,5,No
TXN-0001252,2023-01-08,37475,Electrónica,821404,Billetera digital,Sitio web,Desconocido,Cali,5,5,Sí
TXN-0006509,2023-12-08,51748,Alimentos,47302,Tarjeta débito,App móvil,iOS,Medellín,6,5,No
TXN-0003748,2022-01-09,55148,Mascotas,26945,Tarjeta crédito,Sitio web,iOS,Bucaramanga,3,5,No
TXN-0003599,2024-02-29,16152,Electrónica,788851,Tarjeta crédito,App móvil,Android,Bogotá,4,5,No
TXN-0002380,2023-04-26,25915,Moda,100615,PSE,App móvil,Android,Bogotá,6,5,No
TXN-0005952,2023-12-17,26854,Moda,153639,Tarjeta crédito,Sitio web,Android,Medellín,5,5,No
TXN-0006012,2022-05-20,22094,Juguetes,151469,Billetera digital,Sitio web,Android,Manizales,1,5,No
TXN-0001626,2024-09-22,47136,Deportes,95945,Contraentrega,App móvil,Android,Cartagena,7,5,Sí
TXN-0003369,2024-03-19,51259,Mascotas,64305,Tarjeta débito,App móvil,Android,Bogotá,3,5,No
TXN-0003341,2022-10-22,58875,Electrónica,698751,Tarjeta crédito,Sitio web,Android,Bogotá,1,5,No
TXN-0001270,2022-04-27,42807,Electrónica,945213,Tarjeta crédito,Sitio web,Android,Cali,9,5,No
TXN-0007516,2023-09-18,39805,Electrónica,534490,Tarjeta crédito,App móvil,Android,Bogotá,4,5,No
TXN-0004853,2023-01-23,20726,Alimentos,28566,Tarjeta débito,Sitio web,Android,Cúcuta,8,5,No
TXN-0007582,2024-01-25,25075,Moda,155863,Tarjeta crédito,Sitio web,Android,Bucaramanga,4,5,Sí
TXN-0002832,2024-10-24,10090,Moda,70022,Contraentrega,Sitio web,Android,Cartagena,3,5,No
TXN-0003577,2024-02-23,20217,Moda,120106,Tarjeta crédito,App móvil,iOS,Manizales,8,4,No
TXN-0005649,2024-08-09,16630,Alimentos,28170,PSE,App móvil,Desktop,Bogotá,3,5,No
TXN-0000838,2024-02-06,36120,Moda,116283,Contraentrega,App móvil,Android,Bucaramanga,4,5,No
TXN-0002754,2022-06-11,13373,Libros,93795,Tarjeta crédito,App móvil,Desktop,Medellín,2,5,No
TXN-0002631,2022-11-26,32252,Mascotas,68454,Billetera digital,Sitio web,Desktop,Medellín,3,5,No
TXN-0000380,2022-03-09,30387,Electrónica,1002372,Tarjeta débito,App móvil,Desktop,Bucaramanga,5,5,No
TXN-0005341,2022-05-12,21157,Moda,105018,Tarjeta crédito,App móvil,Desktop,Bogotá,5,5,No
TXN-0007429,2024-01-31,36222,Libros,73721,Tarjeta débito,App móvil,Android,Barranquilla,6,5,No
TXN-0006044,2022-02-20,59844,Libros,76808,Tarjeta crédito,App móvil,Android,Pereira,6,5,No
TXN-0006325,2022-05-02,42017,Electrónica,809864,Contraentrega,App móvil,Android,Bogotá,6,5,No
TXN-0001541,2023-07-21,28409,Electrónica,876956,Billetera digital,App móvil,Android,Manizales,7,5,No
TXN-0007820,2024-08-22,-1,Libros,90934,Tarjeta débito,Sitio web,Desktop,Cartagena,4,5,No
TXN-0001547,2022-10-07,56555,Moda,78286,Tarjeta crédito,App móvil,Android,Medellín,2,5,Sí
TXN-0005471,2023-06-25,20492,Moda,48380,Contraentrega,Sitio web,Desktop,Bogotá,5,5,No
TXN-0002454,2022-04-04,57802,Deportes,129481,Tarjeta crédito,App móvil,Desktop,Manizales,6,5,No
TXN-0002557,2023-07-19,48771,Electrónica,600374,Tarjeta débito,App móvil,Android,Bucaramanga,4,5,No
TXN-0003404,2023-12-05,26392,Tecnología,772532,Tarjeta débito,Sitio web,Android,Bogotá,5,5,No
TXN-0004454,2023-07-19,11983,Electrónica,418075,Tarjeta crédito,Sitio web,iOS,Bucaramanga,2,5,No
TXN-0006180,2023-09-29,13076,Deportes,30995,PSE,App móvil,Android,Pereira,4,5,No
TXN-0000977,,57076,Belleza,80695,Tarjeta crédito,Sitio web,iOS,Barranquilla,7,5,No
TXN-0004394,2024-09-01,21673,Moda,134186,PSE,Sitio web,iOS,Barranquilla,6,5,No
TXN-0007512,2022-04-15,41871,Electrónica,816881,Tarjeta crédito,App móvil,iOS,Barranquilla,5,5,No
TXN-0002358,2024-08-22,50572,Alimentos,66380,Tarjeta crédito,App móvil,Desktop,Medellín,5,5,No
TXN-0006143,2022-09-21,12393,Alimentos,37420,Tarjeta crédito,App móvil,Android,Medellín,2,5,No
TXN-0005317,2022-06-21,52910,Juguetes,93296,Tarjeta débito,Sitio web,iOS,Bogotá,6,5,No
TXN-0007548,2022-04-08,42399,Electrónica,656423,Tarjeta crédito,Sitio web,Desktop,Bogotá,4,5,No
TXN-0007349,2022-09-09,28476,Belleza,71645,Tarjeta débito,App móvil,Android,Pereira,6,5,No
TXN-0002206,2022-04-10,50773,Belleza,55534,Tarjeta débito,App móvil,Android,Cali,5,5,No
TXN-0007210,2023-11-04,44142,Libros,24153,Contraentrega,Sitio web,Android,Barranquilla,6,5,No
TXN-0002815,2022-12-15,33525,Libros,40399,Billetera digital,App móvil,Desktop,Medellín,1,5,No
TXN-0005840,2022-04-10,55949,Moda,147171,Contraentrega,App móvil,Desktop,Barranquilla,3,5,No
TXN-0007225,2024-10-29,49488,Electrónica,554365,Tarjeta crédito,Sitio web,Android,Bogotá,1,5,No
TXN-0005946,2023-10-12,38061,Libros,35540,Tarjeta crédito,Sitio web,Android,Pereira,5,5,No
TXN-IMPUTADO-0072,2023-01-30,15456,Hogar,159784,Contraentrega,App móvil,iOS,Cali,4,5,No
TXN-0002873,2023-10-13,44385,Hogar,287380,PSE,Sitio web,Desktop,Bogotá,6,5,No
TXN-0007620,2023-10-06,35273,Tecnología,34640,PSE,App móvil,Android,Bogotá,3,5,No
TXN-0005156,2024-03-31,22672,Moda,89276,Contraentrega,App móvil,Android,Bucaramanga,5,5,No
TXN-0001556,2024-04-14,26134,Libros,31659,Contraentrega,App móvil,Desktop,Bucaramanga,3,5,No
TXN-0003708,2024-04-16,52788,Libros,45942,Tarjeta crédito,App móvil,Android,Bucaramanga,4,5,No
TXN-0002324,2023-04-08,51908,Moda,128717,Contraentrega,Sitio web,Android,Bogotá,3,5,No
TXN-0000915,2022-02-14,24588,Mascotas,63121,Contraentrega,Sitio web,Android,Barranquilla,4,5,No
TXN-0003612,2023-03-31,22421,Electrónica,543859,Tarjeta crédito,App móvil,Android,Cali,2,5,No
TXN-0001504,2024-07-16,29481,Electrónica,942646,PSE,Sitio web,Android,Pereira,6,5,No
TXN-0007574,2022-03-25,34200,Mascotas,134772,Contraentrega,Sitio web,Android,Ibagué,6,5,No
TXN-0006802,2023-06-16,36364,Moda,150194,PSE,Sitio web,Android,Cali,5,5,No
TXN-0001407,2022-09-25,34642,Electrónica,406882,Billetera digital,App móvil,Desktop,Cali,6,5,Sí
TXN-0002625,2024-01-01,35512,Hogar,318494,Tarjeta débito,Sitio web,iOS,Barranquilla,1,5,No
TXN-0001803,2022-06-15,38423,Deportes,147443,Billetera digital,App móvil,Android,Bogotá,5,5,No
TXN-0002055,2022-06-09,54959,Hogar,189705,Tarjeta crédito,App móvil,Android,Cali,4,5,No
TXN-0007027,2023-12-11,27256,Moda,122345,Billetera digital,App móvil,Android,Cali,5,5,No
TXN-0000009,2023-09-05,51309,Libros,43643,Tarjeta débito,App móvil,Android,Bogotá,6,5,No
TXN-0003377,2023-12-03,43190,Moda,71019,Contraentrega,App móvil,Android,Bogotá,5,5,No
TXN-0004092,2022-10-18,42690,Libros,95938,PSE,Sitio web,iOS,Pereira,3,5,Sí
TXN-0005394,2022-12-18,41799,Electrónica,629741,Tarjeta crédito,Sitio web,Desktop,Bucaramanga,4,5,No
TXN-0002837,2022-11-09,12259,Deportes,184562,Contraentrega,Sitio web,Android,Pereira,5,5,No
TXN-0007333,2024-05-09,37577,Libros,95186,Tarjeta débito,App móvil,iOS,Cartagena,2,5,No
TXN-0004080,2024-03-07,53626,Belleza,108965,Tarjeta crédito,Sitio web,iOS,Medellín,2,5,No
TXN-0001634,2024-12-09,34369,Alimentos,31918,Billetera digital,App móvil,Android,Cúcuta,2,5,No
TXN-0005259,2024-06-20,47784,Libros,78529,Billetera digital,App móvil,Android,Cartagena,2,5,No
TXN-0002087,2024-09-15,54321,Hogar,182949,PSE,App móvil,Desktop,Ibagué,2,5,No
TXN-0000217,2022-10-19,33522,Moda,150474,Tarjeta crédito,App móvil,iOS,Bucaramanga,2,5,No
TXN-0005104,2022-05-01,12641,Hogar,212838,Tarjeta débito,Sitio web,Android,Medellín,4,5,No
TXN-0002080,2022-06-24,37704,Deportes,225995,Tarjeta débito,App móvil,Android,Bucaramanga,1,5,Sí
TXN-0007195,2022-05-19,19674,Juguetes,56336,Tarjeta crédito,App móvil,iOS,Medellín,8,4,No
TXN-0005378,2023-03-30,20654,Hogar,34604,Tarjeta crédito,App móvil,Android,Cúcuta,5,5,No
TXN-0001253,2023-12-03,21394,Mascotas,95790,Contraentrega,Sitio web,Android,Barranquilla,4,5,No
TXN-0007463,,56284,Belleza,92050,PSE,App móvil,Android,Bogotá,6,5,No
TXN-0004693,2023-12-11,52486,Hogar,180473,Tarjeta débito,App móvil,Android,Bogotá,4,5,No
TXN-0007039,2023-12-04,27834,Mascotas,26792,PSE,Sitio web,Android,Bogotá,7,5,No
TXN-0004899,2023-07-29,34132,Alimentos,14744,Tarjeta crédito,Sitio web,Android,Cali,3,5,No
TXN-0001966,2024-02-03,13041,Deportes,50129,Contraentrega,Sitio web,Desktop,Cúcuta,3,5,No
TXN-0002210,2024-08-21,26550,Tecnología,675940,Tarjeta débito,App móvil,Android,Ibagué,4,5,No
TXN-0000313,2022-09-28,47240,Electrónica,737020,Tarjeta crédito,App móvil,Android,Cali,4,5,No
TXN-0007465,2024-02-03,10494,Hogar,286416,Tarjeta crédito,Sitio web,Android,Ibagué,4,5,No
TXN-0001038,2023-12-24,44693,Moda,79924,Tarjeta débito,App móvil,iOS,Cali,6,5,No
TXN-0001451,2022-10-31,40310,Alimentos,29720,Contraentrega,Sitio web,Android,Bucaramanga,8,3,No
TXN-0007086,2022-06-14,25044,Electrónica,671286,Tarjeta crédito,App móvil,Android,Bogotá,5,5,No
TXN-IMPUTADO-0073,2022-01-09,43755,Hogar,139725,PSE,Sitio web,iOS,Bogotá,1,5,No
TXN-0003082,2022-09-08,50031,Moda,36193,Tarjeta crédito,Sitio web,iOS,Bogotá,6,5,No
TXN-0005350,2023-12-10,44569,Deportes,203578,Tarjeta crédito,App móvil,Android,Cali,6,5,No
TXN-0002101,2024-08-02,-1,Juguetes,119782,Tarjeta crédito,App móvil,Android,Cali,6,5,No
TXN-0001902,2023-03-28,44517,Mascotas,76352,Tarjeta crédito,App móvil,Desktop,Barranquilla,5,5,No
TXN-IMPUTADO-0074,2023-06-01,14830,Hogar,207853,Tarjeta crédito,Sitio web,iOS,Medellín,4,5,No
TXN-0000840,2024-08-12,21911,Alimentos,54339,Contraentrega,App móvil,Desktop,Cartagena,4,5,No
TXN-0004744,2024-09-03,28389,Juguetes,47835,Contraentrega,App móvil,Android,Barranquilla,4,5,No
TXN-0003603,2024-07-03,54840,Electrónica,560381,Tarjeta débito,Sitio web,Android,Bogotá,1,5,No
TXN-0006069,2022-04-17,-1,Alimentos,5000,Contraentrega,App móvil,Android,Bogotá,8,3,No
TXN-0007479,2023-08-17,53073,Mascotas,91164,Contraentrega,App móvil,iOS,Bogotá,6,5,No
TXN-0001920,2023-06-05,50064,Hogar,236817,Billetera digital,App móvil,iOS,Bogotá,5,5,No
TXN-0000229,,52789,Moda,97760,Billetera digital,Sitio web,iOS,Bogotá,2,5,No
TXN-0005008,2024-01-06,-1,Moda,79182,Tarjeta crédito,App móvil,Desktop,Bogotá,3,5,No
TXN-0007364,2024-06-25,10976,Moda,110655,Tarjeta crédito,Sitio web,Android,Barranquilla,2,5,No
TXN-0002867,2023-12-18,56388,Moda,83361,Billetera digital,App móvil,iOS,Bogotá,3,5,No
TXN-0004370,2022-03-04,52124,Hogar,370300,Tarjeta crédito,Sitio web,Android,Bogotá,4,5,No
TXN-0007247,2023-01-19,19119,Electrónica,330625,Tarjeta débito,Sitio web,iOS,Cali,4,5,No
TXN-0004913,2024-11-21,17893,Tecnología,753920,PSE,App móvil,Desktop,Cali,6,5,No
TXN-0006175,2023-06-27,36247,Alimentos,58124,PSE,App móvil,Android,Bogotá,6,5,Sí
TXN-0005542,2024-10-01,23496,Juguetes,103422,Tarjeta crédito,Sitio web,Desktop,Medellín,4,5,No
TXN-0005743,2024-04-30,58324,Tecnología,580760,Tarjeta débito,Sitio web,iOS,Cúcuta,5,5,No
TXN-0002146,2023-08-14,25451,Moda,136633,Tarjeta crédito,Sitio web,iOS,Bogotá,3,5,No
TXN-0005147,2024-07-07,28517,Electrónica,233951,Tarjeta débito,App móvil,iOS,Cali,5,5,No
TXN-0001514,2023-11-23,10826,Deportes,163924,Billetera digital,App móvil,Android,Bogotá,4,5,No
TXN-0005875,2024-03-05,42111,Tecnología,229031,PSE,Sitio web,iOS,Medellín,6,5,No
TXN-0000016,2022-01-13,12127,Electrónica,606087,Tarjeta débito,Sitio web,Android,Bogotá,4,5,No
TXN-0004626,2022-03-31,10007,Tecnología,814789,PSE,Sitio web,iOS,Cali,6,5,No
TXN-0004122,2023-04-21,21025,Electrónica,491618,Tarjeta débito,App móvil,iOS,Cali,4,5,No
TXN-0006777,2023-09-03,53290,Deportes,172996,Tarjeta crédito,Sitio web,Android,Manizales,4,5,No
TXN-0006995,2023-01-30,45746,Alimentos,60332,Tarjeta crédito,App móvil,Desktop,Cali,1,5,No
TXN-0003763,2024-06-19,49286,Moda,23306,Contraentrega,App móvil,Android,Cartagena,8,3,No
TXN-0005467,,41043,Tecnología,769798,Tarjeta débito,App móvil,Android,Cúcuta,4,5,No
TXN-IMPUTADO-0075,2023-04-19,42371,Electrónica,1018103,Tarjeta crédito,App móvil,Desktop,Bogotá,7,5,No
TXN-0001391,2024-07-30,40468,Moda,33527,Tarjeta crédito,App móvil,Desktop,Pereira,1,5,No
TXN-0003662,2023-03-29,33567,Alimentos,25953,Tarjeta crédito,App móvil,Android,Medellín,6,5,No
TXN-0005677,2022-10-01,32790,Tecnología,961635,Tarjeta débito,Sitio web,Desktop,Bogotá,5,5,No
TXN-0000129,2022-10-10,55497,Moda,209665,Tarjeta crédito,App móvil,Android,Cartagena,4,5,No
TXN-0006271,2022-11-10,30890,Juguetes,152141,PSE,App móvil,iOS,Bogotá,1,5,No
TXN-0000719,2024-12-12,16001,Juguetes,60030,Tarjeta crédito,App móvil,Android,Bucaramanga,8,4,No
TXN-0000322,2022-11-25,43399,Mascotas,51107,Tarjeta débito,Sitio web,Android,Bogotá,4,5,No
TXN-0002467,2023-08-16,59971,Electrónica,540399,Tarjeta débito,App móvil,Desktop,Bogotá,2,5,No
TXN-0007529,2022-08-31,51829,Hogar,140067,Contraentrega,Sitio web,Android,Barranquilla,6,5,No
TXN-0002528,2024-04-16,30556,Belleza,78996,Tarjeta débito,Sitio web,Desktop,Bogotá,6,5,No
TXN-0001704,2024-06-09,41274,Belleza,88083,Tarjeta crédito,Sitio web,Desconocido,Barranquilla,6,5,No
TXN-0007886,2023-08-24,19706,Tecnología,514735,Tarjeta crédito,Sitio web,iOS,Pereira,2,5,No
TXN-0003052,2022-09-25,25995,Moda,173585,Tarjeta crédito,Sitio web,Desktop,Cali,3,5,No
TXN-0002208,2024-11-25,-1,Libros,64390,Tarjeta débito,Sitio web,iOS,Pereira,5,5,No
TXN-0006503,2022-05-18,54595,Deportes,198786,Billetera digital,Sitio web,Android,Ibagué,4,5,No
TXN-0004699,2024-10-03,11338,Hogar,126583,Contraentrega,Sitio web,Android,Cali,9,4,No
TXN-0007797,,40778,Libros,68574,Contraentrega,Sitio web,Android,Ibagué,6,5,No
TXN-0003393,2023-01-23,30782,Moda,136409,PSE,App móvil,iOS,Cali,5,5,No
TXN-0002245,2023-12-09,-1,Belleza,102022,Tarjeta débito,App móvil,Android,Medellín,3,5,No
TXN-0002655,2022-03-08,16134,Alimentos,77313,Tarjeta crédito,Sitio web,Android,Medellín,9,3,No
TXN-0005082,2023-12-22,23377,Electrónica,639845,Contraentrega,App móvil,iOS,Cali,3,5,No
TXN-0005813,2022-02-03,15962,Alimentos,23428,Contraentrega,App móvil,Android,Bogotá,4,5,No
TXN-0007105,2023-03-26,12973,Moda,146372,PSE,App móvil,iOS,Bogotá,2,5,No
TXN-0001750,2023-07-31,28715,Moda,66789,Tarjeta crédito,Sitio web,Android,Medellín,6,5,No
TXN-0001362,2023-12-24,15450,Moda,5000,Billetera digital,App móvil,Android,Bogotá,3,5,No
TXN-0006303,2023-12-23,43964,Mascotas,104837,Contraentrega,App móvil,iOS,Bogotá,2,5,No
TXN-0003557,2022-07-17,26279,Belleza,51225,Contraentrega,Sitio web,iOS,Barranquilla,3,5,No
TXN-0001404,2022-10-10,22775,Deportes,183328,Billetera digital,App móvil,Android,Barranquilla,4,5,No
TXN-0001438,2022-06-11,21864,Belleza,71724,Billetera digital,App móvil,Desktop,Medellín,5,5,No
TXN-0004797,2024-03-23,42937,Hogar,178216,Tarjeta crédito,Sitio web,Desktop,Bogotá,4,5,No
TXN-0003504,2023-12-29,26985,Belleza,66477,Contraentrega,App móvil,iOS,Bogotá,3,5,No
TXN-0001413,2022-11-21,41564,Alimentos,9627,Tarjeta débito,Sitio web,Desktop,Bogotá,5,5,No
TXN-0002409,2023-02-24,28772,Juguetes,91994,PSE,Sitio web,Android,Bogotá,5,5,No
TXN-0001795,2023-03-19,49134,Mascotas,49380,Contraentrega,App móvil,Android,Bucaramanga,2,5,No
TXN-0003459,2023-04-27,43755,Moda,119153,Tarjeta crédito,Sitio web,Desconocido,Medellín,1,5,No
TXN-0006476,2023-07-05,48061,Deportes,129569,Tarjeta débito,App móvil,Android,Cali,3,5,No
TXN-0002144,2023-10-04,26031,Deportes,155331,Tarjeta crédito,App móvil,Android,Ibagué,2,5,No
TXN-0004768,2022-11-19,15078,Electrónica,416201,Tarjeta débito,App móvil,Desktop,Cali,4,5,Sí
TXN-0004453,2024-06-28,30593,Libros,43831,PSE,App móvil,Android,Bogotá,7,5,No
TXN-0000124,2023-03-29,12039,Moda,160648,PSE,App móvil,Android,Bogotá,6,5,No
TXN-0006868,2022-02-25,-1,Deportes,174097,PSE,App móvil,Desconocido,Pereira,6,5,No
TXN-0001542,2023-02-01,-1,Deportes,261292,Tarjeta débito,App móvil,Desktop,Bogotá,3,5,No
TXN-0000031,2022-08-15,55590,Electrónica,849895,Billetera digital,App móvil,Android,Medellín,3,5,No
TXN-0000935,2024-02-29,34267,Tecnología,1017078,Billetera digital,App móvil,Android,Manizales,2,5,No
TXN-0007973,2024-08-30,49096,Tecnología,1030067,Tarjeta crédito,App móvil,Desconocido,Bogotá,1,5,No
TXN-0006496,2024-06-05,50505,Moda,143342,Tarjeta crédito,App móvil,iOS,Manizales,4,5,No
TXN-0006901,2024-07-02,55118,Moda,101200,PSE,Sitio web,iOS,Bogotá,3,5,No
TXN-0005363,2024-07-27,21402,Libros,9502,Contraentrega,App móvil,Android,Pereira,2,5,No
TXN-0004924,2024-10-22,55189,Deportes,75077,Tarjeta crédito,Sitio web,Android,Manizales,6,5,No
TXN-0004136,2023-10-14,25688,Belleza,60420,Contraentrega,App móvil,Android,Medellín,7,5,No
TXN-0005641,2024-12-30,40629,Electrónica,625008,Billetera digital,Sitio web,iOS,Medellín,4,5,No
TXN-0006593,2022-06-17,58410,Libros,110007,PSE,App móvil,Android,Cartagena,2,5,No
TXN-IMPUTADO-0076,2022-11-22,48764,Electrónica,29686,Tarjeta crédito,Sitio web,Desconocido,Cali,7,5,No
TXN-0001189,2023-09-16,33579,Deportes,275363,Tarjeta crédito,Sitio web,Android,Cartagena,8,4,No
TXN-0007278,2024-01-29,10527,Juguetes,128090,Tarjeta crédito,App móvil,Android,Medellín,1,5,No
TXN-0001627,2024-11-02,24539,Juguetes,143757,Tarjeta crédito,App móvil,Android,Bucaramanga,4,5,No
TXN-0001562,2022-01-30,53915,Mascotas,31133,Billetera digital,Sitio web,Android,Medellín,3,5,No
TXN-0004670,2024-05-28,48118,Electrónica,1113891,PSE,Sitio web,Android,Bogotá,7,5,No
TXN-0004954,2023-05-11,46598,Belleza,111085,Tarjeta crédito,App móvil,Android,Barranquilla,8,4,No
TXN-0002056,2023-08-17,49159,Hogar,199024,Contraentrega,App móvil,Android,Cali,2,5,No
TXN-0001778,2023-08-23,43425,Belleza,42584,Tarjeta crédito,Sitio web,Android,Bogotá,5,5,No
TXN-0001772,2024-04-10,14253,Moda,140762,Tarjeta débito,Sitio web,Desktop,Medellín,7,5,No
TXN-0006548,2024-08-22,43894,Juguetes,5000,Tarjeta crédito,App móvil,Android,Bogotá,4,5,No
TXN-0003547,2023-11-12,-1,Libros,67294,Tarjeta crédito,App móvil,iOS,Pereira,4,5,No
TXN-0000039,2022-07-02,28514,Moda,79462,Tarjeta crédito,App móvil,Android,Cali,3,5,No
TXN-0007005,2023-09-12,39618,Electrónica,860778,PSE,App móvil,Android,Manizales,1,5,No
TXN-0004753,2022-04-19,53309,Mascotas,81205,PSE,App móvil,Android,Cali,3,5,No
TXN-0004579,2022-03-20,43866,Moda,115127,Tarjeta crédito,App móvil,iOS,Bogotá,2,5,No
TXN-0003319,2023-07-04,20071,Moda,135966,PSE,Sitio web,Android,Medellín,6,5,No
TXN-0005935,2023-10-28,31716,Moda,100824,Billetera digital,App móvil,Android,Bucaramanga,3,5,No
TXN-0000854,2024-03-24,31527,Hogar,247764,PSE,App móvil,Desktop,Barranquilla,1,5,No
TXN-0000779,2022-04-23,12144,Moda,69794,Tarjeta crédito,Sitio web,Android,Bogotá,7,5,No
TXN-0002238,2024-01-30,49070,Moda,153523,Billetera digital,App móvil,iOS,Barranquilla,3,5,No
TXN-0002104,2022-08-30,30957,Alimentos,5000,Tarjeta débito,App móvil,Android,Bogotá,2,5,No
TXN-0000946,2024-08-04,-1,Libros,71292,Tarjeta crédito,App móvil,iOS,Pereira,6,5,No
TXN-0002529,2022-08-23,37304,Belleza,82191,Tarjeta crédito,App móvil,Android,Barranquilla,3,5,No
TXN-0006433,2022-12-16,40757,Hogar,170727,Tarjeta crédito,App móvil,Android,Cali,4,5,No
TXN-0006182,2023-05-24,22119,Hogar,135114,Billetera digital,Sitio web,Android,Bucaramanga,10,4,No
TXN-0001706,2023-06-17,21006,Alimentos,22653,Tarjeta crédito,Sitio web,Android,Cali,2,5,No
TXN-0004068,2024-05-02,36481,Electrónica,422081,PSE,App móvil,Android,Cúcuta,2,5,No
TXN-0000423,2023-06-05,31342,Electrónica,996144,PSE,Sitio web,Android,Pereira,3,5,No
TXN-0002923,2022-07-27,37720,Moda,237383,Billetera digital,Sitio web,Android,Bogotá,3,5,Sí
TXN-0004008,2022-01-26,36050,Libros,40384,Tarjeta débito,Sitio web,Android,Cali,7,5,No
TXN-0002766,2022-06-17,44824,Alimentos,81572,Contraentrega,App móvil,Desktop,Bogotá,5,5,No
TXN-0005088,2024-01-21,42843,Libros,62670,Tarjeta débito,Sitio web,iOS,Cali,3,5,No
TXN-0004624,2023-05-14,11800,Hogar,126774,Contraentrega,Sitio web,Android,Bogotá,6,5,No
TXN-0003893,2022-01-13,22594,Tecnología,1191275,PSE,App móvil,Android,Manizales,6,5,Sí
TXN-IMPUTADO-0077,2022-06-12,28979,Moda,145458,PSE,App móvil,Android,Cartagena,8,3,No
TXN-0003101,2024-01-27,22495,Juguetes,81224,Tarjeta crédito,Sitio web,iOS,Medellín,2,5,No
TXN-0000390,2023-01-05,10652,Hogar,167293,Tarjeta crédito,App móvil,Android,Bogotá,2,5,No
TXN-0001494,2023-10-30,19033,Belleza,91115,Tarjeta crédito,Sitio web,iOS,Bogotá,5,5,No
TXN-0006097,2022-02-16,41283,Electrónica,674952,Tarjeta crédito,App móvil,iOS,Cartagena,6,5,No
TXN-0007478,2022-06-21,25682,Alimentos,49704,Tarjeta débito,App móvil,iOS,Medellín,5,5,No
TXN-IMPUTADO-0078,2022-11-02,10253,Hogar,187275,Billetera digital,App móvil,Android,Bucaramanga,1,5,No
TXN-0004655,2023-12-28,36453,Hogar,189597,Tarjeta débito,App móvil,Android,Bogotá,4,5,No
TXN-0000374,2024-08-16,27827,Libros,53595,Billetera digital,Sitio web,Android,Bogotá,2,5,No
TXN-0007469,2023-11-17,12596,Tecnología,1034317,Billetera digital,App móvil,Desktop,Medellín,6,5,No
TXN-IMPUTADO-0079,,53768,Alimentos,45849,Tarjeta débito,Sitio web,Android,Bogotá,7,5,No
TXN-0005590,2022-05-21,38044,Hogar,207449,Billetera digital,Sitio web,Android,Medellín,5,5,Sí
TXN-0005684,2022-05-23,50963,Electrónica,822053,Tarjeta débito,App móvil,Android,Cali,1,5,No
TXN-0003894,2022-09-26,24594,Mascotas,106737,Tarjeta crédito,App móvil,Android,Bucaramanga,5,5,No
TXN-0002059,2024-06-09,43428,Moda,193540,PSE,App móvil,Android,Barranquilla,1,5,No
TXN-0000558,2023-12-14,11793,Alimentos,44203,Contraentrega,App móvil,Android,Barranquilla,3,5,No
TXN-0003523,2022-05-22,48488,Moda,111946,Tarjeta débito,App móvil,Android,Cartagena,4,5,No
TXN-0003472,2024-08-31,32750,Electrónica,473105,Tarjeta crédito,Sitio web,Android,Ibagué,3,5,No
TXN-0003922,2022-02-17,51579,Tecnología,881359,Contraentrega,App móvil,Android,Bucaramanga,2,5,No
TXN-0006852,2024-10-31,32578,Deportes,241902,Tarjeta crédito,Sitio web,Android,Bogotá,8,4,No
TXN-0000381,2022-06-22,23610,Belleza,32197,Tarjeta crédito,Sitio web,Desktop,Cali,7,5,No
TXN-0004209,2024-12-07,22646,Deportes,187376,PSE,Sitio web,Android,Bucaramanga,9,5,No
TXN-0001880,2024-09-11,14149,Belleza,84452,Contraentrega,Sitio web,Desktop,Ibagué,3,5,No
TXN-0004578,2023-10-20,48546,Libros,92994,PSE,App móvil,Android,Bucaramanga,4,5,No
TXN-0005788,2023-10-19,20785,Deportes,161336,Tarjeta crédito,Sitio web,Desktop,Cúcuta,4,5,No
TXN-0001060,2023-05-23,53276,Libros,34905,PSE,Sitio web,Android,Bucaramanga,6,5,No
TXN-0002555,2024-06-05,35520,Mascotas,13390,Tarjeta crédito,App móvil,Android,Medellín,4,5,No
TXN-0005058,2022-06-18,10546,Libros,58233,Billetera digital,Sitio web,Android,Bogotá,3,5,No
TXN-0003387,2022-07-08,20109,Belleza,115286,Tarjeta débito,Sitio web,Android,Cartagena,6,5,No
TXN-IMPUTADO-0080,2022-10-04,44851,Electrónica,401492,Tarjeta débito,App móvil,iOS,Cali,6,5,No
TXN-0005637,2022-03-07,-1,Deportes,290021,Contraentrega,App móvil,Android,Barranquilla,4,5,No
TXN-0005425,2024-09-16,50589,Libros,33170,Tarjeta crédito,App móvil,Android,Medellín,3,5,No
TXN-0004878,2023-07-12,43590,Juguetes,162944,Tarjeta crédito,App móvil,Android,Medellín,6,5,No
TXN-0003669,2022-06-15,-1,Mascotas,92259,Billetera digital,App móvil,iOS,Pereira,2,5,No
TXN-0002406,2023-10-07,21625,Deportes,130346,Tarjeta crédito,App móvil,iOS,Bucaramanga,6,5,No
TXN-0002621,2023-04-03,38320,Electrónica,940298,Tarjeta crédito,App móvil,Android,Bogotá,8,3,No
TXN-0000565,2023-04-24,27732,Juguetes,99069,PSE,App móvil,Android,Cali,3,5,No
TXN-0004045,2023-05-17,48442,Moda,150913,Billetera digital,App móvil,Android,Bogotá,6,5,No
TXN-0005544,2022-01-24,52859,Juguetes,69141,Tarjeta crédito,Sitio web,Desktop,Bogotá,5,5,No
TXN-0001718,2022-01-07,38185,Moda,88812,Contraentrega,Sitio web,Android,Pereira,8,3,No
TXN-0004425,2022-06-04,46172,Electrónica,1150634,PSE,App móvil,iOS,Barranquilla,5,5,No
TXN-0001987,2022-09-27,19080,Moda,190689,Contraentrega,App móvil,Android,Bogotá,4,5,No
TXN-0004397,2024-09-06,13424,Hogar,177268,Billetera digital,App móvil,iOS,Manizales,4,5,No
TXN-0005066,2024-07-21,12326,Libros,21586,Tarjeta débito,App móvil,Desconocido,Cali,2,5,No
TXN-0007180,2022-01-13,43929,Electrónica,1018732,Billetera digital,App móvil,Android,Bogotá,7,5,No
TXN-0000030,2024-11-18,47975,Belleza,107666,Tarjeta crédito,App móvil,Android,Medellín,4,5,No
TXN-0007950,2023-05-14,11216,Hogar,76824,Tarjeta débito,Sitio web,Android,Barranquilla,1,5,No
TXN-0003868,2022-08-18,39521,Mascotas,39734,Contraentrega,App móvil,Android,Manizales,2,5,No
TXN-0000769,2022-06-08,30653,Electrónica,1002010,PSE,App móvil,Android,Bogotá,5,5,No
TXN-0002152,2023-06-12,12805,Moda,85104,PSE,App móvil,Desktop,Cali,1,5,No
TXN-0004296,2023-02-16,51253,Hogar,167704,PSE,Sitio web,Android,Bogotá,3,5,No
TXN-0002673,2024-02-21,-1,Alimentos,21863,Tarjeta débito,Sitio web,Desktop,Bogotá,3,5,No
TXN-0001204,2024-04-10,59824,Libros,61193,Tarjeta crédito,App móvil,Desktop,Bucaramanga,3,5,No
TXN-0001807,2023-06-22,48128,Hogar,213368,Tarjeta crédito,App móvil,Desktop,Bucaramanga,5,5,No
TXN-0001505,2024-12-04,-1,Libros,65710,Tarjeta débito,App móvil,Android,Medellín,7,5,No
TXN-IMPUTADO-0081,2022-10-03,15469,Libros,17642,Tarjeta crédito,Sitio web,Android,Cali,11,3,No
TXN-0005798,2023-11-14,-1,Moda,58080,Contraentrega,Sitio web,Android,Medellín,2,5,No
TXN-IMPUTADO-0082,2024-05-24,25302,Moda,146629,Tarjeta débito,App móvil,Desktop,Cartagena,3,5,No
TXN-0000127,2024-10-22,14208,Juguetes,84565,Tarjeta crédito,Sitio web,Desktop,Cali,5,5,No
TXN-0005470,2023-11-15,25636,Belleza,81874,Tarjeta crédito,App móvil,iOS,Bogotá,3,5,No
TXN-0002561,2024-05-04,51095,Alimentos,50900,Tarjeta débito,Sitio web,iOS,Bogotá,1,5,No
TXN-0007840,2022-09-18,17299,Deportes,102039,PSE,Sitio web,Desktop,Barranquilla,7,5,No
TXN-0001674,2023-01-11,15818,Juguetes,69534,Tarjeta crédito,Sitio web,Android,Bogotá,3,5,No
TXN-0001232,2023-03-01,28272,Mascotas,28165,Tarjeta débito,App móvil,Android,Bogotá,4,5,No
TXN-0002587,2024-10-14,59446,Juguetes,79020,Contraentrega,Sitio web,iOS,Medellín,4,5,No
TXN-0001359,2022-05-22,37887,Electrónica,530858,Tarjeta crédito,Sitio web,Desktop,Bogotá,1,5,No
TXN-0004981,2024-08-21,17437,Deportes,320088,Tarjeta crédito,App móvil,Android,Medellín,4,5,No
TXN-0002033,2024-09-05,47792,Moda,147131,Tarjeta débito,App móvil,iOS,Bogotá,8,5,No
TXN-0001444,2024-10-02,32268,Libros,27595,Tarjeta crédito,Sitio web,Desktop,Ibagué,2,5,No
TXN-0006565,2022-10-13,55308,Electrónica,5000,Tarjeta crédito,App móvil,Android,Medellín,5,5,No
TXN-0007145,2022-03-16,28710,Mascotas,75660,Tarjeta crédito,App móvil,Android,Bogotá,6,5,No
TXN-0001625,2024-05-20,56210,Hogar,176783,Tarjeta crédito,Sitio web,Desktop,Ibagué,6,5,No
TXN-0002547,2023-10-04,23378,Belleza,64524,Tarjeta débito,App móvil,Android,Bogotá,1,5,No
TXN-0004197,2023-04-22,49272,Electrónica,768930,Tarjeta crédito,App móvil,Android,Bogotá,5,5,No
TXN-0005019,2022-05-29,40220,Moda,218412,Tarjeta crédito,App móvil,iOS,Medellín,3,5,No
TXN-0001014,2024-02-28,10965,Belleza,60016,PSE,Sitio web,Android,Ibagué,3,5,No
TXN-0004767,2023-06-23,10174,Moda,39547,Tarjeta crédito,Sitio web,Android,Pereira,1,5,No
TXN-0003367,2022-09-16,28442,Tecnología,1564503,Tarjeta crédito,Sitio web,Desktop,Cartagena,2,5,No
TXN-0003252,2023-03-11,17968,Alimentos,52658,PSE,App móvil,Desktop,Cali,6,5,No
TXN-0007354,2024-07-12,10252,Deportes,193223,PSE,App móvil,iOS,Bogotá,1,5,No
TXN-0005539,2024-08-08,46079,Mascotas,109205,PSE,App móvil,iOS,Cali,6,5,No
TXN-0002548,2023-04-01,54157,Electrónica,285546,Tarjeta crédito,Sitio web,Android,Bogotá,4,5,No
TXN-0002276,2024-09-04,41975,Electrónica,566658,Tarjeta débito,App móvil,iOS,Bucaramanga,5,5,No
TXN-0004986,2024-10-16,33669,Alimentos,70128,Tarjeta crédito,Sitio web,Desktop,Cartagena,8,3,No
TXN-0001724,2024-01-15,36620,Belleza,98492,Tarjeta débito,Sitio web,iOS,Barranquilla,3,5,No
TXN-0007784,2024-05-19,-1,Moda,63511,Tarjeta crédito,App móvil,Android,Cali,4,5,No
TXN-0000419,2022-12-19,52672,Deportes,52721,Tarjeta débito,App móvil,Android,Bogotá,5,5,No
TXN-0007929,2023-03-11,27230,Hogar,145007,Tarjeta débito,App móvil,iOS,Cali,8,3,No
TXN-0002823,2022-06-20,13973,Deportes,188544,Tarjeta crédito,Sitio web,Android,Cali,5,5,No
TXN-0007181,2023-12-27,12158,Deportes,102719,Billetera digital,App móvil,Android,Medellín,3,5,No
TXN-0005519,2024-12-22,14852,Moda,171236,Tarjeta crédito,Sitio web,iOS,Bogotá,3,5,No
TXN-0000916,2022-07-12,10635,Moda,142278,Tarjeta débito,App móvil,iOS,Cali,3,5,No
TXN-0001010,2023-08-10,39214,Libros,61476,PSE,App móvil,Desconocido,Cali,5,5,No
TXN-IMPUTADO-0083,2022-08-25,27797,Hogar,125424,Contraentrega,App móvil,Desktop,Cartagena,7,5,No
TXN-IMPUTADO-0084,2022-08-19,40134,Libros,59056,Billetera digital,App móvil,Desktop,Manizales,6,5,No
TXN-0007073,2023-01-26,13136,Moda,5000,Tarjeta crédito,Sitio web,Desktop,Cartagena,3,5,No
TXN-0006122,2023-04-04,-1,Hogar,91764,PSE,Sitio web,iOS,Medellín,6,5,No
TXN-0006609,2024-02-17,36325,Hogar,104699,Tarjeta crédito,Sitio web,Android,Bogotá,4,5,No
TXN-0004090,2022-09-29,55998,Mascotas,27488,Contraentrega,App móvil,iOS,Cali,3,5,No
TXN-0007427,,34353,Alimentos,75828,PSE,Sitio web,iOS,Ibagué,6,5,No
TXN-0007610,2024-04-19,15461,Deportes,140390,Tarjeta crédito,Sitio web,Android,Bogotá,4,5,No
TXN-0007976,2023-04-01,30581,Hogar,38092,Tarjeta débito,App móvil,iOS,Bogotá,4,5,No
TXN-0005593,2024-08-11,57706,Alimentos,76610,Tarjeta crédito,Sitio web,iOS,Pereira,8,5,No
TXN-0003159,2024-09-23,23132,Hogar,147501,Tarjeta débito,App móvil,Android,Bucaramanga,7,5,No
TXN-0006981,2024-07-04,14129,Moda,74569,Tarjeta crédito,App móvil,iOS,Cali,2,5,No
TXN-0001527,2024-09-28,16441,Belleza,80348,Contraentrega,Sitio web,Android,Bogotá,5,5,No
TXN-0003352,2023-04-13,16914,Moda,82698,PSE,Sitio web,Android,Barranquilla,6,5,No
TXN-0005450,2022-12-10,14419,Belleza,108432,Billetera digital,App móvil,Android,Medellín,2,5,No
TXN-0000171,2024-11-13,19042,Belleza,113163,Tarjeta crédito,Sitio web,Android,Medellín,6,5,No
TXN-0004074,2024-02-25,12023,Electrónica,278366,Contraentrega,Sitio web,Desconocido,Bogotá,1,5,No
TXN-0001213,2024-05-05,49049,Tecnología,806605,PSE,Sitio web,Android,Cali,6,5,No
TXN-0002012,2022-09-25,32273,Electrónica,521258,PSE,App móvil,iOS,Bogotá,7,5,Sí
TXN-0003435,2024-01-18,26650,Electrónica,934960,Contraentrega,Sitio web,Desktop,Medellín,7,5,No
TXN-0005685,2022-05-28,10929,Juguetes,168053,Billetera digital,Sitio web,Desktop,Ibagué,4,5,No
TXN-0002118,2024-02-28,32987,Electrónica,531330,Contraentrega,Sitio web,iOS,Pereira,3,5,No
TXN-0004834,2023-11-24,34671,Moda,128422,Tarjeta crédito,App móvil,iOS,Bogotá,1,5,No
TXN-0003360,2024-02-03,26711,Moda,209977,Tarjeta débito,Sitio web,Desktop,Bucaramanga,4,5,No
TXN-0000949,2023-12-22,11907,Belleza,152471,PSE,Sitio web,Desktop,Medellín,2,5,No
TXN-0005966,2024-02-15,26428,Alimentos,65004,Tarjeta débito,App móvil,Android,Cali,4,5,No
TXN-0002813,2024-11-24,44973,Belleza,71831,Billetera digital,App móvil,Android,Bucaramanga,6,5,No
TXN-0005487,2022-11-10,36133,Alimentos,60032,Tarjeta débito,App móvil,Desktop,Cúcuta,4,5,No
TXN-0006913,2023-04-04,36414,Juguetes,84623,Tarjeta crédito,App móvil,iOS,Bogotá,6,5,No
TXN-0006571,2023-12-30,18053,Juguetes,109888,Billetera digital,App móvil,Android,Cali,2,5,No
TXN-0001729,2022-11-01,35022,Alimentos,24669,PSE,Sitio web,Desktop,Cartagena,4,5,No
TXN-0003567,2022-10-01,33616,Alimentos,67453,Billetera digital,App móvil,Desktop,Bogotá,4,5,No
TXN-0002878,2024-11-01,-1,Deportes,180210,Tarjeta crédito,App móvil,Android,Pereira,8,3,No
TXN-0003005,2022-02-24,46655,Alimentos,34229,Tarjeta crédito,Sitio web,Android,Barranquilla,1,5,No
TXN-0000741,2024-03-10,47775,Hogar,273084,Tarjeta débito,App móvil,Android,Medellín,5,5,No
TXN-0002079,2022-05-21,33550,Deportes,185966,Contraentrega,App móvil,Android,Bogotá,4,5,No
TXN-0006309,2022-12-09,57675,Moda,99043,Tarjeta crédito,App móvil,Android,Cúcuta,5,5,No
TXN-0007052,2023-03-03,47448,Deportes,157460,Tarjeta crédito,Sitio web,Android,Bogotá,4,5,No
TXN-0004244,2023-07-17,48881,Electrónica,1250756,Billetera digital,Sitio web,Android,Manizales,5,5,No
TXN-0007495,2023-06-13,42336,Hogar,292248,Tarjeta crédito,App móvil,Android,Cartagena,7,5,No
TXN-0003867,2023-04-22,10146,Hogar,184822,Contraentrega,Sitio web,Android,Manizales,9,4,No
TXN-0001162,2023-04-10,31934,Tecnología,699905,Tarjeta débito,App móvil,iOS,Cartagena,4,5,No
TXN-0003237,2024-05-06,46626,Mascotas,89104,PSE,App móvil,Android,Bogotá,4,5,No
TXN-0004596,2024-07-10,49019,Mascotas,99017,Contraentrega,App móvil,Desktop,Barranquilla,4,5,No
TXN-0003361,2023-05-26,43322,Alimentos,38780,PSE,Sitio web,iOS,Bogotá,6,5,No
TXN-0002825,2023-01-28,36255,Hogar,176130,Tarjeta débito,App móvil,iOS,Medellín,6,5,No
TXN-0005506,2023-06-26,-1,Hogar,155991,PSE,App móvil,Android,Pereira,2,5,No
TXN-0005114,2022-07-16,48841,Electrónica,540078,Tarjeta débito,App móvil,Android,Cali,3,5,No
TXN-0000309,2023-06-19,27707,Electrónica,414164,Billetera digital,Sitio web,Desktop,Medellín,5,5,No
TXN-0006850,2023-11-12,30642,Juguetes,90166,Tarjeta débito,Sitio web,Android,Bogotá,4,5,No
TXN-0002243,2022-11-29,49159,Electrónica,1008986,Tarjeta crédito,App móvil,iOS,Bucaramanga,3,5,No
TXN-0007141,2023-10-31,17525,Tecnología,528611,Tarjeta crédito,App móvil,Android,Pereira,2,5,No
TXN-0003696,2024-05-24,47422,Electrónica,657924,Tarjeta crédito,Sitio web,Android,Medellín,6,5,No
TXN-0003959,2022-11-15,46093,Moda,113967,Tarjeta débito,App móvil,Android,Cali,3,5,No
TXN-0004449,2023-02-17,21817,Moda,109197,Tarjeta crédito,App móvil,Android,Cali,5,5,No
TXN-0002725,2023-03-10,30176,Deportes,236785,Tarjeta crédito,App móvil,Android,Bogotá,2,5,Sí
TXN-0001387,2023-11-23,31813,Moda,55171,PSE,Sitio web,Desktop,Bucaramanga,1,5,No
TXN-0007688,,22781,Electrónica,549225,Tarjeta crédito,Sitio web,Android,Medellín,5,5,No
TXN-0004076,2022-01-03,24331,Libros,83569,Tarjeta crédito,App móvil,Android,Barranquilla,4,5,No
TXN-0004973,2024-11-25,55220,Belleza,80578,PSE,App móvil,iOS,Bogotá,3,5,No
TXN-0007155,2023-01-19,26989,Electrónica,432131,PSE,Sitio web,Android,Medellín,4,5,No
TXN-0004239,,23985,Juguetes,91640,Tarjeta débito,Sitio web,Android,Cali,2,5,No
TXN-0002464,2022-10-22,15635,Tecnología,1884097,Tarjeta crédito,Sitio web,Android,Pereira,4,5,No
TXN-0004226,2024-09-25,25366,Tecnología,636288,Contraentrega,App móvil,Android,Bucaramanga,4,5,No
TXN-0000972,2022-12-10,29687,Moda,106632,PSE,App móvil,Desktop,Bogotá,5,5,No
TXN-0004676,2023-04-21,19769,Libros,55192,Tarjeta crédito,Sitio web,iOS,Bucaramanga,7,5,No
TXN-0005880,2024-05-17,11530,Juguetes,61097,Tarjeta crédito,Sitio web,Desktop,Pereira,3,5,No
TXN-0007871,2023-09-20,18335,Electrónica,403494,Tarjeta crédito,App móvil,iOS,Cali,6,5,No
TXN-IMPUTADO-0085,2023-05-19,15077,Alimentos,51633,PSE,App móvil,iOS,Medellín,6,5,No
TXN-0003301,2022-02-04,38778,Electrónica,813943,Tarjeta crédito,Sitio web,Android,Bogotá,1,5,No
TXN-0003483,2023-04-26,53768,Moda,112969,PSE,App móvil,Desktop,Barranquilla,1,5,No
TXN-0005466,2024-02-04,52166,Belleza,90465,Tarjeta crédito,App móvil,iOS,Barranquilla,1,5,No
TXN-0004851,2023-06-09,46024,Moda,176588,Tarjeta crédito,App móvil,Android,Bogotá,2,5,No
TXN-0001241,2024-08-25,53966,Hogar,206272,Tarjeta crédito,App móvil,Android,Bogotá,4,5,No
TXN-0005461,2023-11-24,39116,Electrónica,263406,Contraentrega,Sitio web,Android,Bogotá,1,5,No
TXN-0007927,2023-03-31,56820,Hogar,122171,Contraentrega,App móvil,iOS,Bogotá,4,5,No
TXN-0003169,2023-07-01,13289,Belleza,42814,PSE,App móvil,Android,Bucaramanga,7,5,No
TXN-0004313,2022-05-13,26094,Alimentos,33733,Tarjeta crédito,App móvil,iOS,Cali,1,5,No
TXN-0006891,2023-02-24,17126,Juguetes,89753,PSE,App móvil,Android,Bogotá,4,5,No
TXN-0001657,2022-05-06,48218,Moda,95955,Billetera digital,Sitio web,Android,Bucaramanga,3,5,No
TXN-0007071,2023-03-11,52503,Hogar,251593,PSE,App móvil,Android,Bucaramanga,2,5,No
TXN-0007859,2023-04-01,35531,Juguetes,93413,Tarjeta débito,App móvil,Android,Bogotá,4,5,No
TXN-0001293,2022-11-21,31186,Tecnología,966851,Tarjeta crédito,Sitio web,iOS,Cali,7,5,No
TXN-0003273,2023-01-24,47046,Hogar,96827,Tarjeta débito,App móvil,Desktop,Bogotá,1,5,No
TXN-0001054,2022-02-24,56018,Juguetes,116895,Contraentrega,Sitio web,Android,Bogotá,9,4,No
TXN-0007796,2022-02-13,54206,Hogar,168019,Tarjeta crédito,Sitio web,iOS,Bogotá,5,5,No
TXN-0001140,2022-08-04,57564,Electrónica,843127,Contraentrega,App móvil,Desktop,Medellín,9,5,No
TXN-0001602,2022-06-03,31432,Mascotas,27266,Tarjeta crédito,Sitio web,Android,Cúcuta,4,5,No
TXN-0004597,2022-06-13,15920,Moda,78503,PSE,App móvil,Android,Barranquilla,5,5,No
TXN-0003032,2022-05-05,34523,Belleza,79635,Tarjeta crédito,App móvil,Android,Ibagué,5,5,No
TXN-0000671,2022-03-30,13274,Juguetes,110033,Tarjeta crédito,App móvil,Android,Cali,4,5,No
TXN-0001637,2022-12-11,13098,Hogar,57715,Tarjeta crédito,App móvil,Android,Bogotá,5,5,Sí
TXN-0001554,2024-06-11,-1,Belleza,66800,Contraentrega,Sitio web,Android,Pereira,5,5,No
TXN-0007555,2023-09-14,45246,Electrónica,409710,Billetera digital,Sitio web,iOS,Bogotá,2,5,No
TXN-0001145,2023-07-19,34736,Moda,155132,Contraentrega,Sitio web,iOS,Medellín,6,5,No
TXN-0007995,2022-08-25,22067,Alimentos,33911,Tarjeta débito,Sitio web,Android,Pereira,1,5,No
TXN-0002511,2023-10-20,44404,Electrónica,409193,Tarjeta crédito,Sitio web,Android,Medellín,6,5,No
TXN-0005511,2023-08-06,21044,Electrónica,418335,Contraentrega,App móvil,Desktop,Bogotá,5,5,No
TXN-0004783,2022-02-11,-1,Electrónica,607881,Contraentrega,Sitio web,Android,Cúcuta,7,5,No
TXN-0006554,2022-08-23,36715,Tecnología,899888,PSE,Sitio web,Android,Cali,5,5,No
TXN-0003029,2022-04-25,50930,Juguetes,106847,PSE,App móvil,Android,Barranquilla,4,5,No
TXN-0000688,2022-01-16,50002,Deportes,144784,Contraentrega,App móvil,Desktop,Ibagué,2,5,No
TXN-0000823,2024-06-21,47292,Hogar,178846,PSE,App móvil,Android,Medellín,4,5,No
TXN-0000550,2022-09-27,28680,Juguetes,99743,Tarjeta crédito,Sitio web,Android,Bogotá,5,5,No
TXN-0007635,2023-03-29,46837,Electrónica,559196,Tarjeta débito,App móvil,iOS,Cali,6,5,No
TXN-0004206,2023-10-02,48597,Deportes,187783,Tarjeta débito,App móvil,Android,Cúcuta,5,5,No
TXN-0002050,2023-04-25,44376,Belleza,54489,PSE,App móvil,Desconocido,Barranquilla,2,5,No
TXN-0000900,2023-11-06,31527,Libros,43515,Billetera digital,App móvil,Desktop,Cúcuta,4,5,No
TXN-0004884,2022-09-28,39418,Electrónica,732146,PSE,Sitio web,Android,Cali,5,5,No
TXN-0006314,2023-03-04,22139,Alimentos,15453,PSE,App móvil,Desktop,Cali,4,5,No
TXN-0007497,2024-06-13,46872,Hogar,194236,Tarjeta crédito,Sitio web,Android,Cali,6,5,No
TXN-0003634,2024-09-27,19917,Electrónica,276699,Contraentrega,App móvil,Android,Barranquilla,4,5,No
TXN-0004119,2023-11-26,37089,Deportes,128415,Tarjeta débito,App móvil,iOS,Ibagué,5,5,No
TXN-0007033,2023-04-02,28914,Tecnología,741694,Tarjeta crédito,Sitio web,iOS,Cali,6,5,No
TXN-0002935,2024-10-06,46498,Juguetes,62360,PSE,Sitio web,Desktop,Bogotá,4,5,No
TXN-0001808,2023-07-17,10162,Belleza,80043,Tarjeta crédito,Sitio web,Android,Pereira,2,5,No
TXN-0003221,2024-06-15,24700,Moda,121531,Tarjeta crédito,App móvil,iOS,Medellín,3,5,No
TXN-0000102,2023-01-30,30194,Libros,102256,Billetera digital,App móvil,Desktop,Bogotá,7,5,No
TXN-0004900,2023-11-16,21091,Electrónica,960114,Tarjeta crédito,App móvil,iOS,Pereira,4,5,No
TXN-0000362,2023-03-10,24512,Belleza,45280,Billetera digital,Sitio web,Android,Barranquilla,5,5,No
TXN-0004882,2023-04-13,36903,Libros,91867,Contraentrega,App móvil,Android,Ibagué,4,5,No
TXN-0002706,2023-04-05,17754,Mascotas,59107,Tarjeta crédito,Sitio web,Android,Ibagué,4,5,No
TXN-0003440,2024-06-10,23078,Moda,44187,PSE,Sitio web,iOS,Barranquilla,4,5,No
TXN-0001268,2024-11-20,32785,Belleza,70470,Tarjeta débito,App móvil,iOS,Bogotá,1,5,No
TXN-IMPUTADO-0086,2024-11-27,53092,Hogar,252534,Billetera digital,App móvil,Android,Bogotá,3,5,No
TXN-IMPUTADO-0087,2023-10-04,11187,Alimentos,59856,PSE,App móvil,Desktop,Cali,3,5,No
TXN-IMPUTADO-0088,2024-06-01,39287,Electrónica,373076,Tarjeta débito,App móvil,iOS,Cúcuta,6,5,No
TXN-0002694,2023-10-23,17260,Hogar,131134,Tarjeta débito,Sitio web,Android,Pereira,4,5,No
TXN-0006364,2024-03-28,32558,Alimentos,40949,Tarjeta crédito,Sitio web,Android,Medellín,3,5,No
TXN-0007564,2024-07-05,19446,Hogar,104494,Contraentrega,App móvil,iOS,Medellín,5,5,No
TXN-0004736,2023-05-12,10361,Moda,222404,PSE,App móvil,Android,Pereira,2,5,No
TXN-0004794,2024-12-04,41148,Deportes,253938,PSE,Sitio web,Desktop,Bucaramanga,3,5,No
TXN-0005016,2024-02-18,59219,Belleza,34580,Tarjeta crédito,App móvil,Desktop,Bogotá,7,5,No
TXN-0002952,2024-01-25,48920,Hogar,198500,Tarjeta crédito,Sitio web,iOS,Barranquilla,3,5,No
TXN-0000993,2023-05-25,54971,Alimentos,52028,PSE,App móvil,iOS,Bogotá,3,5,No
TXN-0007121,2022-07-08,49606,Deportes,136382,Contraentrega,App móvil,Android,Bogotá,5,5,No
TXN-0005098,2023-06-24,11572,Mascotas,59839,Billetera digital,Sitio web,Desktop,Bogotá,2,5,No
TXN-0007227,2022-09-02,13363,Juguetes,45759,Tarjeta crédito,App móvil,Desktop,Cúcuta,8,4,No
TXN-0005293,2024-09-09,38325,Deportes,123639,Tarjeta débito,App móvil,Android,Cartagena,2,5,No
TXN-0002383,2024-08-05,32192,Mascotas,87481,Tarjeta crédito,App móvil,Android,Barranquilla,3,5,No
TXN-0007656,2024-08-08,40886,Juguetes,121508,Contraentrega,Sitio web,Desktop,Bucaramanga,2,5,No
TXN-0004476,2024-12-08,14399,Electrónica,485122,Tarjeta débito,Sitio web,iOS,Cali,2,5,No
TXN-0003092,2023-09-04,28961,Hogar,201748,Tarjeta débito,App móvil,Desktop,Pereira,5,5,No
TXN-0006286,2022-09-30,30304,Alimentos,52166,Tarjeta crédito,Sitio web,Android,Bogotá,7,5,No
TXN-0007458,2023-02-16,37717,Moda,103559,PSE,App móvil,iOS,Medellín,5,5,No
TXN-0005262,2022-06-10,14177,Moda,79772,Contraentrega,Sitio web,Desktop,Cúcuta,2,5,No
TXN-0005316,2024-10-12,50212,Electrónica,578136,Tarjeta débito,Sitio web,Android,Cartagena,3,5,No
TXN-0005501,2024-12-09,24851,Moda,109760,Tarjeta crédito,App móvil,iOS,Bucaramanga,5,5,Sí
TXN-IMPUTADO-0089,2022-09-13,30792,Alimentos,59047,Billetera digital,Sitio web,Android,Barranquilla,6,5,No
TXN-0001348,2023-07-29,33673,Juguetes,127924,Tarjeta crédito,App móvil,iOS,Medellín,4,5,No
TXN-0004571,2022-06-11,-1,Belleza,27641,Tarjeta débito,App móvil,iOS,Bogotá,4,5,No
TXN-0003690,,14351,Deportes,183671,Tarjeta crédito,Sitio web,Desktop,Cali,5,5,No
TXN-0005112,2023-04-03,-1,Moda,203353,Tarjeta crédito,Sitio web,Android,Ibagué,4,5,No
TXN-0006633,2024-11-28,24515,Tecnología,892472,Tarjeta débito,Sitio web,Android,Bogotá,4,5,No
TXN-0007154,2022-08-18,38022,Alimentos,67366,Tarjeta débito,App móvil,Desconocido,Ibagué,5,5,No
TXN-0006595,2024-05-26,18466,Hogar,145755,Tarjeta crédito,Sitio web,Desconocido,Bogotá,5,5,No
TXN-0007892,2024-08-13,56391,Alimentos,33525,PSE,Sitio web,iOS,Bogotá,4,5,No
TXN-0004292,2024-10-31,22122,Moda,103942,PSE,Sitio web,iOS,Cartagena,4,5,No
TXN-0000007,2023-10-07,20897,Electrónica,835560,Tarjeta débito,Sitio web,iOS,Manizales,2,5,No
TXN-0004977,2024-04-13,12937,Electrónica,566166,PSE,App móvil,iOS,Medellín,4,5,Sí
TXN-0002091,2022-08-19,21045,Hogar,133233,PSE,App móvil,Desktop,Cali,4,5,No
TXN-0001740,2022-05-05,51871,Alimentos,9390,Tarjeta crédito,Sitio web,Android,Cali,5,5,No
TXN-0007849,2024-09-10,14482,Deportes,146366,Tarjeta débito,App móvil,Android,Medellín,5,5,No
TXN-0003561,2022-03-18,27656,Mascotas,55625,Tarjeta crédito,Sitio web,Android,Cartagena,6,5,No
TXN-IMPUTADO-0090,2023-02-10,35571,Belleza,86915,Tarjeta débito,App móvil,Android,Cali,1,5,No
TXN-0003227,2024-02-03,56132,Mascotas,32916,Contraentrega,App móvil,Desktop,Barranquilla,6,5,No
TXN-0000491,2022-10-07,57330,Hogar,185778,PSE,Sitio web,iOS,Barranquilla,4,5,No
TXN-0002042,2023-05-26,45786,Belleza,99174,Tarjeta crédito,App móvil,Android,Cali,5,5,No
TXN-0004583,2024-02-18,14756,Electrónica,1596268,Contraentrega,App móvil,Android,Cali,1,5,Sí
TXN-0002124,2024-07-28,23694,Belleza,86909,Tarjeta débito,App móvil,Android,Manizales,3,5,No
TXN-0000414,2024-09-09,45077,Alimentos,51560,PSE,App móvil,Android,Medellín,5,5,Sí
TXN-0007591,2023-08-14,16926,Electrónica,1109926,Contraentrega,Sitio web,iOS,Bucaramanga,1,5,Sí
TXN-0001239,2023-04-22,34796,Alimentos,61795,Contraentrega,App móvil,iOS,Cali,3,5,No
TXN-0007407,2022-03-28,42865,Electrónica,752831,Tarjeta débito,Sitio web,Android,Ibagué,4,5,No
TXN-0006587,2023-03-05,42364,Electrónica,796290,Contraentrega,Sitio web,Android,Bogotá,3,5,No
TXN-0002009,2023-07-03,14563,Hogar,265252,Tarjeta crédito,Sitio web,Desconocido,Manizales,6,5,No
TXN-0003988,2022-06-12,20214,Moda,169074,Tarjeta crédito,App móvil,Desktop,Bogotá,4,5,No
TXN-0006392,2023-12-16,55918,Deportes,86440,Tarjeta débito,App móvil,Android,Cali,5,5,No
TXN-0006051,2023-02-07,33644,Moda,122007,Tarjeta crédito,App móvil,iOS,Medellín,7,5,Sí
TXN-0002633,2023-04-02,20432,Hogar,340828,Tarjeta crédito,App móvil,Desconocido,Cali,5,5,No
TXN-0004805,2022-01-22,19474,Mascotas,92857,Tarjeta crédito,Sitio web,Desktop,Cartagena,5,5,No
TXN-0002214,2024-03-31,57178,Alimentos,32356,Tarjeta débito,App móvil,Android,Barranquilla,3,5,No
TXN-0002440,2024-02-13,35966,Hogar,222283,Tarjeta débito,Sitio web,Android,Cali,3,5,No
TXN-0003541,2022-03-22,44577,Electrónica,385598,Billetera digital,Sitio web,Desktop,Bogotá,6,5,No
TXN-0004412,2024-03-01,16014,Juguetes,79700,PSE,App móvil,iOS,Ibagué,6,5,No
TXN-0005757,2023-04-29,36412,Moda,107830,Contraentrega,Sitio web,iOS,Barranquilla,5,5,No
TXN-0007955,2022-03-15,17483,Hogar,160915,Tarjeta débito,App móvil,Android,Bogotá,2,5,No
TXN-0007734,2022-03-28,52046,Libros,89251,Tarjeta crédito,App móvil,Desktop,Medellín,4,5,No
TXN-0003492,2023-03-28,57307,Hogar,200041,Contraentrega,App móvil,Android,Bogotá,5,5,No
TXN-0005210,2023-02-19,27424,Moda,115363,Tarjeta débito,Sitio web,Android,Cali,3,5,No
TXN-0002803,2024-09-27,42670,Deportes,151294,Tarjeta crédito,App móvil,iOS,Cali,4,5,No
TXN-0004343,2023-11-27,24792,Moda,77080,Tarjeta crédito,Sitio web,Android,Bucaramanga,2,5,No
TXN-0003551,2023-04-04,48614,Deportes,70890,Tarjeta crédito,App móvil,iOS,Bogotá,4,5,No
TXN-0005631,2022-07-12,34332,Electrónica,450061,Tarjeta crédito,App móvil,Android,Barranquilla,5,5,No
TXN-0001921,2023-12-24,17343,Hogar,273388,Tarjeta crédito,App móvil,Android,Medellín,5,5,No
TXN-0000819,2024-07-30,33820,Juguetes,182479,Billetera digital,Sitio web,Desktop,Bucaramanga,9,3,Sí
TXN-IMPUTADO-0091,,29711,Juguetes,50932,Tarjeta débito,App móvil,Desktop,Cúcuta,1,5,No
TXN-0000149,2023-04-07,58065,Belleza,78119,PSE,App móvil,Android,Bucaramanga,1,5,No
TXN-0000853,,37871,Moda,102807,Contraentrega,Sitio web,Android,Barranquilla,5,5,No
TXN-0002826,2023-12-23,24715,Deportes,230067,Tarjeta crédito,App móvil,Desktop,Pereira,4,5,No
TXN-0002830,2024-11-19,28427,Belleza,115523,Tarjeta crédito,Sitio web,Desconocido,Bogotá,6,5,No
TXN-IMPUTADO-0092,2023-05-15,58764,Mascotas,104952,Tarjeta crédito,Sitio web,Android,Barranquilla,5,5,No
TXN-0005085,2023-04-09,30217,Moda,139019,PSE,App móvil,iOS,Cali,3,5,Sí
TXN-0004134,2024-07-23,38452,Moda,147543,Tarjeta crédito,Sitio web,iOS,Medellín,3,5,No
TXN-0006899,2022-04-10,52923,Moda,103902,PSE,App móvil,Android,Barranquilla,6,5,No
TXN-0003391,2024-06-10,48720,Deportes,149561,PSE,App móvil,Android,Cali,5,5,No
TXN-0007836,2023-12-01,50964,Libros,61901,Tarjeta crédito,App móvil,Android,Bogotá,8,5,No
TXN-0000338,2022-03-18,12434,Belleza,76987,Tarjeta crédito,Sitio web,iOS,Pereira,5,5,No
TXN-0000911,2023-09-10,39246,Tecnología,708694,Tarjeta crédito,Sitio web,Android,Bucaramanga,3,5,No
TXN-0000579,2024-01-26,58256,Electrónica,919760,Tarjeta crédito,App móvil,Android,Cartagena,5,5,No
TXN-0003579,2023-05-13,35513,Hogar,198353,Tarjeta crédito,App móvil,Desktop,Bogotá,7,5,No
TXN-0001200,2022-01-01,31435,Moda,87075,PSE,App móvil,Android,Medellín,7,5,No
TXN-0002872,2023-11-12,42783,Belleza,50017,Tarjeta crédito,App móvil,iOS,Cali,5,5,No
TXN-0002176,2022-01-31,23820,Belleza,110973,PSE,Sitio web,iOS,Ibagué,6,5,No
TXN-0005302,2024-06-23,15585,Moda,172145,Tarjeta débito,App móvil,Android,Bogotá,3,5,No
TXN-0005342,2023-02-13,37583,Mascotas,48910,Tarjeta crédito,App móvil,Android,Bogotá,4,5,No
TXN-0000082,2022-01-13,43607,Tecnología,99593,Tarjeta crédito,App móvil,Android,Bucaramanga,1,5,No
TXN-0007911,2023-03-16,56747,Moda,73425,Contraentrega,App móvil,Android,Cúcuta,5,5,No
TXN-IMPUTADO-0093,2023-03-09,-1,Mascotas,71799,PSE,App móvil,Android,Medellín,3,5,No
TXN-0000371,2022-08-10,22139,Belleza,54714,Tarjeta crédito,App móvil,Android,Bucaramanga,5,5,No
TXN-0007803,2022-09-16,28657,Hogar,280962,PSE,App móvil,Android,Medellín,4,5,No
TXN-IMPUTADO-0094,2024-01-09,58165,Libros,96900,Tarjeta crédito,App móvil,iOS,Medellín,3,5,No
TXN-0000071,2024-05-03,33086,Moda,86311,Tarjeta crédito,Sitio web,Android,Cali,4,5,No
TXN-0006203,2022-12-23,30360,Moda,141476,PSE,App móvil,iOS,Pereira,3,5,No
TXN-0004509,2022-01-28,18661,Moda,161021,Tarjeta crédito,Sitio web,Desktop,Bucaramanga,1,5,No
TXN-0005740,2023-08-20,21946,Belleza,89783,PSE,Sitio web,iOS,Ibagué,9,3,No
TXN-0004051,2022-09-04,32016,Mascotas,5221,Tarjeta débito,Sitio web,iOS,Ibagué,4,5,No
TXN-0005120,2023-07-04,45104,Alimentos,5000,Tarjeta crédito,App móvil,Desktop,Bogotá,5,5,No
TXN-0002480,2024-09-13,43102,Libros,67749,Tarjeta crédito,App móvil,Android,Medellín,6,5,No
TXN-0007608,2023-04-19,11801,Tecnología,429796,PSE,App móvil,iOS,Bogotá,6,5,No
TXN-0000584,2022-07-15,48703,Deportes,293606,Tarjeta crédito,App móvil,Android,Bogotá,4,5,No
TXN-0005167,2023-12-04,42588,Mascotas,60894,Contraentrega,App móvil,Desktop,Cali,1,5,No
TXN-0000955,2023-05-15,53973,Electrónica,279102,Tarjeta crédito,App móvil,iOS,Bogotá,3,5,No
TXN-0000230,2022-02-22,54689,Electrónica,895909,Billetera digital,App móvil,Desktop,Cartagena,2,5,No
TXN-0006162,2022-06-25,16360,Hogar,257614,Tarjeta crédito,App móvil,Desktop,Bogotá,1,5,No
TXN-0003519,2023-04-04,31933,Electrónica,605446,Contraentrega,Sitio web,Desktop,Medellín,1,5,No
TXN-0002938,2023-05-31,25482,Moda,5000,PSE,App móvil,Android,Barranquilla,2,5,No
TXN-0006998,2023-10-21,19315,Libros,55945,PSE,App móvil,iOS,Bogotá,4,5,No
TXN-0003265,2023-02-07,32582,Alimentos,32742,Tarjeta crédito,App móvil,Desktop,Barranquilla,6,5,No
TXN-0006756,2024-07-04,13295,Belleza,125721,Tarjeta débito,App móvil,Android,Ibagué,5,5,No
TXN-0001843,2023-11-30,51008,Alimentos,45301,Tarjeta crédito,Sitio web,Android,Medellín,4,5,No
TXN-0002513,2024-06-27,35455,Electrónica,965161,Tarjeta crédito,App móvil,Desktop,Bucaramanga,2,5,No
TXN-0003250,2024-06-17,53627,Moda,93700,Tarjeta crédito,App móvil,Android,Medellín,1,5,No
TXN-0001632,2022-07-02,51704,Electrónica,685413,Tarjeta crédito,App móvil,Desconocido,Cartagena,4,5,No
TXN-0004302,2024-05-10,10457,Belleza,61061,Tarjeta crédito,App móvil,Android,Medellín,2,5,No
TXN-0005727,2024-05-08,20617,Alimentos,24247,PSE,Sitio web,Desktop,Cúcuta,4,5,No
TXN-0000939,2023-11-02,35763,Belleza,52579,Tarjeta débito,App móvil,iOS,Bucaramanga,6,5,No
TXN-0006542,2024-10-12,56921,Moda,50383,Billetera digital,App móvil,Android,Cartagena,1,5,No
TXN-0007462,2024-03-14,47612,Juguetes,113297,PSE,App móvil,iOS,Bucaramanga,7,5,No
TXN-0005995,2024-09-05,32951,Alimentos,57694,Billetera digital,App móvil,iOS,Bogotá,4,5,No
TXN-0005195,2023-08-09,59512,Juguetes,47832,Tarjeta crédito,App móvil,Android,Medellín,5,5,No
TXN-0004205,2024-01-10,46633,Deportes,131023,PSE,Sitio web,iOS,Pereira,4,5,No
TXN-0000023,2022-08-31,23314,Hogar,164411,PSE,App móvil,iOS,Manizales,4,5,No
TXN-0006847,2023-08-19,53945,Mascotas,52538,Billetera digital,Sitio web,Android,Bogotá,2,5,No
TXN-0005328,2022-06-12,29952,Moda,57019,Tarjeta crédito,Sitio web,Android,Medellín,6,5,No
TXN-0003424,2024-08-04,53859,Moda,199741,Contraentrega,App móvil,iOS,Bucaramanga,3,5,No
TXN-0000208,2023-09-15,40877,Electrónica,603882,Contraentrega,App móvil,Android,Cali,4,5,No
TXN-0001761,2022-04-01,49670,Tecnología,1145083,Billetera digital,App móvil,iOS,Bogotá,4,5,No
TXN-0005434,2023-03-13,10579,Belleza,110703,PSE,App móvil,Desconocido,Bogotá,4,5,No
TXN-0001051,2022-06-20,26681,Moda,96529,Tarjeta crédito,App móvil,Android,Barranquilla,7,5,No
TXN-0001459,2022-06-29,36429,Libros,78867,Tarjeta crédito,App móvil,Android,Barranquilla,6,5,No
TXN-0003103,2024-09-11,54617,Moda,66921,Billetera digital,Sitio web,Desktop,Manizales,2,5,No
TXN-0007786,2024-10-19,26564,Electrónica,417143,Tarjeta débito,Sitio web,Desconocido,Medellín,3,5,No
TXN-0002296,2024-05-26,38914,Hogar,127289,PSE,App móvil,Desktop,Bucaramanga,4,5,No
TXN-0004293,2024-11-26,36054,Moda,179023,PSE,Sitio web,Android,Bogotá,6,5,Sí
TXN-0002268,2023-11-23,38621,Moda,81389,Tarjeta débito,Sitio web,Android,Bogotá,1,5,No
TXN-0005664,2022-02-01,14769,Belleza,38954,Tarjeta crédito,App móvil,iOS,Bucaramanga,1,5,Sí
TXN-0007530,2022-11-14,43145,Hogar,204028,Tarjeta crédito,App móvil,Android,Pereira,5,5,No
TXN-0000438,2024-08-16,13765,Libros,34255,Tarjeta crédito,App móvil,Android,Cali,9,5,No
TXN-IMPUTADO-0095,2022-11-19,22267,Libros,68584,Tarjeta débito,App móvil,Android,Bogotá,3,5,No
TXN-0004063,2024-12-30,45757,Libros,53773,PSE,App móvil,Android,Barranquilla,2,5,No
TXN-0003033,2024-10-31,20637,Alimentos,65376,PSE,App móvil,iOS,Cali,4,5,No
TXN-0006632,2024-07-29,19222,Juguetes,100358,PSE,App móvil,Desktop,Barranquilla,2,5,No
TXN-0002909,,30721,Hogar,158917,Tarjeta crédito,Sitio web,Android,Bucaramanga,6,5,No
TXN-0003077,2023-01-19,52514,Hogar,154261,PSE,App móvil,Desconocido,Bogotá,2,5,No
TXN-IMPUTADO-0096,2022-07-10,35454,Juguetes,103339,Contraentrega,Sitio web,Android,Bucaramanga,2,5,No
TXN-0007686,2022-03-17,27472,Hogar,226139,Tarjeta débito,App móvil,iOS,Bucaramanga,6,5,No
TXN-0005634,2024-01-03,47369,Belleza,90905,Tarjeta crédito,App móvil,Android,Medellín,4,5,No
TXN-0001885,2023-02-14,27245,Libros,47539,Tarjeta débito,Sitio web,Android,Bucaramanga,2,5,No
TXN-0002917,2023-11-14,22615,Moda,198170,Billetera digital,Sitio web,iOS,Barranquilla,2,5,No
TXN-0004166,2023-03-19,14897,Deportes,90749,Tarjeta crédito,Sitio web,Android,Medellín,5,5,No
TXN-0007318,2024-10-19,34371,Hogar,281969,Tarjeta débito,App móvil,Android,Barranquilla,6,5,No
TXN-0006971,2023-06-13,32925,Alimentos,51632,Tarjeta crédito,App móvil,Android,Cali,4,5,No
TXN-0001007,2024-12-25,59455,Electrónica,566677,Tarjeta débito,App móvil,Desconocido,Barranquilla,6,5,No
TXN-0005158,2022-05-20,46888,Moda,162577,Billetera digital,Sitio web,Android,Medellín,4,5,No
TXN-0002181,2024-08-13,46416,Juguetes,44487,Contraentrega,Sitio web,Desktop,Cali,7,5,No
TXN-0004125,2024-08-16,12207,Deportes,200726,Tarjeta crédito,Sitio web,Desktop,Bucaramanga,3,5,No
TXN-0004478,2023-02-12,20750,Deportes,184854,Tarjeta débito,App móvil,Android,Barranquilla,4,5,No
TXN-0007771,2022-11-01,10941,Libros,71614,Tarjeta crédito,App móvil,Desktop,Bogotá,2,5,No
TXN-0002319,2023-03-15,17540,Hogar,306189,Contraentrega,App móvil,Android,Cali,5,5,No
TXN-0001344,2024-11-26,45000,Moda,119862,Tarjeta crédito,Sitio web,iOS,Cali,6,5,No
TXN-0007722,2024-03-12,48975,Electrónica,689877,PSE,Sitio web,Android,Bogotá,3,5,No
TXN-0006223,2023-05-21,36464,Deportes,108792,Tarjeta crédito,App móvil,Desconocido,Medellín,1,5,No
TXN-0003808,2024-06-03,16293,Hogar,191207,Tarjeta débito,App móvil,iOS,Cúcuta,6,5,No
TXN-0006204,2023-05-01,22412,Moda,49923,Tarjeta débito,App móvil,iOS,Pereira,2,5,No
TXN-0004369,2024-02-01,55692,Hogar,193337,PSE,App móvil,Android,Pereira,2,5,No
TXN-0005765,2022-12-26,15883,Mascotas,39236,Billetera digital,App móvil,Android,Barranquilla,4,5,No
TXN-0007799,2022-10-17,37102,Deportes,155407,Tarjeta crédito,App móvil,Android,Cartagena,4,5,No
TXN-0001770,2022-06-15,53304,Deportes,150316,Contraentrega,App móvil,Android,Bogotá,4,5,No
TXN-0005078,2022-10-01,14632,Electrónica,826010,Tarjeta débito,App móvil,iOS,Medellín,5,5,No
TXN-0006095,2022-09-29,-1,Hogar,263844,PSE,App móvil,Android,Barranquilla,4,5,No
TXN-0004949,2022-10-16,56440,Moda,202896,Tarjeta crédito,App móvil,iOS,Barranquilla,5,5,No
TXN-0000425,2024-10-09,57825,Mascotas,130220,Tarjeta débito,App móvil,Android,Medellín,1,5,No
TXN-0006113,2023-10-14,49448,Hogar,195799,Billetera digital,Sitio web,Android,Medellín,4,5,No
TXN-0007460,2022-05-27,22466,Deportes,101499,Billetera digital,App móvil,iOS,Medellín,5,5,No
TXN-0007827,2023-08-11,59828,Libros,33669,Contraentrega,Sitio web,Android,Cali,1,5,No
TXN-0003509,2023-07-23,36666,Mascotas,73699,Contraentrega,App móvil,Desktop,Barranquilla,1,5,No
TXN-0001915,2023-05-03,40997,Juguetes,82940,PSE,Sitio web,iOS,Cali,6,5,No
TXN-IMPUTADO-0097,2023-06-09,17025,Electrónica,1534263,Billetera digital,App móvil,Android,Cúcuta,5,5,No
TXN-0006498,2022-07-26,53147,Mascotas,105918,Contraentrega,App móvil,iOS,Cartagena,5,5,No
TXN-0005274,2022-06-07,53092,Moda,170777,Tarjeta crédito,Sitio web,iOS,Bogotá,1,5,No
TXN-0005503,2024-07-11,40986,Tecnología,829639,Tarjeta crédito,Sitio web,Android,Cali,5,5,No
TXN-0006495,2023-02-07,43435,Electrónica,676349,PSE,App móvil,Desktop,Bogotá,4,5,No
TXN-0000868,2024-01-05,41354,Moda,188626,PSE,Sitio web,Android,Medellín,5,5,No
TXN-0003262,2023-11-05,49351,Tecnología,809702,PSE,App móvil,Android,Cúcuta,5,5,No
TXN-0000459,2022-12-31,56034,Belleza,91170,Tarjeta débito,Sitio web,iOS,Pereira,5,5,No
TXN-0006053,2022-03-15,10561,Hogar,119105,Tarjeta débito,App móvil,Android,Bogotá,6,5,No
TXN-0007070,2022-07-04,47364,Deportes,188768,PSE,Sitio web,Android,Pereira,5,5,No
TXN-0002286,2023-07-01,29513,Deportes,206265,Tarjeta crédito,Sitio web,Android,Bucaramanga,5,5,No
TXN-0006788,2024-10-17,57951,Electrónica,1220014,Tarjeta crédito,Sitio web,Android,Pereira,3,5,No
TXN-0001096,2024-02-01,51637,Deportes,141483,Tarjeta débito,Sitio web,Android,Bucaramanga,4,5,No
TXN-0000019,2023-08-11,48430,Juguetes,64567,Billetera digital,App móvil,Desktop,Bucaramanga,1,5,Sí
TXN-0001650,2022-07-26,53717,Electrónica,1038628,Tarjeta débito,Sitio web,Desktop,Barranquilla,6,5,No
TXN-0000152,2023-06-19,57525,Tecnología,862004,PSE,App móvil,Android,Barranquilla,7,5,No
TXN-0005474,2022-03-07,25178,Tecnología,420819,Tarjeta débito,App móvil,Android,Medellín,4,5,Sí
TXN-0004138,2023-10-29,23710,Belleza,65348,PSE,Sitio web,Android,Manizales,3,5,No
TXN-0001659,2023-05-17,-1,Hogar,250190,Tarjeta crédito,App móvil,Android,Barranquilla,6,5,No
TXN-0005736,2024-09-15,29629,Libros,64681,PSE,App móvil,Android,Medellín,8,4,No
TXN-0002598,2024-06-12,12975,Juguetes,125256,Tarjeta crédito,App móvil,iOS,Cali,6,5,No
TXN-0005050,2023-04-09,39517,Hogar,57535,Tarjeta crédito,Sitio web,iOS,Manizales,4,5,No
TXN-0007660,2024-05-29,29016,Electrónica,941518,Billetera digital,Sitio web,Android,Bogotá,6,5,No
TXN-0002538,2022-11-05,-1,Tecnología,1039333,PSE,Sitio web,Android,Cali,3,5,No
TXN-0006516,2022-05-12,23703,Belleza,84539,Tarjeta crédito,Sitio web,Desktop,Medellín,4,5,No
TXN-0000586,2022-12-26,17599,Alimentos,44972,Tarjeta crédito,App móvil,iOS,Bogotá,2,5,No
TXN-0007552,,-1,Hogar,181615,Tarjeta crédito,Sitio web,Android,Medellín,3,5,No
TXN-0003686,2023-04-29,24162,Moda,170832,Billetera digital,App móvil,Desktop,Cali,1,5,No
TXN-0002316,2024-09-15,48985,Tecnología,856099,Billetera digital,Sitio web,Desconocido,Cali,5,5,No
TXN-0001939,2024-03-21,-1,Electrónica,859347,Contraentrega,App móvil,Android,Bogotá,5,5,No
TXN-0001697,2022-10-16,40998,Mascotas,71579,Contraentrega,App móvil,Android,Bogotá,4,5,No
TXN-0002669,2024-12-08,58361,Deportes,61070,Tarjeta crédito,Sitio web,Android,Cali,1,5,No
TXN-0004266,2023-10-31,54570,Tecnología,1310445,PSE,App móvil,Desktop,Bogotá,4,5,No
TXN-0000534,2024-01-18,17918,Hogar,255941,Tarjeta débito,App móvil,iOS,Medellín,6,5,No
TXN-0005115,2022-02-27,33447,Libros,82481,Tarjeta crédito,Sitio web,Android,Medellín,7,5,No
TXN-0006110,2022-03-22,46684,Deportes,87911,Tarjeta crédito,Sitio web,iOS,Medellín,5,5,No
TXN-0007728,2023-07-13,55143,Deportes,124597,Contraentrega,App móvil,Android,Manizales,5,5,No
TXN-0003402,2024-06-20,30926,Alimentos,46795,Contraentrega,Sitio web,Android,Cartagena,2,5,No
TXN-IMPUTADO-0098,,40052,Libros,47208,Contraentrega,App móvil,Android,Bogotá,4,5,No
TXN-0005208,2022-03-14,34060,Belleza,36781,Tarjeta crédito,App móvil,Desktop,Barranquilla,2,5,No
TXN-0004388,2024-11-22,19875,Deportes,149727,Contraentrega,Sitio web,Android,Bogotá,6,5,No
TXN-0002602,2023-11-18,36537,Alimentos,41093,Tarjeta crédito,App móvil,Android,Medellín,5,5,No
TXN-0007600,2022-12-13,17431,Electrónica,642803,Tarjeta crédito,App móvil,Android,Medellín,2,5,No
TXN-0001788,2023-05-29,57658,Electrónica,530112,Contraentrega,App móvil,Desktop,Cartagena,2,5,No
TXN-0002460,2023-05-02,39312,Belleza,69122,PSE,Sitio web,Desktop,Cartagena,1,5,No
TXN-0007561,2024-07-12,26643,Moda,71964,Billetera digital,App móvil,iOS,Medellín,5,5,No
TXN-0004056,2024-12-26,34271,Electrónica,632701,Tarjeta débito,Sitio web,Android,Manizales,3,5,No
TXN-0006629,2023-07-15,11253,Hogar,151801,Tarjeta crédito,Sitio web,Desconocido,Medellín,5,5,No
TXN-0004659,2024-01-18,20529,Belleza,64897,PSE,Sitio web,Android,Bogotá,6,5,No
TXN-0001743,2024-05-01,16987,Hogar,194321,PSE,App móvil,iOS,Bogotá,3,5,No
TXN-0002397,2024-04-18,47020,Moda,109305,Contraentrega,App móvil,Android,Medellín,7,5,No
TXN-0001866,2022-09-16,57361,Mascotas,48454,Tarjeta crédito,Sitio web,Android,Cali,4,5,No
TXN-0004734,2023-06-22,13318,Tecnología,673224,Tarjeta crédito,Sitio web,Android,Bogotá,3,5,No
TXN-0003871,2022-04-14,43440,Hogar,197352,Contraentrega,Sitio web,iOS,Bogotá,5,5,No
TXN-0006490,2024-07-21,21283,Mascotas,35635,Tarjeta crédito,App móvil,Android,Ibagué,6,5,No
TXN-0001083,,47023,Deportes,197986,PSE,App móvil,Android,Bogotá,4,5,No
TXN-0003646,2022-06-12,28116,Electrónica,925425,PSE,Sitio web,Android,Bogotá,3,5,No
TXN-0003513,2023-02-22,35984,Deportes,125456,PSE,App móvil,Android,Bucaramanga,4,5,No
TXN-0005992,2023-12-10,44192,Electrónica,444581,Contraentrega,App móvil,iOS,Bogotá,3,5,No
TXN-0003076,2023-10-13,43951,Moda,123406,Tarjeta crédito,App móvil,Desktop,Cúcuta,6,5,No
TXN-0004110,2022-01-10,40770,Moda,159186,Tarjeta crédito,Sitio web,Android,Barranquilla,1,5,No
TXN-0005407,2024-11-20,44262,Tecnología,1044325,PSE,Sitio web,Desktop,Barranquilla,3,5,No
TXN-0001039,2023-09-13,31599,Moda,47547,Billetera digital,App móvil,Desktop,Pereira,8,3,No
TXN-0000933,2022-10-31,24608,Belleza,122492,Tarjeta crédito,App móvil,iOS,Bogotá,8,4,No
TXN-0003259,2022-10-21,14743,Deportes,192414,Tarjeta débito,App móvil,iOS,Bogotá,4,5,No
TXN-0002709,2023-08-26,36586,Moda,84257,PSE,Sitio web,iOS,Bucaramanga,5,5,No
TXN-0003447,2023-06-13,22060,Belleza,69119,Tarjeta débito,App móvil,Android,Pereira,6,5,No
TXN-0003474,2024-11-07,29406,Electrónica,591848,PSE,App móvil,Android,Bogotá,5,5,No
TXN-0001426,2023-04-20,53051,Electrónica,304941,Contraentrega,Sitio web,Android,Pereira,4,5,No
TXN-0005325,2024-07-12,28579,Electrónica,717848,Tarjeta débito,Sitio web,Desktop,Barranquilla,5,5,No
TXN-0000404,2023-10-16,13114,Electrónica,572925,Tarjeta crédito,App móvil,iOS,Cartagena,5,5,No
TXN-0002001,2024-04-27,57048,Moda,140708,PSE,App móvil,Android,Medellín,3,5,No
TXN-0000812,2022-11-15,32110,Belleza,56856,Tarjeta crédito,Sitio web,Android,Medellín,1,5,No
TXN-0002429,2023-12-15,35947,Deportes,76859,Tarjeta débito,App móvil,iOS,Ibagué,3,5,No
TXN-0006507,2022-02-17,34902,Belleza,49567,Tarjeta débito,App móvil,Desktop,Pereira,6,5,No
TXN-0007080,2022-02-23,41492,Moda,103579,PSE,App móvil,Android,Cartagena,3,5,No
TXN-0004857,2023-10-27,34251,Moda,167336,Tarjeta débito,App móvil,Android,Cali,5,5,No
TXN-0006667,2024-12-22,35737,Moda,273082,PSE,Sitio web,Android,Cali,1,5,No
TXN-0000870,2024-04-28,39774,Alimentos,42795,Contraentrega,App móvil,Android,Medellín,1,5,No
TXN-0003196,2022-01-21,38016,Electrónica,720187,Tarjeta crédito,Sitio web,Desktop,Cali,2,5,No
TXN-0000644,2023-04-11,37154,Deportes,88325,Tarjeta crédito,App móvil,Android,Bogotá,7,5,No
TXN-0002652,2022-10-04,48945,Hogar,95653,PSE,Sitio web,Android,Cali,2,5,No
TXN-0004082,2024-08-15,40570,Belleza,43778,Tarjeta débito,App móvil,iOS,Cali,4,5,No
TXN-0007537,2024-07-24,19044,Juguetes,68472,PSE,App móvil,Desktop,Bogotá,8,4,No
TXN-0002601,2023-12-25,27359,Moda,43575,PSE,App móvil,iOS,Bogotá,6,5,No
TXN-0002020,2023-01-06,29588,Hogar,193484,Contraentrega,App móvil,Android,Cali,4,5,No
TXN-0004340,2023-09-17,30665,Alimentos,43078,Tarjeta crédito,App móvil,Android,Barranquilla,2,5,No
TXN-0004372,2023-04-02,49017,Hogar,226443,PSE,Sitio web,iOS,Medellín,3,5,No
TXN-0004925,2024-10-24,39776,Tecnología,870776,Tarjeta débito,App móvil,Desktop,Cali,1,5,No
TXN-0003211,2022-06-02,-1,Electrónica,358999,Contraentrega,App móvil,Desktop,Cali,1,5,No
TXN-0002801,2023-04-05,47559,Moda,50193,PSE,Sitio web,Desktop,Bucaramanga,6,5,No
TXN-0006455,2023-02-26,19381,Mascotas,79225,Tarjeta crédito,App móvil,Android,Pereira,2,5,No
TXN-0003997,2023-12-20,54008,Juguetes,82522,Tarjeta crédito,App móvil,iOS,Medellín,1,5,No
TXN-0006922,2023-02-26,21291,Electrónica,882907,Contraentrega,App móvil,Android,Bogotá,1,5,No
TXN-0001576,2024-05-16,18020,Mascotas,121946,Tarjeta crédito,App móvil,Desktop,Bogotá,7,5,No
TXN-0004516,2024-08-01,33125,Electrónica,1033133,Tarjeta crédito,App móvil,Android,Medellín,6,5,No
TXN-0004798,2023-02-28,54905,Belleza,59564,Contraentrega,App móvil,Android,Bucaramanga,5,5,No
TXN-0006266,2023-08-02,25040,Juguetes,84662,Tarjeta crédito,Sitio web,Android,Bogotá,2,5,No
TXN-0007696,2022-07-05,-1,Alimentos,19872,Billetera digital,App móvil,Android,Bucaramanga,5,5,No
TXN-0002622,2022-11-21,43956,Deportes,201378,Billetera digital,App móvil,Android,Medellín,5,5,No
TXN-0007632,2023-12-11,15708,Hogar,182922,Tarjeta débito,Sitio web,iOS,Barranquilla,6,5,No
TXN-0002667,2022-12-17,39497,Juguetes,71328,Tarjeta débito,App móvil,Desktop,Bogotá,1,5,No
TXN-0006330,2023-05-21,35754,Deportes,155991,Contraentrega,Sitio web,Android,Bogotá,7,5,No
TXN-0000756,2024-09-14,13471,Belleza,84578,Contraentrega,Sitio web,Desktop,Medellín,6,5,No
TXN-0004804,2022-01-24,17633,Moda,112316,Tarjeta crédito,App móvil,iOS,Bogotá,4,5,No
TXN-0007695,2022-08-11,56873,Deportes,16801,Tarjeta crédito,App móvil,iOS,Cali,1,5,No
TXN-0007101,2022-03-15,45514,Moda,120734,Tarjeta crédito,Sitio web,Android,Barranquilla,4,5,No
TXN-0002031,2023-12-09,53395,Libros,17621,Contraentrega,App móvil,Desktop,Medellín,2,5,No
TXN-0001544,2022-05-28,32657,Alimentos,24710,Tarjeta crédito,Sitio web,Android,Bogotá,4,5,No
TXN-0006214,2023-02-07,14541,Electrónica,456190,PSE,App móvil,Android,Cali,5,5,No
TXN-0002182,2024-06-11,45009,Electrónica,580313,Tarjeta débito,App móvil,Desconocido,Pereira,4,5,No
TXN-0001679,2022-01-23,19668,Libros,24253,Tarjeta débito,Sitio web,Android,Medellín,4,5,No
TXN-0007224,2022-07-03,52693,Alimentos,22671,PSE,App móvil,Android,Cali,8,3,No
TXN-0007276,2023-06-01,58440,Belleza,71614,Tarjeta crédito,App móvil,Desktop,Bogotá,2,5,No
TXN-0007124,2022-10-17,17180,Electrónica,464580,Tarjeta crédito,App móvil,Desktop,Bucaramanga,7,5,No
TXN-0006545,2024-08-24,19255,Electrónica,775328,Tarjeta crédito,App móvil,Desktop,Ibagué,6,5,No
TXN-0003223,2023-06-04,22395,Mascotas,26486,PSE,Sitio web,Desktop,Bogotá,5,5,No
TXN-0003083,2024-05-06,21175,Moda,175492,Tarjeta crédito,Sitio web,Desktop,Medellín,6,5,No
TXN-0001390,2022-05-05,18367,Alimentos,40068,PSE,App móvil,Android,Medellín,8,4,No
TXN-0002270,2023-08-29,57102,Moda,125766,Tarjeta crédito,App móvil,Desktop,Cali,3,5,No
TXN-0006140,,58988,Deportes,253759,Contraentrega,Sitio web,iOS,Barranquilla,4,5,No
TXN-0006144,2024-10-14,10868,Moda,44987,Billetera digital,Sitio web,Desktop,Bogotá,2,5,No
TXN-0003996,2023-01-16,48216,Tecnología,692146,Tarjeta débito,App móvil,Android,Bogotá,6,5,No
TXN-0000841,2022-05-24,29884,Deportes,199482,Tarjeta crédito,App móvil,Desktop,Ibagué,4,5,No
TXN-0007805,2024-06-30,19610,Alimentos,24624,Tarjeta crédito,App móvil,Desktop,Medellín,5,5,No
TXN-0001483,2023-03-28,30545,Electrónica,462562,Tarjeta crédito,App móvil,Desktop,Pereira,4,5,No
TXN-0004260,2023-09-28,43188,Electrónica,426503,Tarjeta débito,App móvil,Android,Manizales,6,5,No
TXN-0003829,2024-07-31,44778,Libros,22955,Tarjeta crédito,App móvil,iOS,Bogotá,1,5,No
TXN-0000830,2022-02-19,16329,Moda,114052,Billetera digital,Sitio web,iOS,Medellín,6,5,No
TXN-0004220,2022-09-13,36917,Hogar,101971,Tarjeta crédito,Sitio web,iOS,Manizales,2,5,No
TXN-0003583,,-1,Belleza,126767,PSE,App móvil,Android,Bogotá,8,4,No
TXN-0004145,2022-05-09,12157,Alimentos,38966,Tarjeta crédito,Sitio web,Android,Cali,1,5,No
TXN-0007889,2024-05-07,44387,Mascotas,53339,PSE,App móvil,Desktop,Manizales,7,5,No
TXN-0003160,2022-08-29,53662,Moda,171347,Tarjeta crédito,App móvil,Desconocido,Ibagué,4,5,No
TXN-0002361,2022-11-25,59552,Mascotas,90024,PSE,App móvil,iOS,Medellín,5,5,No
TXN-0005372,2022-10-03,-1,Electrónica,641889,PSE,App móvil,Android,Bogotá,3,5,No
TXN-0007882,2023-02-21,23611,Hogar,16527,Contraentrega,Sitio web,Desktop,Bogotá,1,5,No
TXN-0001366,2023-05-29,32919,Moda,151039,Tarjeta crédito,App móvil,Desktop,Bogotá,3,5,No
TXN-0002335,2022-02-19,12744,Electrónica,952658,Tarjeta crédito,App móvil,Android,Bogotá,7,5,No
TXN-0000855,2022-01-06,30412,Belleza,129656,Tarjeta crédito,App móvil,Android,Ibagué,1,5,No
TXN-0006681,2024-01-17,55980,Deportes,234472,Contraentrega,App móvil,Android,Medellín,8,5,No
TXN-0007592,2022-06-15,35159,Electrónica,264777,Tarjeta crédito,Sitio web,Android,Bogotá,1,5,No
TXN-0005094,2022-04-28,30760,Juguetes,64263,Tarjeta crédito,App móvil,Android,Cali,3,5,No
TXN-0002897,2024-01-18,43683,Electrónica,615392,Tarjeta débito,App móvil,Android,Cúcuta,6,5,No
TXN-0000273,2022-07-19,28503,Electrónica,432036,Tarjeta crédito,Sitio web,Android,Cali,2,5,No
TXN-0003799,2022-09-21,28310,Hogar,119564,Billetera digital,Sitio web,Android,Cartagena,11,4,No
TXN-0007274,2022-04-14,10678,Hogar,220185,Tarjeta crédito,App móvil,iOS,Barranquilla,3,5,No
TXN-0007023,2024-01-28,58022,Libros,57986,Tarjeta crédito,App móvil,Android,Cali,3,5,No
TXN-0002442,2022-09-04,47778,Tecnología,978245,Tarjeta débito,Sitio web,Desktop,Bogotá,3,5,No
TXN-0003553,2024-06-16,31597,Moda,165140,Tarjeta débito,App móvil,iOS,Cali,4,5,No
TXN-0001061,2024-08-02,24818,Moda,96289,Tarjeta débito,App móvil,Android,Cali,1,5,No
TXN-0005587,2023-04-23,59618,Electrónica,207839,Tarjeta débito,App móvil,Android,Cali,6,5,No
TXN-0007196,2023-06-23,27035,Hogar,191420,Contraentrega,App móvil,iOS,Barranquilla,1,5,Sí
TXN-0001869,2023-09-28,27465,Electrónica,772602,Contraentrega,App móvil,Android,Cali,5,5,No
TXN-0000251,2024-02-01,56291,Alimentos,33867,Tarjeta débito,App móvil,Android,Medellín,2,5,Sí
TXN-0000715,2023-10-29,24298,Deportes,204925,Tarjeta crédito,Sitio web,Android,Barranquilla,9,3,No
TXN-0001742,2022-07-15,10877,Hogar,203973,PSE,App móvil,Android,Pereira,7,5,No
TXN-0007942,2022-08-07,50606,Hogar,51760,Contraentrega,App móvil,Android,Medellín,3,5,No
TXN-IMPUTADO-0099,2023-05-22,45472,Deportes,148409,Tarjeta débito,App móvil,Android,Barranquilla,3,5,No
TXN-0004027,2024-03-31,40872,Tecnología,1470058,Tarjeta crédito,App móvil,Android,Pereira,2,5,No
TXN-0001524,2023-03-07,51106,Alimentos,31655,PSE,Sitio web,iOS,Medellín,4,5,No
TXN-0006663,2024-04-14,43276,Belleza,110761,Tarjeta débito,Sitio web,Android,Manizales,7,5,No
TXN-0006338,2022-08-17,17628,Belleza,47750,Tarjeta crédito,App móvil,Desktop,Bucaramanga,4,5,No
TXN-0006360,2022-06-03,49383,Hogar,291963,Tarjeta débito,App móvil,Android,Cartagena,6,5,No
TXN-0005625,2023-07-20,31263,Hogar,175011,Contraentrega,App móvil,Android,Bogotá,7,5,No
TXN-0002741,2023-05-19,37958,Moda,82856,Billetera digital,App móvil,Android,Bogotá,8,5,No
TXN-0004759,2023-02-22,27723,Alimentos,55316,Tarjeta débito,App móvil,Android,Medellín,3,5,No
TXN-0005000,2023-05-09,50481,Libros,18904,Contraentrega,App móvil,Android,Pereira,2,5,Sí
TXN-0001630,2023-07-14,-1,Juguetes,128243,Tarjeta crédito,App móvil,Desconocido,Cartagena,1,5,No
TXN-0004474,2023-05-23,50583,Libros,36527,Contraentrega,App móvil,iOS,Manizales,4,5,Sí
TXN-0004788,2024-09-23,51786,Electrónica,642703,Billetera digital,Sitio web,iOS,Bogotá,3,5,No
TXN-0001981,2024-10-31,57202,Electrónica,729845,Tarjeta crédito,Sitio web,Android,Bogotá,6,5,No
TXN-0005916,2024-03-24,56659,Mascotas,66112,Tarjeta débito,App móvil,Desconocido,Bogotá,4,5,No
TXN-0005473,2022-08-09,27693,Libros,76458,Tarjeta crédito,App móvil,Android,Barranquilla,8,3,No
TXN-0003956,2024-05-28,19356,Deportes,308998,Tarjeta crédito,App móvil,Android,Medellín,2,5,No
TXN-0002086,2022-06-06,26953,Tecnología,726672,PSE,Sitio web,iOS,Cartagena,2,5,No
TXN-0003649,2022-04-30,45890,Hogar,141348,Tarjeta débito,App móvil,Android,Barranquilla,2,5,No
TXN-0002660,2023-09-11,57120,Electrónica,1038057,Contraentrega,App móvil,Android,Cali,3,5,No
TXN-0005497,2024-12-17,18946,Tecnología,417817,PSE,Sitio web,Android,Barranquilla,2,5,No
TXN-0000699,2023-12-09,41322,Hogar,160452,Contraentrega,Sitio web,Desktop,Bogotá,3,5,No
TXN-0001070,2024-10-08,-1,Alimentos,62849,PSE,App móvil,Desktop,Bucaramanga,1,5,No
TXN-0007511,2024-05-17,24490,Libros,53308,Tarjeta crédito,App móvil,Desktop,Bogotá,2,5,No
TXN-0000188,2022-05-16,44713,Electrónica,629618,Tarjeta crédito,App móvil,Desktop,Medellín,4,5,No
TXN-0001753,2023-07-17,45555,Moda,112133,PSE,App móvil,Android,Bucaramanga,7,5,No
TXN-0007049,2022-02-21,27727,Deportes,143353,Tarjeta crédito,App móvil,Android,Bucaramanga,3,5,No
TXN-0000087,2023-01-30,22247,Libros,26175,Billetera digital,App móvil,Android,Bucaramanga,4,5,No
TXN-0006501,,40039,Tecnología,772647,Contraentrega,App móvil,iOS,Bogotá,6,5,No
TXN-0003201,2023-07-21,59793,Alimentos,62802,Contraentrega,App móvil,Android,Bogotá,4,5,No
TXN-0006070,2024-01-03,41977,Moda,180712,Tarjeta crédito,App móvil,Android,Bogotá,4,5,No
TXN-0002353,2024-02-18,35957,Electrónica,329407,Tarjeta débito,App móvil,Android,Ibagué,5,5,No
TXN-0005110,2022-10-25,23386,Mascotas,96479,Tarjeta crédito,App móvil,Android,Ibagué,3,5,No
TXN-0002426,2023-03-07,51516,Hogar,126420,Tarjeta crédito,App móvil,Android,Cali,3,5,No
TXN-0004504,2022-04-21,30746,Electrónica,384169,Billetera digital,Sitio web,Android,Bogotá,5,5,No
TXN-0003353,2023-08-09,50122,Deportes,146793,Tarjeta débito,App móvil,Android,Pereira,5,5,No
TXN-0005644,2024-02-28,-1,Moda,19766,Tarjeta crédito,Sitio web,Android,Medellín,4,5,No
TXN-0002219,2023-01-28,20973,Juguetes,76565,Billetera digital,App móvil,iOS,Bogotá,6,5,No
TXN-0004807,2023-08-17,40777,Tecnología,678513,Tarjeta crédito,Sitio web,Android,Bogotá,8,5,No
TXN-0001393,2024-07-18,22020,Deportes,194250,Tarjeta débito,App móvil,Android,Bogotá,3,5,No
TXN-0005219,2023-02-05,12608,Belleza,91742,PSE,App móvil,Android,Bogotá,5,5,No
TXN-0000398,2024-06-08,31931,Deportes,295322,Billetera digital,Sitio web,Android,Bogotá,6,5,No
TXN-0003853,2024-05-15,55932,Libros,60441,PSE,App móvil,Desktop,Cali,4,5,No
TXN-0006343,2023-09-27,-1,Deportes,187812,Tarjeta crédito,App móvil,iOS,Cali,4,5,No
TXN-0005718,2022-12-16,19342,Electrónica,243834,PSE,App móvil,Android,Medellín,7,5,No
TXN-0002435,2022-04-20,20911,Moda,118703,Tarjeta crédito,App móvil,Android,Medellín,1,5,No
TXN-0007825,2024-03-03,43001,Moda,155186,Tarjeta crédito,App móvil,iOS,Barranquilla,2,5,No
TXN-0002820,2024-02-22,14031,Mascotas,19220,PSE,App móvil,Android,Bogotá,3,5,No
TXN-0006129,2023-04-29,-1,Moda,128872,Billetera digital,App móvil,Android,Barranquilla,3,5,No
TXN-0006278,2024-08-15,15687,Hogar,89972,PSE,Sitio web,Android,Cali,4,5,No
TXN-0006596,2024-08-24,46434,Alimentos,47899,PSE,Sitio web,Android,Bogotá,5,5,No
TXN-0004062,2022-01-13,29793,Moda,157502,Billetera digital,App móvil,iOS,Cali,3,5,Sí
TXN-0005273,2022-02-12,-1,Belleza,77328,Billetera digital,App móvil,Android,Bogotá,5,5,No
TXN-0004039,2022-08-10,25751,Moda,70654,Contraentrega,Sitio web,iOS,Bucaramanga,4,5,No
TXN-0005977,2022-05-06,58050,Alimentos,36322,Billetera digital,App móvil,Android,Barranquilla,1,5,No
TXN-0000301,2022-06-01,-1,Moda,95263,Tarjeta crédito,App móvil,Android,Ibagué,3,5,No
TXN-0003266,2022-10-31,43387,Moda,47854,PSE,App móvil,iOS,Bucaramanga,5,5,No
TXN-0007408,2024-12-21,40200,Juguetes,62250,Tarjeta débito,App móvil,Android,Medellín,4,5,No
TXN-0004281,2024-11-30,29904,Electrónica,535109,PSE,Sitio web,Android,Bogotá,5,5,No
TXN-0007647,2024-01-18,19880,Alimentos,28807,PSE,App móvil,Desktop,Bogotá,3,5,No
TXN-0005874,2023-05-09,39650,Electrónica,691061,Tarjeta crédito,App móvil,Desktop,Bogotá,7,5,No
TXN-0005063,2023-10-26,52483,Hogar,243346,PSE,App móvil,iOS,Bogotá,3,5,No
TXN-0005138,2024-06-25,18926,Alimentos,24925,Tarjeta débito,App móvil,Android,Cartagena,4,5,No
TXN-0006870,2023-11-06,56925,Libros,59246,Contraentrega,Sitio web,Android,Ibagué,1,5,No
TXN-0006975,2024-07-20,53469,Hogar,72424,Tarjeta débito,Sitio web,Android,Ibagué,5,5,No
TXN-0005303,2023-06-07,29112,Deportes,168269,PSE,App móvil,iOS,Medellín,2,5,No
TXN-0002847,2024-06-09,47108,Electrónica,969378,Tarjeta débito,App móvil,Desktop,Cartagena,2,5,No
TXN-0002295,2023-06-01,53776,Belleza,86483,Tarjeta crédito,Sitio web,Android,Bucaramanga,5,5,No
TXN-0002891,,35656,Belleza,111665,Tarjeta crédito,App móvil,Android,Manizales,8,5,No
TXN-IMPUTADO-0100,2024-08-30,44718,Moda,72093,Tarjeta crédito,App móvil,Android,Bucaramanga,3,5,No
TXN-0006017,2023-10-30,36765,Alimentos,39521,Tarjeta crédito,Sitio web,Android,Bucaramanga,1,5,No
TXN-0002187,2022-02-03,44912,Deportes,98939,Tarjeta crédito,App móvil,Android,Cali,3,5,No
TXN-IMPUTADO-0101,2023-10-20,20749,Belleza,9498,Tarjeta crédito,App móvil,Android,Barranquilla,2,5,No
TXN-0001231,2024-06-06,53949,Alimentos,46504,Tarjeta crédito,App móvil,iOS,Bogotá,5,5,No
TXN-0007720,2024-03-29,36927,Belleza,31283,Billetera digital,App móvil,Android,Bogotá,5,5,No
TXN-0003299,2022-04-05,17394,Deportes,58556,Tarjeta débito,App móvil,Android,Bucaramanga,4,5,No
TXN-0001946,2023-10-08,42565,Hogar,209938,Tarjeta débito,App móvil,Android,Bogotá,3,5,No
TXN-0004234,2022-04-17,20598,Alimentos,20287,Tarjeta crédito,App móvil,Desktop,Bogotá,6,5,No
TXN-0007622,2023-07-31,56546,Electrónica,1006833,Tarjeta crédito,App móvil,Android,Pereira,2,5,No
TXN-0006215,2023-12-19,35520,Electrónica,633509,Tarjeta crédito,App móvil,Android,Medellín,4,5,No
TXN-0005101,2023-11-13,28376,Tecnología,820590,Tarjeta crédito,App móvil,Desconocido,Barranquilla,6,5,No
TXN-0001154,2024-11-03,55449,Belleza,80414,PSE,App móvil,Android,Pereira,3,5,No
TXN-0002226,2023-05-17,38269,Deportes,156141,PSE,App móvil,Desktop,Bogotá,5,5,No
TXN-0007208,2024-04-24,-1,Juguetes,115655,Tarjeta crédito,Sitio web,iOS,Bogotá,3,5,No
TXN-0001782,2022-01-20,36205,Electrónica,783770,PSE,Sitio web,Android,Bogotá,5,5,No
TXN-0007339,2023-04-16,11147,Belleza,132163,PSE,App móvil,Android,Medellín,3,5,No
TXN-0006815,2022-09-16,14261,Electrónica,390613,Tarjeta débito,App móvil,iOS,Bogotá,3,5,No
TXN-0003246,2024-11-12,55900,Moda,143274,Tarjeta débito,App móvil,Android,Barranquilla,8,4,No
TXN-0006602,2024-09-22,14800,Alimentos,60373,PSE,App móvil,Desktop,Cartagena,6,5,No
TXN-0005945,2023-09-17,33606,Juguetes,27127,PSE,Sitio web,Desktop,Pereira,5,5,No
TXN-0001928,2022-03-02,-1,Belleza,58933,Contraentrega,Sitio web,Android,Pereira,5,5,No
TXN-0004845,2024-12-21,13745,Hogar,101391,Tarjeta crédito,App móvil,Android,Medellín,2,5,Sí
TXN-0004298,2024-06-04,40435,Libros,45863,PSE,Sitio web,iOS,Bogotá,4,5,No
TXN-0007025,2024-11-30,24650,Electrónica,593742,Tarjeta débito,App móvil,Android,Bogotá,4,5,No
TXN-0000684,2022-06-27,51151,Deportes,201728,PSE,Sitio web,Android,Bogotá,3,5,No
TXN-0006450,2022-10-19,39057,Moda,128960,Billetera digital,App móvil,Android,Barranquilla,7,5,No
TXN-0006372,2023-01-22,43392,Juguetes,52135,Contraentrega,App móvil,Desktop,Bogotá,4,5,No
TXN-0005397,2022-02-26,30265,Hogar,191114,PSE,App móvil,Android,Barranquilla,3,5,No
TXN-0005493,2022-09-27,47325,Alimentos,22532,Tarjeta débito,App móvil,Android,Medellín,3,5,No
TXN-0004086,2024-05-20,12483,Moda,58569,PSE,App móvil,Android,Cartagena,2,5,No
TXN-0003195,2023-03-21,32273,Mascotas,110536,Tarjeta débito,App móvil,Android,Bogotá,4,5,No
TXN-0001600,2022-05-09,59468,Tecnología,217248,Tarjeta crédito,App móvil,iOS,Cúcuta,12,4,No
TXN-0004448,2022-09-14,57304,Deportes,127310,Contraentrega,Sitio web,iOS,Bogotá,6,5,No
TXN-IMPUTADO-0102,2023-10-04,14769,Electrónica,837465,PSE,App móvil,Android,Medellín,6,5,No
TXN-0003666,2022-11-03,28582,Belleza,5000,Contraentrega,Sitio web,Android,Bogotá,4,5,No
TXN-0004432,2022-10-17,34514,Electrónica,768356,Contraentrega,App móvil,Android,Bogotá,4,5,No
TXN-0007903,2022-02-16,38597,Juguetes,156765,Tarjeta crédito,App móvil,Android,Pereira,4,5,No
TXN-0003762,2022-03-29,47314,Electrónica,601371,Contraentrega,App móvil,Desconocido,Bucaramanga,6,5,No
TXN-0004625,2024-09-28,54752,Moda,117954,Tarjeta crédito,Sitio web,Android,Cúcuta,4,5,No
TXN-0001733,2023-05-13,53313,Alimentos,39417,Tarjeta crédito,App móvil,iOS,Manizales,5,5,No
TXN-0006389,2023-02-16,10389,Juguetes,115081,Contraentrega,Sitio web,Android,Cartagena,6,5,No
TXN-0000289,2024-02-27,22164,Mascotas,55650,Tarjeta débito,Sitio web,iOS,Medellín,5,5,No
TXN-0004384,2023-10-16,37263,Hogar,140636,Tarjeta crédito,Sitio web,Android,Cartagena,6,5,No
TXN-0006055,2024-05-02,50366,Moda,98700,Contraentrega,Sitio web,iOS,Cali,3,5,No
TXN-0004445,2022-04-05,39245,Moda,200771,Tarjeta crédito,App móvil,Desktop,Bogotá,5,5,No
TXN-IMPUTADO-0103,2022-06-26,52831,Belleza,70100,Contraentrega,App móvil,Android,Medellín,4,5,No
TXN-0007353,2024-03-11,30677,Electrónica,598192,Contraentrega,App móvil,iOS,Bogotá,4,5,No
TXN-0005344,2024-11-08,32158,Deportes,67020,Tarjeta crédito,App móvil,Android,Medellín,2,5,No
TXN-0006011,2024-03-05,39138,Deportes,142126,Contraentrega,App móvil,Desktop,Cartagena,3,5,No
TXN-IMPUTADO-0104,,24430,Deportes,65597,Tarjeta débito,App móvil,Android,Bogotá,3,5,No
TXN-IMPUTADO-0105,2024-08-14,13771,Deportes,138577,Tarjeta crédito,Sitio web,Desktop,Barranquilla,4,5,No
TXN-0004542,2023-01-15,58670,Moda,91427,Tarjeta débito,Sitio web,Desconocido,Cali,4,5,Sí
TXN-0005324,2024-11-21,27100,Moda,87572,Contraentrega,Sitio web,Android,Medellín,6,5,Sí
TXN-IMPUTADO-0106,2024-12-31,42812,Hogar,80630,Tarjeta débito,Sitio web,Android,Bogotá,2,5,No
TXN-0006708,2023-08-16,22044,Juguetes,117696,Tarjeta crédito,Sitio web,Android,Medellín,8,4,No
TXN-0004724,2023-11-15,44567,Moda,5000,Contraentrega,App móvil,iOS,Cartagena,3,5,No
TXN-0005301,2024-03-03,14996,Electrónica,240936,Tarjeta crédito,App móvil,Android,Bogotá,5,5,No
TXN-0003861,2023-11-07,28274,Electrónica,590218,Tarjeta débito,App móvil,iOS,Bogotá,6,5,No
TXN-0002539,2024-06-21,21735,Electrónica,434136,Tarjeta débito,App móvil,Android,Cúcuta,6,5,No
TXN-0003750,2022-06-08,33753,Moda,98846,Billetera digital,App móvil,Android,Barranquilla,5,5,No
TXN-0001111,2024-08-06,21892,Tecnología,397909,Contraentrega,App móvil,Android,Medellín,5,5,No
TXN-0002356,2023-04-18,16849,Deportes,195605,Contraentrega,App móvil,Android,Bucaramanga,5,5,No
TXN-0006512,2022-10-20,50396,Alimentos,63612,Tarjeta crédito,Sitio web,iOS,Medellín,5,5,No
TXN-0002687,2023-01-22,30869,Tecnología,265051,Contraentrega,App móvil,Android,Bogotá,5,5,Sí
TXN-0000223,2022-09-21,35681,Belleza,113802,Tarjeta crédito,Sitio web,Android,Medellín,7,5,No
TXN-0000038,2024-12-17,46273,Electrónica,306848,Contraentrega,App móvil,Desktop,Medellín,3,5,No
TXN-0006576,2024-05-14,38818,Deportes,114397,Tarjeta crédito,Sitio web,Android,Medellín,3,5,No
TXN-0000751,2022-01-23,28563,Electrónica,612117,Tarjeta crédito,Sitio web,iOS,Bucaramanga,5,5,No
TXN-0005433,2024-05-29,12673,Alimentos,37505,Tarjeta débito,App móvil,Android,Bogotá,4,5,No
TXN-0007866,2022-07-29,28705,Tecnología,1296334,Tarjeta débito,Sitio web,Desktop,Manizales,4,5,No
TXN-0002681,2022-11-22,42880,Electrónica,375655,Tarjeta crédito,App móvil,Android,Medellín,3,5,No
TXN-0000449,2022-05-06,35298,Moda,115493,Tarjeta crédito,Sitio web,Android,Barranquilla,4,5,No
TXN-0002502,2024-01-09,37635,Electrónica,481672,Tarjeta crédito,App móvil,Android,Bogotá,1,5,No
TXN-0005783,2024-04-15,30876,Tecnología,893538,Billetera digital,App móvil,Android,Manizales,4,5,No
TXN-0006075,2024-12-01,21362,Mascotas,91449,Billetera digital,App móvil,iOS,Bogotá,3,5,No
TXN-IMPUTADO-0107,2023-05-30,56956,Hogar,210444,PSE,App móvil,Android,Bucaramanga,4,5,No
TXN-0004322,2023-02-25,41991,Hogar,193925,Tarjeta crédito,App móvil,iOS,Cartagena,6,5,No
TXN-0003821,2022-12-04,45935,Belleza,71429,PSE,Sitio web,Android,Cali,4,5,No
TXN-0000257,2024-03-22,31208,Alimentos,46802,Tarjeta débito,App móvil,Android,Medellín,4,5,No
TXN-0002450,2024-07-27,31471,Libros,53055,Tarjeta crédito,Sitio web,Android,Cartagena,4,5,No
TXN-0001660,2022-03-20,42398,Tecnología,977751,Contraentrega,App móvil,iOS,Cali,6,5,No
TXN-0000707,2024-06-22,23035,Moda,162762,Tarjeta crédito,Sitio web,Desktop,Medellín,7,5,No
TXN-0000358,2022-01-17,40086,Belleza,87205,Billetera digital,App móvil,Android,Bogotá,6,5,No
TXN-0005990,2023-06-03,31318,Alimentos,52688,PSE,App móvil,Android,Medellín,3,5,No
TXN-0006141,2024-12-11,41950,Electrónica,770040,Contraentrega,App móvil,Android,Barranquilla,1,5,No
TXN-0003949,2023-03-12,11642,Belleza,47518,PSE,App móvil,Desktop,Bucaramanga,6,5,No
TXN-0006378,2022-07-20,31985,Juguetes,123021,Tarjeta crédito,App móvil,Android,Medellín,2,5,No
TXN-0003726,2024-06-26,48579,Moda,150027,Contraentrega,Sitio web,Android,Bogotá,1,5,No
TXN-0005514,2022-09-28,42108,Hogar,180831,PSE,Sitio web,Desconocido,Bogotá,4,5,No
TXN-0002870,2023-03-17,18321,Moda,175442,PSE,Sitio web,Android,Bogotá,5,5,No
TXN-0000059,2023-11-06,32763,Alimentos,32105,PSE,App móvil,Android,Bogotá,9,3,Sí
TXN-0006052,2024-07-19,39367,Electrónica,604096,Tarjeta crédito,Sitio web,iOS,Pereira,8,3,No
TXN-0004093,2024-12-11,36552,Deportes,119334,Tarjeta crédito,App móvil,Desktop,Cali,9,5,No
TXN-0005436,2022-12-28,41307,Moda,132361,Billetera digital,App móvil,Android,Cúcuta,6,5,No
TXN-0000726,2023-04-17,24899,Belleza,94490,Tarjeta crédito,Sitio web,Android,Medellín,4,5,No
TXN-0002455,2022-05-21,19896,Hogar,150733,Billetera digital,Sitio web,iOS,Cali,8,5,No
TXN-0006246,2024-07-18,49999,Alimentos,43441,Billetera digital,App móvil,Android,Cali,5,5,No
TXN-0001152,2022-02-10,19873,Alimentos,70785,Tarjeta crédito,App móvil,Android,Cali,6,5,No
TXN-0006201,2024-05-10,56200,Hogar,109564,Tarjeta débito,App móvil,Desktop,Bogotá,3,5,No
TXN-0004208,2022-02-02,30693,Belleza,90268,PSE,App móvil,Android,Bogotá,6,5,No
TXN-0003710,2023-12-14,20191,Tecnología,921575,Tarjeta crédito,App móvil,Android,Cartagena,4,5,No
TXN-0007446,2023-08-16,51225,Electrónica,1012391,Billetera digital,Sitio web,Android,Ibagué,4,5,No
TXN-0001646,2022-07-03,27899,Tecnología,893129,Contraentrega,App móvil,Android,Medellín,7,5,No
TXN-0000563,2022-06-21,38203,Mascotas,31254,Contraentrega,App móvil,iOS,Barranquilla,6,5,No
TXN-0004339,2023-07-07,48965,Moda,146748,PSE,Sitio web,Desktop,Bucaramanga,4,5,No
TXN-0003540,2023-08-10,56227,Juguetes,76756,PSE,Sitio web,Android,Pereira,7,5,No
TXN-0007262,2024-02-17,11031,Deportes,119103,Tarjeta débito,App móvil,Android,Cartagena,7,5,No
TXN-0006466,,58719,Electrónica,1039002,Billetera digital,App móvil,iOS,Cali,6,5,No
TXN-0002275,,32444,Electrónica,23837,Tarjeta débito,App móvil,Android,Medellín,2,5,No
TXN-0000800,2023-08-05,26363,Alimentos,17871,Contraentrega,App móvil,Android,Bogotá,4,5,No
TXN-0003913,2023-10-08,54382,Hogar,364039,Billetera digital,App móvil,Android,Cartagena,5,5,No
TXN-0000740,2023-07-15,47325,Libros,63104,PSE,App móvil,Android,Bogotá,4,5,No
TXN-0003342,2023-07-08,15590,Moda,81480,Tarjeta crédito,Sitio web,Desktop,Bogotá,7,5,No
TXN-0005315,2023-12-14,41349,Deportes,145027,Contraentrega,Sitio web,iOS,Medellín,2,5,No
TXN-0005591,2024-11-28,51507,Electrónica,726604,PSE,Sitio web,Android,Cúcuta,6,5,No
TXN-0000383,2024-04-16,13308,Moda,145679,Contraentrega,App móvil,Android,Bogotá,5,5,No
TXN-0000629,,38868,Libros,54151,Tarjeta débito,App móvil,Desconocido,Bogotá,2,5,Sí
TXN-0004386,2022-06-08,20554,Hogar,138832,Contraentrega,App móvil,Android,Bogotá,3,5,No
TXN-0000476,2022-07-23,27673,Juguetes,51432,Billetera digital,App móvil,Android,Bucaramanga,3,5,No
TXN-0000123,2022-06-14,29957,Libros,59805,Tarjeta crédito,Sitio web,iOS,Ibagué,4,5,No
TXN-0000303,2022-11-21,33434,Electrónica,557664,Tarjeta débito,Sitio web,iOS,Bogotá,7,5,No
TXN-0005352,2024-09-12,12524,Mascotas,93774,Tarjeta débito,App móvil,Desktop,Bogotá,6,5,No
TXN-0001791,2024-06-29,16986,Deportes,199118,Tarjeta débito,App móvil,Android,Bogotá,4,5,No
TXN-0007662,2022-11-29,41181,Deportes,251384,PSE,App móvil,Android,Pereira,5,5,Sí
TXN-0005546,2023-07-29,17212,Moda,91651,Contraentrega,Sitio web,iOS,Cali,6,5,No
TXN-IMPUTADO-0108,2023-02-17,59974,Moda,133862,PSE,Sitio web,Desktop,Manizales,5,5,No
TXN-0002796,2023-03-22,23139,Belleza,97970,Tarjeta débito,App móvil,Android,Bucaramanga,3,5,No
TXN-0002789,2022-03-22,36813,Belleza,67355,Tarjeta débito,App móvil,Android,Bogotá,1,5,No
TXN-0003269,2023-04-15,11905,Moda,17735,Tarjeta crédito,Sitio web,Android,Bogotá,5,5,No
TXN-0005140,2024-01-25,12270,Tecnología,572547,Tarjeta débito,App móvil,Desktop,Cali,3,5,No
TXN-0006862,2023-06-13,30423,Tecnología,1084599,Tarjeta crédito,Sitio web,Desktop,Pereira,3,5,No
TXN-0007008,2024-07-02,14196,Alimentos,39895,PSE,App móvil,Desktop,Ibagué,3,5,No
TXN-0000519,2024-04-10,38001,Electrónica,727861,Contraentrega,App móvil,iOS,Bogotá,3,5,No
TXN-0001732,2022-04-01,51397,Moda,127606,PSE,App móvil,Android,Medellín,6,5,No
TXN-0003389,2022-12-27,46491,Moda,106528,PSE,App móvil,Android,Medellín,3,5,No
TXN-0002862,2022-10-18,57019,Belleza,53259,PSE,Sitio web,iOS,Pereira,3,5,No
TXN-0007252,2024-11-26,47772,Hogar,27834,PSE,App móvil,Android,Medellín,3,5,No
TXN-0000637,2024-02-27,38377,Hogar,193741,Tarjeta débito,App móvil,Desktop,Bogotá,4,5,No
TXN-0006220,2022-08-20,35809,Moda,163392,Billetera digital,App móvil,Android,Bucaramanga,3,5,No
TXN-0004963,2023-09-28,23110,Hogar,190077,Tarjeta débito,App móvil,Android,Bucaramanga,7,5,No
TXN-0002484,2022-09-17,21193,Belleza,111506,Contraentrega,App móvil,Android,Pereira,2,5,No
TXN-0005800,2023-11-17,42785,Belleza,100525,Tarjeta crédito,App móvil,Android,Bogotá,5,5,No
TXN-0006382,2024-04-24,40926,Alimentos,78657,PSE,App móvil,Desktop,Medellín,3,5,No
TXN-0005441,2022-12-16,20692,Libros,75852,Tarjeta crédito,App móvil,iOS,Medellín,4,5,No
TXN-0003293,2023-02-27,-1,Belleza,112044,Tarjeta crédito,App móvil,Android,Medellín,3,5,No
TXN-0003740,2024-06-27,21466,Mascotas,86561,PSE,App móvil,iOS,Cúcuta,4,5,No
TXN-0002121,2022-02-06,17026,Hogar,78350,Contraentrega,App móvil,iOS,Bogotá,3,5,No
TXN-0004157,2023-08-07,41671,Libros,52776,Contraentrega,Sitio web,Android,Medellín,5,5,No
TXN-0006886,2023-09-01,18461,Electrónica,1464294,Billetera digital,App móvil,Android,Cúcuta,5,5,No
TXN-0004848,2024-01-09,35907,Alimentos,45923,Tarjeta crédito,App móvil,iOS,Bogotá,5,5,Sí
TXN-0006588,2023-04-30,37545,Deportes,122640,PSE,App móvil,Android,Cali,4,5,No
TXN-0006444,2023-11-14,25164,Belleza,68767,Tarjeta crédito,App móvil,Desktop,Pereira,5,5,No
TXN-0001122,2022-01-17,54462,Deportes,149961,Tarjeta débito,Sitio web,Android,Bogotá,5,5,No
TXN-0006732,2024-02-17,20455,Mascotas,58443,Tarjeta débito,App móvil,Android,Bogotá,4,5,No
TXN-0000842,2022-08-29,40211,Juguetes,75944,Billetera digital,Sitio web,Android,Cali,1,5,No
TXN-0004010,2022-10-29,45851,Hogar,164338,Tarjeta crédito,App móvil,iOS,Bogotá,5,5,No
TXN-0007792,2023-12-03,13961,Belleza,99232,Contraentrega,App móvil,Android,Bogotá,3,5,Sí
TXN-0000731,2024-08-16,-1,Tecnología,755768,Tarjeta crédito,App móvil,Desktop,Bogotá,5,5,No
TXN-0006926,2022-05-26,-1,Belleza,84298,Tarjeta crédito,Sitio web,Android,Bogotá,3,5,No
TXN-0004822,2023-11-09,15258,Electrónica,694636,PSE,App móvil,iOS,Bucaramanga,5,5,No
TXN-0003173,2024-03-07,22298,Electrónica,768727,Tarjeta débito,App móvil,Android,Pereira,6,5,No
TXN-0006050,2024-10-07,40946,Moda,133355,Tarjeta débito,Sitio web,Android,Bogotá,4,5,No
TXN-0007999,2023-07-19,20476,Hogar,115946,Tarjeta crédito,App móvil,Android,Cúcuta,6,5,No
TXN-0004760,2022-10-31,42006,Tecnología,901497,Tarjeta débito,App móvil,Android,Bogotá,4,5,No
TXN-0001721,,38918,Moda,165227,Tarjeta crédito,Sitio web,iOS,Medellín,3,5,No
TXN-0001990,2023-01-31,48568,Mascotas,50976,Billetera digital,Sitio web,Android,Bogotá,3,5,No
TXN-0006893,2023-12-01,10589,Juguetes,92921,Tarjeta débito,App móvil,iOS,Pereira,8,4,No
TXN-0006649,2023-03-11,58786,Electrónica,482576,Tarjeta crédito,Sitio web,Android,Bogotá,6,5,Sí
TXN-0005330,2023-05-04,13007,Moda,214374,PSE,Sitio web,Android,Bogotá,6,5,No
TXN-0004712,2024-01-09,27551,Alimentos,43110,Tarjeta crédito,App móvil,iOS,Cali,6,5,No
TXN-0007630,2022-01-08,22432,Hogar,151604,Tarjeta crédito,App móvil,Android,Bogotá,1,5,No
TXN-0006480,2022-06-30,22536,Libros,44465,Tarjeta crédito,Sitio web,Android,Cartagena,1,5,No
TXN-0000108,2024-05-14,30962,Moda,30162,Tarjeta crédito,App móvil,iOS,Bogotá,3,5,No
TXN-0002382,2023-12-20,21029,Alimentos,46655,Tarjeta crédito,App móvil,Android,Bogotá,7,5,No
TXN-0001968,2023-10-25,43889,Electrónica,310834,Tarjeta crédito,App móvil,Desktop,Ibagué,5,5,No
TXN-0005937,2023-08-10,19596,Belleza,116287,PSE,App móvil,Desktop,Cúcuta,6,5,No
TXN-0002436,2022-12-26,14014,Tecnología,1686066,Tarjeta crédito,Sitio web,Android,Cartagena,6,5,No
TXN-0000582,2022-12-27,59283,Deportes,51739,Billetera digital,Sitio web,Android,Bogotá,5,5,No
TXN-0007560,2024-06-15,23480,Tecnología,604749,Billetera digital,Sitio web,iOS,Cali,3,5,No
TXN-0002920,2023-09-19,24987,Deportes,260318,PSE,App móvil,Android,Bogotá,5,5,No
TXN-0006247,2024-04-04,41640,Tecnología,470626,Tarjeta crédito,Sitio web,iOS,Ibagué,4,5,No
TXN-0002742,2022-09-27,22356,Electrónica,568386,Tarjeta crédito,App móvil,Android,Barranquilla,4,5,No
TXN-0003816,2022-04-05,36911,Hogar,105861,Tarjeta débito,App móvil,Android,Cali,4,5,No
TXN-0002746,2023-02-05,19569,Moda,67187,Tarjeta crédito,App móvil,Desktop,Barranquilla,7,5,No
TXN-0003683,2023-02-22,28825,Electrónica,803695,Billetera digital,Sitio web,Desktop,Bucaramanga,5,5,No
TXN-0007649,2023-08-11,44387,Juguetes,69258,Tarjeta crédito,App móvil,iOS,Cali,4,5,No
TXN-0004630,2023-02-27,15247,Hogar,261075,PSE,App móvil,Android,Cali,7,5,No
TXN-0000619,2023-01-03,41346,Juguetes,99286,Tarjeta crédito,Sitio web,iOS,Medellín,4,5,No
TXN-0002261,2023-05-17,36468,Moda,97227,Tarjeta débito,App móvil,Android,Bogotá,8,5,No
TXN-0006288,2022-06-24,42616,Libros,28733,Tarjeta crédito,App móvil,Android,Bogotá,6,5,No
TXN-0001282,2024-02-01,28737,Alimentos,49759,Tarjeta crédito,Sitio web,iOS,Bogotá,6,5,No
TXN-0007854,2024-12-20,13858,Alimentos,36312,Contraentrega,App móvil,Android,Bogotá,1,5,No
TXN-0005300,2024-07-18,19054,Tecnología,608860,Billetera digital,Sitio web,Android,Medellín,3,5,No
TXN-0000864,2023-09-20,17337,Alimentos,32527,Tarjeta crédito,Sitio web,Android,Bogotá,8,5,No
TXN-0006776,2024-02-24,54737,Tecnología,855301,Tarjeta débito,Sitio web,Android,Cali,3,5,No
TXN-0001315,2024-06-18,42071,Mascotas,85950,Tarjeta crédito,App móvil,Android,Bogotá,5,5,No
TXN-0005702,2023-01-18,39579,Moda,111634,Billetera digital,Sitio web,Desktop,Cartagena,2,5,No
TXN-0003870,2022-11-22,48546,Electrónica,865353,Contraentrega,App móvil,Android,Bogotá,5,5,No
TXN-0004355,2022-05-20,-1,Deportes,89062,Tarjeta débito,Sitio web,iOS,Medellín,1,5,No
TXN-0005189,2023-12-12,36674,Moda,76423,Tarjeta crédito,Sitio web,Android,Bogotá,5,5,No
TXN-0003177,2024-12-11,55028,Libros,61422,PSE,App móvil,Android,Pereira,4,5,No
TXN-0007045,2023-12-03,40047,Belleza,85540,Contraentrega,Sitio web,Android,Cartagena,6,5,Sí
TXN-0005586,2022-12-02,13100,Libros,76343,PSE,App móvil,Desktop,Barranquilla,5,5,No
TXN-0004420,2022-11-09,29676,Tecnología,516980,Tarjeta crédito,App móvil,iOS,Bucaramanga,3,5,No
TXN-0000470,2023-01-13,29910,Tecnología,779698,Tarjeta crédito,Sitio web,Android,Barranquilla,6,5,No
TXN-0004040,2024-11-02,49117,Alimentos,25698,Tarjeta crédito,App móvil,iOS,Bogotá,3,5,No
TXN-0002800,2023-06-25,40490,Juguetes,144366,Billetera digital,Sitio web,iOS,Cali,4,5,No
TXN-0001165,2024-03-25,28822,Deportes,145632,Contraentrega,Sitio web,Android,Cali,2,5,No
TXN-0005701,2024-08-17,52604,Mascotas,45410,Tarjeta crédito,App móvil,Android,Medellín,6,5,No
TXN-0004894,2022-01-11,30494,Moda,202339,Contraentrega,Sitio web,Android,Bogotá,3,5,No
TXN-0004422,2023-05-13,51752,Electrónica,806893,Tarjeta crédito,Sitio web,Desconocido,Medellín,3,5,No
TXN-0003003,2024-10-21,38048,Hogar,68495,Tarjeta crédito,App móvil,Android,Pereira,7,5,No
TXN-0006114,2023-11-25,24328,Hogar,339013,Billetera digital,App móvil,iOS,Bucaramanga,5,5,No
TXN-0002522,2023-11-10,-1,Alimentos,45893,Tarjeta débito,App móvil,Android,Cali,5,5,No
TXN-IMPUTADO-0109,2024-01-09,24855,Moda,152897,Tarjeta crédito,Sitio web,iOS,Cali,3,5,No
TXN-0003900,2023-02-19,11696,Libros,45174,Billetera digital,App móvil,Desktop,Barranquilla,1,5,No
TXN-0006673,2023-12-14,10583,Hogar,140522,Tarjeta débito,App móvil,iOS,Bogotá,6,5,No
TXN-0003408,2023-02-03,18282,Alimentos,46501,Contraentrega,App móvil,Android,Bogotá,7,5,No
TXN-0000771,2024-07-08,-1,Juguetes,49987,Tarjeta crédito,App móvil,iOS,Bogotá,5,5,No
TXN-0007930,2022-10-03,45031,Hogar,281550,PSE,App móvil,iOS,Pereira,7,5,No
TXN-0002083,2022-04-28,46931,Moda,167229,PSE,App móvil,Desktop,Manizales,5,5,No
TXN-0001970,2024-11-07,25983,Hogar,279476,Tarjeta crédito,App móvil,Android,Bogotá,4,5,No
TXN-0005553,2023-09-22,52258,Electrónica,606728,PSE,App móvil,Android,Cali,5,5,No
TXN-0006068,2023-08-28,14037,Deportes,154182,Tarjeta crédito,App móvil,Android,Cúcuta,5,5,No
TXN-0004706,2024-12-30,45585,Belleza,59026,PSE,App móvil,iOS,Pereira,3,5,No
TXN-0000335,2023-07-28,55792,Alimentos,50119,Tarjeta crédito,App móvil,Android,Cali,4,5,No
TXN-0004099,2024-12-21,10013,Hogar,222926,Contraentrega,Sitio web,Android,Medellín,6,5,No
TXN-0001649,2023-08-09,18693,Alimentos,68569,Tarjeta débito,Sitio web,Desktop,Cúcuta,4,5,No
TXN-0006647,2022-10-03,35700,Electrónica,873745,Contraentrega,App móvil,Android,Bogotá,5,5,No
TXN-0003542,2022-10-10,42345,Moda,179193,Tarjeta crédito,App móvil,Android,Bucaramanga,3,5,No
TXN-0005882,2024-01-03,32419,Deportes,230256,PSE,App móvil,Android,Barranquilla,5,5,No
TXN-0005914,,52838,Electrónica,564253,Tarjeta débito,App móvil,iOS,Cartagena,3,5,No
TXN-0001327,2024-01-21,28625,Hogar,130451,Tarjeta débito,App móvil,Desktop,Bogotá,8,5,No
TXN-0003618,2022-01-26,40704,Mascotas,40422,Tarjeta crédito,App móvil,iOS,Bogotá,3,5,No
TXN-0007861,2024-06-07,41259,Alimentos,15836,Tarjeta crédito,App móvil,Android,Medellín,5,5,No
TXN-0004021,2023-10-15,47369,Electrónica,372099,PSE,App móvil,Android,Bogotá,7,5,No
TXN-0001408,2022-02-06,48663,Libros,35804,Contraentrega,App móvil,Desktop,Ibagué,2,5,No
TXN-0003917,2023-01-20,23468,Hogar,182512,Tarjeta crédito,App móvil,Android,Cartagena,6,5,No
TXN-0006393,2022-12-18,50484,Hogar,190019,Tarjeta débito,Sitio web,Android,Ibagué,3,5,No
TXN-0002311,2022-12-22,55524,Hogar,227185,PSE,App móvil,iOS,Bogotá,6,5,No
TXN-0001243,2024-05-30,31988,Juguetes,129371,PSE,App móvil,Android,Barranquilla,4,5,No
TXN-0000961,2022-05-29,27345,Tecnología,1228231,PSE,App móvil,Android,Barranquilla,5,5,No
TXN-0007979,2024-12-31,37375,Deportes,208153,Tarjeta crédito,App móvil,Desktop,Bucaramanga,4,5,No
TXN-0006477,2024-08-05,35716,Mascotas,98951,Billetera digital,Sitio web,Android,Medellín,8,5,No
TXN-0006794,2024-01-07,23470,Electrónica,606294,Tarjeta débito,Sitio web,Android,Bogotá,3,5,No
TXN-IMPUTADO-0110,2022-04-28,41150,Mascotas,118191,Tarjeta débito,App móvil,iOS,Manizales,5,5,No
TXN-0003357,2023-08-26,53146,Electrónica,778970,Contraentrega,Sitio web,iOS,Cúcuta,9,5,No
TXN-0002533,2023-07-13,55842,Libros,56691,Tarjeta crédito,App móvil,iOS,Manizales,4,5,No
TXN-0004278,2024-04-04,36071,Tecnología,962437,Tarjeta crédito,App móvil,Android,Manizales,3,5,No
TXN-0003405,2022-08-25,41768,Hogar,194227,Tarjeta crédito,Sitio web,iOS,Manizales,3,5,No
TXN-IMPUTADO-0111,2023-04-13,25143,Libros,37321,Tarjeta crédito,App móvil,iOS,Cali,3,5,No
TXN-0004440,2023-05-30,35736,Juguetes,113091,PSE,Sitio web,Android,Cúcuta,2,5,No
TXN-0001209,2022-11-10,33144,Moda,115708,Tarjeta débito,Sitio web,Android,Bogotá,7,5,No
TXN-0007076,2022-06-18,37971,Tecnología,750038,Tarjeta crédito,Sitio web,Android,Bogotá,4,5,Sí
TXN-0004500,2023-06-19,11438,Belleza,87427,Billetera digital,App móvil,Android,Bogotá,3,5,No
TXN-0003611,2023-04-04,17656,Moda,66350,PSE,Sitio web,iOS,Cúcuta,6,5,No
TXN-0002571,2022-12-26,22446,Juguetes,60577,Tarjeta crédito,App móvil,Android,Bogotá,2,5,No
TXN-0004946,2022-03-24,14598,Moda,174470,Tarjeta débito,Sitio web,iOS,Manizales,6,5,No
TXN-0003120,2023-07-20,47346,Hogar,22755,Tarjeta crédito,App móvil,iOS,Pereira,2,5,No
TXN-0003303,2024-12-31,54567,Moda,178596,Tarjeta crédito,App móvil,Android,Cúcuta,3,5,No
TXN-0000174,2023-01-24,20216,Alimentos,36549,Tarjeta crédito,Sitio web,Android,Bogotá,6,5,No
TXN-0005943,2023-03-29,50456,Moda,64907,Tarjeta crédito,App móvil,Android,Cartagena,8,4,No
TXN-0006889,2024-03-03,22074,Moda,65977,Tarjeta débito,App móvil,Desktop,Bogotá,6,5,No
TXN-0001877,2024-03-12,14087,Deportes,157628,Tarjeta crédito,Sitio web,iOS,Cali,3,5,No
TXN-0000185,2024-12-16,12604,Tecnología,1351806,Contraentrega,App móvil,Android,Ibagué,8,3,No
TXN-0001822,2024-07-06,49087,Hogar,337525,Billetera digital,App móvil,Android,Bogotá,4,5,No
TXN-0001523,,37551,Tecnología,1430746,Contraentrega,App móvil,Desktop,Bogotá,3,5,No
TXN-0002453,2024-11-23,34806,Libros,68201,PSE,Sitio web,Android,Barranquilla,6,5,No
TXN-0001500,2023-08-18,10943,Alimentos,61852,Contraentrega,Sitio web,Desktop,Bogotá,4,5,No
TXN-0000236,2023-12-05,27382,Alimentos,58094,Tarjeta crédito,Sitio web,iOS,Bogotá,3,5,No
TXN-0002788,2024-12-18,39240,Libros,75877,Tarjeta débito,App móvil,Android,Bogotá,2,5,No
TXN-0004323,2022-04-08,12724,Deportes,104400,Contraentrega,App móvil,Android,Medellín,7,5,No
TXN-0001984,2024-08-23,22514,Alimentos,73895,Tarjeta crédito,App móvil,Desktop,Cúcuta,5,5,No
TXN-0006692,2022-10-22,43392,Libros,31718,Tarjeta crédito,App móvil,Android,Bogotá,3,5,No
TXN-0004038,2024-10-15,52084,Deportes,9813,Tarjeta débito,Sitio web,Desktop,Cali,5,5,No
TXN-0001105,2024-05-15,29326,Moda,75005,Tarjeta crédito,App móvil,iOS,Cali,3,5,No
TXN-0005896,2023-12-06,30485,Alimentos,71445,Contraentrega,App móvil,Desktop,Cali,5,5,No
TXN-0006751,2023-09-10,35580,Juguetes,78556,Tarjeta débito,Sitio web,Android,Cali,6,5,No
TXN-0004658,2024-06-06,12133,Mascotas,52554,Tarjeta débito,Sitio web,iOS,Bogotá,5,5,No
TXN-0007000,2022-12-08,15904,Electrónica,1339791,Tarjeta débito,App móvil,Desktop,Barranquilla,6,5,No
TXN-0004519,2022-07-11,40854,Tecnología,811952,Tarjeta crédito,App móvil,Android,Cali,1,5,No
TXN-0004863,2023-09-25,20412,Alimentos,22811,Tarjeta crédito,Sitio web,Android,Medellín,5,5,No
TXN-0007583,2022-10-15,17080,Hogar,310481,Tarjeta débito,App móvil,Android,Bogotá,2,5,No
TXN-0005930,2022-03-17,43565,Libros,15868,Tarjeta crédito,App móvil,iOS,Cartagena,7,5,No
TXN-0005994,2023-03-21,31920,Hogar,219924,Tarjeta crédito,App móvil,Desktop,Bogotá,3,5,Sí
TXN-0000918,2023-03-11,53915,Deportes,68673,PSE,App móvil,Android,Medellín,5,5,No
TXN-0000929,2023-06-29,33021,Deportes,199842,Billetera digital,Sitio web,Desktop,Bogotá,5,5,No
TXN-0007283,2023-03-12,13311,Hogar,233999,Contraentrega,App móvil,Desktop,Medellín,1,5,No
TXN-0007295,2022-06-01,10574,Electrónica,794758,Tarjeta crédito,App móvil,Desktop,Medellín,4,5,No
TXN-0000604,2022-04-15,13646,Electrónica,471212,Tarjeta débito,App móvil,Android,Barranquilla,6,5,No
TXN-0005331,,32253,Moda,146157,Tarjeta crédito,App móvil,Desktop,Pereira,5,5,No
TXN-0003346,2023-10-09,29022,Belleza,63269,Billetera digital,App móvil,Android,Medellín,7,5,No
TXN-0005215,2024-09-19,35835,Moda,129420,Tarjeta crédito,App móvil,Android,Bogotá,4,5,No
TXN-0006526,2024-08-11,20328,Juguetes,85583,PSE,App móvil,Android,Bogotá,8,3,No
TXN-0005224,2023-08-17,58565,Belleza,99037,PSE,Sitio web,Android,Barranquilla,1,5,No
TXN-0001465,2024-08-24,43507,Deportes,101547,PSE,Sitio web,Android,Cartagena,5,5,No
TXN-0003446,2024-12-18,36154,Deportes,142130,Tarjeta crédito,App móvil,Android,Cali,4,5,No
TXN-0000806,2024-12-29,16314,Juguetes,139945,PSE,Sitio web,Android,Bucaramanga,10,3,No
TXN-0000662,2024-05-17,18713,Tecnología,1352379,Tarjeta crédito,App móvil,iOS,Barranquilla,8,5,No
TXN-0004283,2024-04-09,51674,Mascotas,62659,Billetera digital,App móvil,Android,Pereira,4,5,No
TXN-0007001,2024-04-27,57947,Libros,67290,Tarjeta crédito,App móvil,Desconocido,Cali,4,5,No
TXN-0000212,2022-06-01,11040,Hogar,269264,Tarjeta crédito,App móvil,iOS,Cali,5,5,No
TXN-0007319,2023-01-10,50426,Electrónica,1107153,PSE,App móvil,iOS,Cali,5,5,No
TXN-0006151,2022-03-12,37503,Alimentos,47074,Tarjeta débito,App móvil,Desktop,Manizales,5,5,No
TXN-0006837,2024-06-28,29118,Electrónica,468126,Contraentrega,Sitio web,Android,Cali,6,5,No
TXN-0003158,2023-06-09,45758,Hogar,271634,Contraentrega,App móvil,Android,Medellín,4,5,No
TXN-0002829,2022-03-27,28765,Libros,31940,Contraentrega,App móvil,Android,Medellín,6,5,No
TXN-0000117,2023-09-20,47527,Mascotas,59863,Contraentrega,App móvil,iOS,Manizales,3,5,Sí
TXN-0004159,2024-06-01,46137,Moda,67503,Tarjeta crédito,App móvil,Desktop,Barranquilla,7,5,No
TXN-0004728,2024-07-18,13231,Deportes,190043,Contraentrega,Sitio web,Android,Medellín,7,5,No
TXN-0002568,,38992,Belleza,72225,PSE,App móvil,Android,Barranquilla,5,5,No
TXN-0001831,2023-08-07,27475,Alimentos,46565,Tarjeta débito,App móvil,Android,Medellín,4,5,No
TXN-0003984,2023-09-28,57481,Electrónica,280864,Tarjeta débito,App móvil,iOS,Medellín,5,5,No
TXN-0000043,2023-04-30,16330,Belleza,75752,Contraentrega,Sitio web,iOS,Medellín,7,5,No
TXN-0001071,2024-11-30,53143,Tecnología,1571597,Billetera digital,App móvil,Android,Bogotá,3,5,No
TXN-0004103,2023-05-05,-1,Deportes,154233,Tarjeta crédito,App móvil,iOS,Barranquilla,6,5,No
TXN-0004385,2022-09-05,44573,Hogar,105460,Tarjeta crédito,App móvil,iOS,Bucaramanga,6,5,No
TXN-0001607,2023-09-11,53526,Tecnología,1687463,Tarjeta crédito,Sitio web,Android,Cartagena,4,5,No
TXN-0006019,2024-02-06,22112,Electrónica,272402,Billetera digital,Sitio web,Android,Medellín,2,5,No
TXN-0004553,2023-08-25,30598,Electrónica,843428,Tarjeta crédito,App móvil,Desktop,Cartagena,5,5,No
TXN-0000113,2022-06-17,57015,Deportes,191124,Tarjeta débito,App móvil,iOS,Medellín,2,5,No
TXN-0000983,2024-09-20,59597,Libros,24191,PSE,App móvil,iOS,Bogotá,4,5,No
TXN-0006064,2024-02-17,31642,Moda,184302,Billetera digital,App móvil,Android,Cali,3,5,No
TXN-0003038,2023-05-28,44626,Mascotas,49907,Tarjeta crédito,App móvil,iOS,Medellín,2,5,No
TXN-0000544,2022-05-23,54711,Libros,38320,Tarjeta crédito,App móvil,iOS,Bogotá,6,5,No
TXN-0001158,2022-10-31,37427,Moda,54270,Billetera digital,Sitio web,Android,Ibagué,3,5,No
TXN-0007631,2022-02-28,50407,Belleza,66257,PSE,Sitio web,Android,Barranquilla,5,5,No
TXN-0007255,2022-07-21,46151,Mascotas,11702,Tarjeta débito,App móvil,Android,Cali,4,5,No
TXN-0005795,,19486,Belleza,65603,Billetera digital,App móvil,Android,Medellín,6,5,No
TXN-0003279,2024-10-26,58538,Belleza,35789,Contraentrega,Sitio web,Android,Bogotá,7,5,No
TXN-0002925,2023-07-04,43402,Tecnología,319894,Tarjeta crédito,App móvil,Desktop,Medellín,1,5,No
TXN-0003901,2023-08-16,52090,Electrónica,1120808,Tarjeta débito,App móvil,Android,Bogotá,3,5,No
TXN-0000789,2023-09-10,28333,Moda,105807,Contraentrega,Sitio web,Android,Barranquilla,5,5,No
TXN-0007410,2023-02-24,59949,Hogar,81120,Tarjeta crédito,Sitio web,iOS,Bogotá,2,5,No
TXN-0001328,2022-02-05,26939,Belleza,109039,Tarjeta crédito,Sitio web,Desconocido,Bucaramanga,7,5,No
TXN-0006193,2024-12-27,44572,Moda,182297,Contraentrega,App móvil,Desktop,Cúcuta,4,5,No
TXN-0003756,2022-10-28,51208,Electrónica,854218,Tarjeta crédito,App móvil,Android,Barranquilla,6,5,No
TXN-0003061,2023-11-02,45318,Alimentos,58128,Tarjeta débito,App móvil,iOS,Medellín,2,5,No
TXN-0004399,,50350,Libros,23121,Tarjeta débito,App móvil,Android,Bogotá,5,5,No
TXN-0005613,2022-05-19,38108,Alimentos,16353,PSE,App móvil,Desktop,Bucaramanga,2,5,No
TXN-0003806,2022-01-18,54045,Electrónica,732568,Tarjeta débito,App móvil,iOS,Cali,5,5,No
TXN-0000681,2024-05-24,23153,Hogar,160719,Tarjeta débito,Sitio web,Android,Cali,5,5,No
TXN-0002017,2024-04-01,50249,Libros,30862,Contraentrega,App móvil,Android,Cartagena,3,5,No
TXN-0005024,2022-09-09,31127,Juguetes,169692,Contraentrega,Sitio web,Android,Cali,4,5,No
TXN-0001214,2022-11-09,49184,Moda,102578,Tarjeta débito,Sitio web,Android,Bogotá,5,5,No
TXN-0006464,2022-05-20,55704,Electrónica,406504,Tarjeta crédito,Sitio web,iOS,Medellín,5,5,No
TXN-0001812,2024-08-05,11644,Belleza,114621,Tarjeta crédito,App móvil,iOS,Bogotá,6,5,No
TXN-0004305,2024-02-25,58215,Juguetes,55283,Tarjeta débito,Sitio web,Desktop,Ibagué,6,5,No
TXN-0007692,2023-01-12,41246,Libros,24756,PSE,App móvil,Android,Bogotá,5,5,No
TXN-0005927,2023-08-04,25178,Libros,62539,Tarjeta crédito,Sitio web,Android,Bogotá,2,5,No
TXN-0004594,2023-01-02,53159,Moda,173551,PSE,App móvil,Android,Cali,5,5,No
TXN-0002985,2024-09-10,49215,Alimentos,32003,Tarjeta débito,Sitio web,Android,Medellín,6,5,No
TXN-0004359,2024-05-15,48827,Belleza,87472,Tarjeta débito,App móvil,Android,Bogotá,4,5,No
TXN-0001952,2024-10-21,44583,Moda,53460,Tarjeta débito,Sitio web,Desktop,Barranquilla,4,5,No
TXN-0003467,2023-12-21,57725,Hogar,256360,Tarjeta débito,Sitio web,Android,Cali,5,5,No
TXN-0004806,2023-07-31,-1,Electrónica,713616,Tarjeta crédito,Sitio web,iOS,Bogotá,4,5,No
TXN-0000510,,58101,Deportes,170311,PSE,Sitio web,Desktop,Bucaramanga,4,5,No
TXN-0003566,2024-03-19,33391,Moda,122060,Tarjeta crédito,App móvil,Android,Pereira,10,5,Sí
TXN-0007158,2022-08-15,38640,Belleza,96204,Tarjeta crédito,App móvil,Android,Cali,5,5,No
TXN-0006778,2022-12-29,54466,Deportes,160026,Tarjeta débito,App móvil,Desktop,Medellín,4,5,No
TXN-0006945,2024-03-18,-1,Tecnología,794250,PSE,Sitio web,iOS,Cúcuta,8,4,No
TXN-0007055,2023-04-10,36866,Electrónica,306394,Contraentrega,App móvil,Android,Medellín,4,5,No
TXN-0004646,2023-01-18,23229,Belleza,65837,PSE,App móvil,Desktop,Manizales,4,5,Sí
TXN-0000077,,46729,Tecnología,1073208,Tarjeta débito,App móvil,Android,Bogotá,5,5,No
TXN-0000189,2023-06-28,19473,Alimentos,27755,Tarjeta crédito,App móvil,Android,Cali,7,5,No
TXN-0003406,2023-12-31,39791,Moda,75013,PSE,App móvil,iOS,Medellín,3,5,No
TXN-0002023,,48529,Juguetes,71075,Tarjeta débito,App móvil,Android,Bogotá,6,5,No
TXN-0003058,2023-12-26,19206,Juguetes,116503,Contraentrega,Sitio web,iOS,Cali,6,5,No
TXN-0007320,2022-07-17,28907,Moda,184065,Tarjeta crédito,App móvil,Desktop,Medellín,2,5,No
TXN-IMPUTADO-0112,2023-11-13,44405,Belleza,57542,Tarjeta débito,Sitio web,iOS,Medellín,5,5,No
TXN-0006045,2023-08-13,16221,Alimentos,78606,PSE,Sitio web,Android,Cali,5,5,No
TXN-0000974,2022-01-21,56185,Electrónica,487019,PSE,App móvil,Desktop,Cúcuta,7,5,Sí
TXN-0002377,2023-02-20,35846,Alimentos,62591,Tarjeta débito,Sitio web,iOS,Medellín,3,5,No
TXN-0000161,2024-08-22,24137,Hogar,103141,Contraentrega,Sitio web,Android,Cartagena,10,3,No
TXN-0005449,2023-02-27,15771,Deportes,133349,Tarjeta crédito,Sitio web,iOS,Barranquilla,5,5,No
TXN-0003031,2022-06-19,13540,Hogar,209928,PSE,Sitio web,Android,Cartagena,3,5,No
TXN-0007259,2023-12-21,47977,Libros,62980,Contraentrega,Sitio web,Desktop,Bogotá,5,5,No
TXN-0007047,2022-09-30,43420,Hogar,166709,Tarjeta débito,App móvil,Android,Bogotá,5,5,No
TXN-0001853,2023-05-04,55889,Alimentos,13670,Contraentrega,App móvil,Android,Cartagena,5,5,No
TXN-0007157,2022-09-02,43028,Belleza,135162,Contraentrega,App móvil,Android,Ibagué,7,5,No
TXN-0000811,2023-05-06,47490,Deportes,128083,Billetera digital,Sitio web,Desktop,Bogotá,3,5,No
TXN-0006047,2023-12-27,26321,Moda,99129,Billetera digital,App móvil,Desktop,Bogotá,5,5,No
TXN-0005714,2022-09-20,19973,Electrónica,722101,Billetera digital,Sitio web,Desktop,Bogotá,7,5,No
TXN-0004404,2022-11-14,15678,Juguetes,92037,Contraentrega,App móvil,iOS,Bucaramanga,1,5,No
TXN-0002987,2022-05-07,24956,Alimentos,36401,Contraentrega,App móvil,Android,Bucaramanga,4,5,Sí
TXN-0002594,2022-06-17,50277,Tecnología,1136497,Tarjeta débito,Sitio web,Android,Medellín,7,5,Sí
TXN-0003630,2022-06-04,-1,Juguetes,56350,Tarjeta débito,App móvil,iOS,Cali,3,5,No
TXN-0006793,2022-01-03,-1,Deportes,143909,Tarjeta crédito,Sitio web,Desktop,Cali,7,5,No
TXN-0000324,2023-06-02,31020,Tecnología,773899,Billetera digital,Sitio web,Android,Medellín,4,5,No
TXN-0004697,2022-04-17,29110,Belleza,42646,Tarjeta crédito,App móvil,Desconocido,Bucaramanga,2,5,No
TXN-0002491,2022-08-26,26689,Deportes,165920,Billetera digital,Sitio web,Android,Bogotá,4,5,No
TXN-0007344,2022-06-24,32463,Mascotas,81469,Tarjeta crédito,App móvil,iOS,Medellín,5,5,No
TXN-0002498,2023-02-20,18243,Moda,5000,Tarjeta débito,App móvil,Android,Ibagué,6,5,No
TXN-0001175,2023-01-15,57754,Moda,71514,Tarjeta crédito,Sitio web,Android,Cartagena,3,5,No
TXN-0000796,2022-11-09,29836,Alimentos,85304,Tarjeta crédito,Sitio web,Android,Cúcuta,4,5,No
TXN-0007794,2023-12-24,24783,Mascotas,90103,Tarjeta débito,Sitio web,Android,Cali,3,5,No
TXN-0001993,2024-06-13,19405,Belleza,71598,Billetera digital,Sitio web,Desktop,Ibagué,2,5,No
TXN-0002434,2024-03-19,58915,Tecnología,98006,PSE,App móvil,Android,Bogotá,8,3,No
TXN-0000631,2023-06-24,16721,Moda,60902,Tarjeta crédito,Sitio web,Android,Barranquilla,3,5,No
TXN-0005135,2022-02-25,23609,Hogar,99934,Tarjeta crédito,Sitio web,Android,Cali,4,5,No
TXN-0005512,2023-10-06,42138,Deportes,210490,Tarjeta débito,App móvil,iOS,Bogotá,2,5,No
TXN-0006318,2022-02-03,38019,Hogar,122282,Contraentrega,App móvil,Android,Cúcuta,4,5,No
TXN-0000255,2023-02-17,-1,Belleza,71628,Contraentrega,App móvil,Desktop,Bogotá,6,5,No
TXN-0005849,2024-07-05,26831,Alimentos,76504,Tarjeta débito,App móvil,Android,Medellín,4,5,No
TXN-0006833,2023-08-06,31626,Hogar,178624,Contraentrega,App móvil,iOS,Medellín,5,5,No
TXN-0005322,2024-02-09,20806,Mascotas,39563,Contraentrega,Sitio web,Desktop,Cali,3,5,No
TXN-0000553,2024-11-07,26514,Belleza,81606,Tarjeta crédito,App móvil,Android,Bucaramanga,5,5,No
TXN-0006639,2024-04-16,47178,Hogar,106685,Billetera digital,App móvil,Android,Bucaramanga,4,5,No
TXN-0007046,2024-06-25,34605,Moda,133643,Billetera digital,App móvil,iOS,Bogotá,7,5,No
TXN-0006067,2022-08-30,49707,Electrónica,352698,PSE,Sitio web,iOS,Bucaramanga,5,5,No
TXN-0002939,2022-05-29,45717,Hogar,99976,Contraentrega,Sitio web,Android,Barranquilla,7,5,No
TXN-0003606,2024-04-25,20157,Tecnología,1255165,Tarjeta débito,App móvil,Android,Cali,7,5,No
TXN-0006881,2022-07-18,50620,Hogar,224598,Contraentrega,App móvil,Android,Bogotá,3,5,No
TXN-0006818,2023-06-15,56426,Tecnología,830122,Tarjeta crédito,App móvil,Android,Bucaramanga,7,5,No
TXN-0003332,2023-09-30,18284,Hogar,108914,Tarjeta crédito,App móvil,Desktop,Bucaramanga,5,5,No
TXN-0007939,2022-05-12,44401,Mascotas,48468,Tarjeta crédito,Sitio web,Android,Cúcuta,4,5,No
TXN-0002523,2024-08-27,27178,Moda,186101,PSE,Sitio web,Android,Cali,3,5,No
TXN-0002410,,39381,Hogar,136458,PSE,App móvil,iOS,Cartagena,5,5,No
TXN-0004575,2023-05-04,21913,Hogar,193178,PSE,App móvil,Desktop,Barranquilla,2,5,No
TXN-0004067,2022-10-21,35206,Hogar,226236,Tarjeta débito,App móvil,Android,Bogotá,6,5,No
TXN-0007396,2022-02-16,39670,Juguetes,59913,PSE,App móvil,iOS,Bogotá,4,5,No
TXN-0006642,2023-05-15,23796,Belleza,54721,Tarjeta débito,App móvil,iOS,Ibagué,2,5,No
TXN-0002218,2024-06-01,44106,Moda,180308,Contraentrega,Sitio web,Desktop,Pereira,8,4,No
TXN-0003181,2022-02-19,43340,Tecnología,1524035,Tarjeta crédito,Sitio web,Android,Ibagué,4,5,No
TXN-0001100,2022-09-16,16655,Mascotas,110753,PSE,Sitio web,iOS,Bucaramanga,2,5,No
TXN-0001635,2024-02-12,36608,Electrónica,288292,Tarjeta crédito,App móvil,Android,Ibagué,5,5,No
TXN-0001610,2023-03-01,12802,Electrónica,938808,PSE,App móvil,Desktop,Barranquilla,1,5,No
TXN-0002768,2024-05-08,39540,Hogar,141585,Tarjeta crédito,App móvil,Android,Bogotá,1,5,No
TXN-0002418,2023-02-05,58258,Deportes,37836,Tarjeta débito,App móvil,Android,Medellín,3,5,No
TXN-0004366,2023-06-14,42350,Alimentos,54394,Tarjeta crédito,App móvil,iOS,Bogotá,8,3,No
TXN-0007116,2022-05-31,30802,Hogar,151552,Contraentrega,Sitio web,iOS,Bogotá,3,5,No
TXN-0005988,2022-11-28,52707,Deportes,216513,PSE,App móvil,Desktop,Bogotá,3,5,Sí
TXN-0001534,2023-04-15,58853,Tecnología,987725,Tarjeta débito,App móvil,iOS,Cali,2,5,No
TXN-0002767,2022-02-25,46625,Mascotas,77925,Tarjeta débito,Sitio web,Android,Cali,1,5,No
TXN-0003021,2022-03-11,24201,Tecnología,724932,Tarjeta crédito,App móvil,Android,Bogotá,5,5,No
TXN-0000515,2024-02-27,24135,Electrónica,45645,PSE,App móvil,iOS,Bogotá,3,5,No
TXN-0006854,2023-05-02,16065,Juguetes,54174,Billetera digital,Sitio web,Android,Barranquilla,4,5,No
TXN-0000211,2022-08-24,42460,Moda,136937,PSE,Sitio web,Android,Bogotá,1,5,No
TXN-0007212,2022-05-02,20121,Deportes,122465,Billetera digital,Sitio web,Android,Bogotá,1,5,No
TXN-0002980,2022-05-29,32664,Electrónica,1077614,Tarjeta crédito,Sitio web,iOS,Pereira,6,5,No
TXN-IMPUTADO-0113,2024-08-20,15147,Hogar,240810,Billetera digital,App móvil,Desconocido,Barranquilla,2,5,No
TXN-0005574,2022-05-19,19389,Hogar,74013,Tarjeta crédito,App móvil,Android,Bogotá,4,5,No
TXN-0000585,2024-11-08,19686,Belleza,28956,Tarjeta crédito,Sitio web,Desktop,Barranquilla,7,5,No
TXN-0000366,2023-09-12,24741,Moda,111263,Tarjeta débito,App móvil,Desktop,Medellín,2,5,No
TXN-0004069,2023-10-17,26285,Moda,110594,Tarjeta débito,App móvil,Android,Medellín,5,5,No
TXN-0004685,2022-08-10,36311,Deportes,245002,Tarjeta crédito,Sitio web,Android,Bucaramanga,4,5,No
TXN-0001618,2022-06-03,29932,Tecnología,390897,Billetera digital,App móvil,Android,Bucaramanga,6,5,No
TXN-0004468,2022-09-30,44859,Deportes,90703,Tarjeta crédito,Sitio web,Android,Cartagena,2,5,No
TXN-0007097,2023-11-21,36456,Moda,124455,Contraentrega,App móvil,Android,Medellín,5,5,No
TXN-IMPUTADO-0114,2024-05-18,47961,Juguetes,106805,PSE,App móvil,Android,Medellín,6,5,No
TXN-0000846,2024-11-25,10570,Deportes,180293,Contraentrega,App móvil,Android,Bogotá,3,5,No
TXN-0007088,2024-07-03,49064,Belleza,103622,Tarjeta crédito,App móvil,Desktop,Bogotá,6,5,No
TXN-0002039,2022-02-10,49820,Hogar,133792,Tarjeta crédito,Sitio web,Android,Cúcuta,1,5,No
TXN-0002139,2023-12-27,36936,Mascotas,68173,PSE,App móvil,iOS,Medellín,2,5,No
TXN-0007551,2022-08-22,27223,Belleza,66747,Tarjeta débito,App móvil,Desktop,Cartagena,2,5,No
TXN-0003205,2022-08-07,24772,Hogar,323530,Tarjeta débito,App móvil,Android,Manizales,5,5,No
TXN-0006898,2024-04-06,48905,Electrónica,824544,Tarjeta débito,App móvil,iOS,Bucaramanga,6,5,No
TXN-0004654,2024-08-28,15648,Moda,42268,Tarjeta débito,Sitio web,Android,Cali,6,5,No
TXN-0004861,2023-03-10,41508,Tecnología,789962,Contraentrega,Sitio web,Desktop,Bogotá,3,5,No
TXN-0001926,2024-05-24,19944,Juguetes,163594,Contraentrega,App móvil,Android,Medellín,5,5,No
TXN-0006755,,17864,Mascotas,15059,Tarjeta débito,App móvil,Android,Barranquilla,7,5,No
TXN-0000393,2022-01-21,29861,Moda,82176,PSE,App móvil,Android,Medellín,4,5,No
TXN-IMPUTADO-0115,2022-05-03,24473,Moda,119939,PSE,App móvil,Desktop,Medellín,3,5,No
TXN-0004434,2022-08-21,42019,Juguetes,76629,Contraentrega,App móvil,iOS,Bogotá,2,5,No
TXN-0001980,2022-09-20,43211,Belleza,93836,Tarjeta débito,App móvil,Android,Manizales,4,5,No
TXN-0005360,2024-07-10,26553,Belleza,60328,Contraentrega,App móvil,Android,Medellín,6,5,No
TXN-0001978,2024-05-18,16370,Juguetes,84773,PSE,Sitio web,Desktop,Barranquilla,4,5,No
TXN-0006373,2023-09-17,22970,Belleza,85021,Tarjeta crédito,App móvil,iOS,Ibagué,2,5,No
TXN-0007532,2024-05-23,42570,Libros,56256,Contraentrega,Sitio web,Android,Bogotá,4,5,No
TXN-0007711,2022-12-13,35836,Electrónica,441189,Tarjeta crédito,Sitio web,iOS,Cali,2,5,No
TXN-IMPUTADO-0116,2023-12-25,16355,Hogar,161076,Tarjeta débito,App móvil,iOS,Manizales,3,5,No
TXN-IMPUTADO-0117,2024-11-01,26882,Belleza,100326,Tarjeta débito,App móvil,Desktop,Bogotá,5,5,No
TXN-0005851,2024-01-13,14744,Juguetes,24783,PSE,App móvil,Desktop,Bogotá,4,5,No
TXN-0001855,2024-02-18,47943,Alimentos,5000,Tarjeta crédito,Sitio web,Android,Cali,6,5,No
TXN-0003096,2023-05-14,22023,Moda,168963,Tarjeta crédito,App móvil,iOS,Manizales,1,5,No
TXN-0003245,2024-02-16,56367,Tecnología,1040938,Tarjeta débito,App móvil,Android,Ibagué,1,5,No
TXN-0002224,2024-07-13,42300,Alimentos,27310,Tarjeta débito,Sitio web,Android,Ibagué,2,5,No
TXN-0007377,2024-06-06,19488,Libros,23497,Billetera digital,Sitio web,iOS,Pereira,8,3,No
TXN-0000496,,57339,Alimentos,43368,PSE,App móvil,Android,Barranquilla,3,5,No
TXN-0006086,2022-11-22,28708,Electrónica,662400,Tarjeta crédito,App móvil,Android,Barranquilla,4,5,No
TXN-0004537,2023-07-30,30331,Juguetes,139242,PSE,Sitio web,Android,Medellín,5,5,No
TXN-0007048,2024-08-18,29557,Juguetes,115106,Tarjeta crédito,App móvil,iOS,Barranquilla,5,5,No
TXN-0001195,2023-06-06,37128,Alimentos,44754,Contraentrega,App móvil,iOS,Bogotá,3,5,No
TXN-0004295,2023-06-12,45921,Moda,92714,Billetera digital,App móvil,iOS,Bucaramanga,2,5,No
TXN-0005134,2024-01-26,58715,Moda,79972,Tarjeta débito,App móvil,iOS,Bogotá,6,5,No
TXN-0003062,2024-10-31,24768,Hogar,202880,Billetera digital,Sitio web,Desktop,Ibagué,5,5,No
TXN-0000319,2023-05-17,47172,Electrónica,595122,Tarjeta débito,Sitio web,iOS,Pereira,1,5,No
TXN-0004730,2024-03-12,37730,Mascotas,84062,Tarjeta crédito,App móvil,iOS,Bogotá,4,5,No
TXN-0003041,2022-04-02,18170,Tecnología,443084,Contraentrega,App móvil,Android,Bogotá,3,5,No
TXN-0001794,2024-04-02,37377,Alimentos,5000,Billetera digital,App móvil,Android,Manizales,5,5,No
TXN-0005528,2024-05-18,19092,Libros,35197,PSE,App móvil,iOS,Bogotá,1,5,No
TXN-0005276,2022-03-25,25210,Electrónica,551376,PSE,App móvil,Android,Bucaramanga,4,5,No
TXN-0006451,2024-05-28,19602,Alimentos,49005,Tarjeta crédito,App móvil,Android,Ibagué,6,5,No
TXN-0003017,2023-06-06,17341,Juguetes,20457,Tarjeta crédito,Sitio web,iOS,Medellín,4,5,Sí
TXN-0006827,2023-03-09,42376,Electrónica,688923,Tarjeta débito,Sitio web,Android,Cali,3,5,No
TXN-0000072,2023-08-13,33303,Alimentos,17781,Tarjeta débito,App móvil,iOS,Bogotá,5,5,No
TXN-0003854,2023-12-21,15789,Electrónica,676381,Billetera digital,App móvil,Android,Medellín,3,5,No
TXN-0000638,2024-01-21,20668,Deportes,241540,Contraentrega,App móvil,iOS,Bogotá,7,5,No
TXN-0007657,2023-04-19,24366,Moda,50414,Tarjeta débito,Sitio web,Android,Cali,5,5,No
TXN-0002265,2024-10-29,29069,Electrónica,812283,Tarjeta crédito,Sitio web,Android,Bogotá,3,5,No
TXN-0002092,2023-12-24,42908,Electrónica,817725,PSE,App móvil,Desktop,Bogotá,5,5,No
TXN-0006478,2023-11-16,11503,Alimentos,68813,Contraentrega,Sitio web,Desktop,Cúcuta,4,5,No
TXN-0002277,2022-09-03,50458,Deportes,131359,Tarjeta crédito,Sitio web,iOS,Medellín,1,5,No
TXN-0006136,2022-11-07,54409,Moda,41350,PSE,App móvil,Android,Bogotá,2,5,No
TXN-0000802,2024-09-26,21587,Mascotas,69581,Tarjeta débito,App móvil,Android,Medellín,2,5,No
TXN-IMPUTADO-0118,2023-08-05,31340,Alimentos,65881,Billetera digital,App móvil,iOS,Bogotá,4,5,No
TXN-0002403,2024-12-04,43938,Electrónica,906128,Tarjeta crédito,App móvil,Android,Medellín,3,5,No
TXN-0001680,2022-01-06,18077,Hogar,210162,Billetera digital,App móvil,iOS,Pereira,7,5,No
TXN-0003431,2024-07-28,16946,Moda,199543,Tarjeta crédito,Sitio web,iOS,Manizales,3,5,No
TXN-0001235,2022-09-22,40427,Moda,130915,Tarjeta crédito,Sitio web,Desktop,Barranquilla,6,5,No
TXN-0000397,2022-08-18,50516,Moda,103847,Tarjeta débito,App móvil,Android,Cali,5,5,No
TXN-0003312,2022-10-05,14440,Belleza,97297,Billetera digital,Sitio web,Desktop,Manizales,4,5,No
TXN-0001099,2022-10-04,13599,Electrónica,796577,Tarjeta débito,App móvil,iOS,Ibagué,6,5,No
TXN-0002189,2024-10-30,22604,Moda,71966,Contraentrega,App móvil,Android,Bogotá,4,5,No
TXN-0002671,2024-12-30,47311,Belleza,81728,Tarjeta crédito,App móvil,Android,Bogotá,3,5,No
TXN-0000566,2022-07-11,35234,Electrónica,301701,Tarjeta crédito,App móvil,Android,Cali,4,5,No
TXN-0005377,2023-02-09,25673,Juguetes,96962,Tarjeta crédito,App móvil,Android,Bogotá,4,5,No
TXN-0005872,2023-06-19,50789,Belleza,70660,Tarjeta crédito,App móvil,Desktop,Ibagué,4,5,No
TXN-0003967,2022-08-21,14683,Moda,169339,Contraentrega,App móvil,Android,Cúcuta,2,5,No
TXN-0006530,2024-12-15,47589,Alimentos,41608,Tarjeta crédito,Sitio web,Android,Medellín,6,5,No
TXN-0001260,2022-07-24,17996,Moda,203617,PSE,Sitio web,Android,Medellín,3,5,No
TXN-0000537,2023-02-07,47843,Deportes,213125,Tarjeta débito,App móvil,Desktop,Bogotá,3,5,No
TXN-IMPUTADO-0119,2024-11-23,53786,Deportes,131959,Tarjeta débito,App móvil,Android,Cúcuta,2,5,No
TXN-0001596,2024-12-12,21376,Belleza,112330,Billetera digital,App móvil,Desktop,Cali,7,5,No
TXN-0002644,2023-11-24,37813,Juguetes,48799,Tarjeta crédito,Sitio web,Android,Cartagena,6,5,No
TXN-0000240,2022-12-20,24069,Libros,41547,Tarjeta crédito,Sitio web,Android,Manizales,3,5,No
TXN-0000724,2023-12-17,45198,Electrónica,529228,Tarjeta crédito,App móvil,Android,Cali,4,5,No
TXN-0005568,2024-08-04,53410,Juguetes,53613,Billetera digital,Sitio web,iOS,Barranquilla,6,5,No
TXN-0003973,2023-10-31,37436,Electrónica,339938,Tarjeta crédito,App móvil,iOS,Medellín,9,3,No
TXN-0002145,2024-09-22,18824,Tecnología,495011,PSE,App móvil,Android,Ibagué,6,5,No
TXN-0004015,2024-01-03,42365,Deportes,110900,Contraentrega,App móvil,Android,Bogotá,10,4,No
TXN-0003256,2022-10-26,26720,Alimentos,29805,Tarjeta débito,App móvil,Desktop,Bogotá,7,5,No
TXN-0001375,2022-11-21,48896,Moda,103548,Tarjeta débito,Sitio web,iOS,Ibagué,5,5,Sí
TXN-0001748,2024-11-20,28629,Electrónica,944307,PSE,App móvil,Android,Medellín,3,5,No
TXN-0002997,2024-08-09,29308,Alimentos,47386,Billetera digital,App móvil,Android,Barranquilla,2,5,No
TXN-0004265,2023-11-20,16021,Alimentos,38723,PSE,Sitio web,Android,Pereira,6,5,No
TXN-0007663,,12912,Moda,217954,PSE,Sitio web,iOS,Barranquilla,4,5,No
TXN-0001333,2022-06-07,45827,Alimentos,34084,PSE,App móvil,iOS,Cartagena,2,5,No
TXN-0006671,2023-02-08,20393,Electrónica,210101,Billetera digital,App móvil,Desktop,Barranquilla,1,5,No
TXN-0000478,2023-01-31,35348,Electrónica,724208,Contraentrega,App móvil,Android,Medellín,4,5,No
TXN-0003899,2024-04-20,30724,Electrónica,333290,Tarjeta crédito,App móvil,Android,Bogotá,2,5,No
TXN-0006326,2024-08-17,54871,Moda,70435,PSE,Sitio web,iOS,Cali,3,5,No
TXN-0003818,2024-01-11,24989,Tecnología,1105729,Tarjeta débito,App móvil,Android,Bogotá,5,5,No
TXN-0000836,2022-08-09,33100,Juguetes,67438,Billetera digital,App móvil,Android,Cali,4,5,No
TXN-0003831,2022-04-14,26759,Tecnología,1749580,Tarjeta débito,Sitio web,Desktop,Medellín,6,5,No
TXN-0002612,2024-06-08,47084,Electrónica,453441,PSE,Sitio web,Desktop,Cali,5,5,No
TXN-0001418,2024-06-05,-1,Juguetes,86967,PSE,App móvil,Android,Bogotá,2,5,No
TXN-0001851,2023-11-03,23531,Hogar,198153,Tarjeta crédito,Sitio web,Android,Ibagué,6,5,No
TXN-0003449,2022-05-12,37680,Mascotas,41601,Tarjeta crédito,App móvil,Desktop,Medellín,5,5,No
TXN-0006650,2022-03-18,15944,Alimentos,61786,Tarjeta crédito,Sitio web,Desktop,Cali,5,5,No
TXN-0004486,2024-06-08,48588,Libros,47472,Billetera digital,App móvil,Android,Cali,2,5,No
TXN-0002414,2024-10-10,19718,Electrónica,271876,Contraentrega,Sitio web,Android,Medellín,4,5,No
TXN-0004999,2024-11-04,35940,Hogar,160595,PSE,Sitio web,Android,Medellín,1,5,Sí
TXN-0007246,2023-11-18,49985,Alimentos,29342,Tarjeta débito,Sitio web,Android,Barranquilla,6,5,No
TXN-0006544,2022-08-19,58364,Mascotas,88531,Tarjeta crédito,App móvil,Desktop,Cúcuta,10,4,No
TXN-0007913,2022-10-05,12261,Deportes,178880,Tarjeta débito,Sitio web,iOS,Cali,2,5,Sí
TXN-0003765,2022-10-12,17227,Hogar,249155,Contraentrega,App móvil,Android,Barranquilla,6,5,No
TXN-0004838,2024-03-10,18892,Hogar,130739,Tarjeta crédito,Sitio web,Android,Barranquilla,5,5,No
TXN-0000882,2023-01-19,54881,Hogar,178391,Tarjeta débito,App móvil,Android,Bogotá,2,5,Sí
TXN-0005850,2023-09-26,11661,Electrónica,945697,Billetera digital,App móvil,Android,Bucaramanga,3,5,No
TXN-0001456,2024-03-02,48130,Moda,115883,Billetera digital,App móvil,Desktop,Bogotá,4,5,No
TXN-0003943,2023-01-14,59331,Moda,111031,Tarjeta débito,App móvil,Desktop,Ibagué,3,5,No
TXN-0003207,2022-06-05,36976,Juguetes,119309,Tarjeta débito,Sitio web,Android,Bucaramanga,5,5,No
TXN-0006904,2024-01-06,17153,Libros,13026,Contraentrega,Sitio web,Android,Medellín,5,5,No
TXN-0001513,,33318,Alimentos,25510,PSE,Sitio web,Android,Bucaramanga,3,5,No
TXN-0000442,2022-06-30,37598,Electrónica,570403,Tarjeta débito,App móvil,iOS,Bogotá,5,5,No
TXN-0007018,2022-04-30,54649,Alimentos,65814,Tarjeta débito,App móvil,iOS,Ibagué,4,5,No
TXN-0000265,2023-11-24,28795,Alimentos,10540,Tarjeta crédito,App móvil,Android,Barranquilla,2,5,No
TXN-0006790,2022-07-28,59236,Tecnología,1839605,Tarjeta crédito,App móvil,Android,Barranquilla,3,5,No
TXN-0003638,2023-01-13,13309,Electrónica,867568,Tarjeta débito,App móvil,Android,Cartagena,7,5,No
TXN-0004214,2024-09-16,47657,Libros,66063,Tarjeta crédito,Sitio web,Android,Cartagena,3,5,No
TXN-0003647,2022-07-12,27763,Deportes,13909,Tarjeta crédito,Sitio web,iOS,Medellín,9,5,No
TXN-0002835,2024-10-08,37340,Belleza,52245,Contraentrega,Sitio web,iOS,Cali,6,5,No
TXN-0007074,2022-12-25,12375,Juguetes,73296,Tarjeta crédito,App móvil,Android,Barranquilla,6,5,No
TXN-0005435,2024-02-06,20730,Electrónica,783800,PSE,App móvil,Android,Cartagena,4,5,No
TXN-0006346,2022-11-26,10890,Hogar,131691,PSE,Sitio web,iOS,Cali,4,5,No
TXN-0004613,2023-05-22,47598,Moda,141795,Tarjeta crédito,App móvil,iOS,Bogotá,6,5,No
TXN-0004108,2022-05-21,27780,Hogar,323385,Billetera digital,App móvil,iOS,Bogotá,5,5,No
TXN-0007500,2024-01-24,59681,Deportes,147545,PSE,App móvil,Desktop,Bogotá,3,5,No
TXN-0006421,2022-01-01,51585,Electrónica,327475,PSE,Sitio web,Desktop,Bucaramanga,3,5,No
TXN-0000871,2022-10-26,53608,Moda,118424,Tarjeta crédito,Sitio web,iOS,Medellín,2,5,No
TXN-0004179,2023-12-08,22835,Hogar,242622,Contraentrega,Sitio web,iOS,Bucaramanga,8,3,No
TXN-0001662,2022-04-15,21538,Belleza,76859,Tarjeta crédito,Sitio web,Desktop,Ibagué,7,5,No
TXN-0006046,2024-04-10,25779,Moda,174967,Tarjeta crédito,App móvil,iOS,Cartagena,1,5,No
TXN-0000717,2022-05-21,45168,Mascotas,104529,PSE,App móvil,iOS,Bogotá,3,5,Sí
TXN-0000725,2023-08-07,58051,Electrónica,589121,Tarjeta crédito,App móvil,Android,Manizales,1,5,Sí
TXN-0005077,2024-04-04,44170,Juguetes,100816,Contraentrega,Sitio web,Android,Medellín,3,5,No
TXN-0005632,2022-12-14,38599,Belleza,73054,Tarjeta crédito,Sitio web,iOS,Pereira,6,5,No
TXN-0001470,2022-10-14,40396,Tecnología,746483,Tarjeta débito,App móvil,iOS,Bogotá,1,5,No
TXN-0007764,2024-07-27,49009,Alimentos,35548,Tarjeta crédito,Sitio web,iOS,Ibagué,3,5,No
TXN-0007756,2024-04-08,23097,Electrónica,516636,Billetera digital,Sitio web,Android,Bogotá,4,5,No
TXN-0005827,,16068,Alimentos,29739,Tarjeta crédito,App móvil,iOS,Ibagué,3,5,No
TXN-0007519,2024-06-24,30455,Moda,156481,Contraentrega,Sitio web,Desktop,Bogotá,1,5,No
TXN-IMPUTADO-0120,2023-05-02,26670,Electrónica,842378,Tarjeta crédito,App móvil,Android,Bogotá,1,5,No
TXN-0005018,2022-10-29,34772,Hogar,209646,PSE,App móvil,Desktop,Bogotá,5,5,No
TXN-0000155,2023-06-26,53312,Moda,71919,Tarjeta crédito,App móvil,Android,Medellín,5,5,No
TXN-0001159,2023-09-08,54735,Electrónica,201319,Tarjeta débito,App móvil,Android,Barranquilla,5,5,No
TXN-0001947,2023-01-15,15385,Belleza,67052,Tarjeta crédito,Sitio web,Desktop,Cali,2,5,No
TXN-0005196,2022-04-01,46550,Deportes,113587,Tarjeta débito,App móvil,Desktop,Bogotá,2,5,No
TXN-0001417,2024-06-29,41078,Moda,148011,Tarjeta crédito,App móvil,Desktop,Bogotá,1,5,No
TXN-0000909,2023-10-24,27974,Moda,135900,Tarjeta débito,App móvil,Android,Bogotá,4,5,No
TXN-0005986,2023-05-30,14568,Tecnología,435518,PSE,App móvil,Android,Medellín,2,5,No
TXN-0003919,2022-11-11,36787,Tecnología,315345,PSE,Sitio web,iOS,Medellín,4,5,No
TXN-0001873,2023-06-12,21572,Moda,122062,Contraentrega,Sitio web,Desktop,Ibagué,4,5,No
TXN-0006333,2022-04-16,20360,Electrónica,349793,PSE,App móvil,Android,Bogotá,6,5,No
TXN-0003414,2022-03-25,30467,Belleza,69241,Tarjeta crédito,App móvil,Android,Bucaramanga,6,5,No
TXN-0000020,2022-03-16,21500,Libros,46329,PSE,App móvil,Desconocido,Barranquilla,9,3,No
TXN-0003703,2023-08-26,54700,Deportes,176585,Tarjeta débito,App móvil,Desktop,Barranquilla,4,5,No
TXN-0007198,2022-12-13,18844,Tecnología,1866461,Billetera digital,Sitio web,Android,Bogotá,3,5,No
TXN-0002798,2024-04-28,59287,Deportes,163090,Tarjeta débito,Sitio web,Android,Bucaramanga,4,5,No
TXN-0000315,2023-11-30,27570,Moda,154793,Tarjeta crédito,Sitio web,Android,Bogotá,2,5,No
TXN-0000626,2022-02-05,-1,Hogar,270959,PSE,App móvil,Android,Ibagué,2,5,No
TXN-0003316,2023-01-07,47297,Moda,126212,Tarjeta crédito,App móvil,Android,Cúcuta,1,5,No
TXN-0004392,,23655,Alimentos,67893,Tarjeta débito,Sitio web,iOS,Pereira,3,5,No
TXN-0002229,2023-04-11,54884,Belleza,56621,Contraentrega,App móvil,Android,Cartagena,5,5,No
TXN-0000119,,40654,Moda,95929,PSE,App móvil,Android,Bucaramanga,4,5,Sí
TXN-0005609,2022-06-25,-1,Moda,112744,PSE,Sitio web,Android,Cartagena,9,4,No
TXN-0005589,2022-12-28,23225,Moda,136718,PSE,Sitio web,Android,Cali,3,5,No
TXN-0006534,2024-02-29,38826,Moda,108616,PSE,App móvil,Android,Manizales,8,4,No
TXN-0003059,2022-06-15,39724,Moda,235548,PSE,App móvil,Android,Bogotá,7,5,No
TXN-0002668,2022-04-29,35960,Moda,138228,Billetera digital,App móvil,Desktop,Cartagena,3,5,No
TXN-0007439,2023-12-28,30223,Moda,155378,Contraentrega,App móvil,Desktop,Manizales,4,5,No
TXN-0002926,2022-06-04,37924,Moda,179500,Tarjeta débito,Sitio web,Desktop,Bogotá,5,5,No
TXN-0006170,2022-12-08,35816,Deportes,115265,Contraentrega,App móvil,Android,Bogotá,5,5,No
TXN-0002032,2024-10-24,51262,Hogar,197206,Tarjeta crédito,App móvil,Android,Medellín,8,5,No
TXN-0007165,2023-04-19,39474,Belleza,61180,Tarjeta crédito,App móvil,Desktop,Bogotá,6,5,No
TXN-0001862,2024-03-27,49290,Moda,112535,PSE,Sitio web,Android,Medellín,5,5,No
TXN-0003463,2024-07-08,22247,Moda,141402,Billetera digital,App móvil,Android,Bogotá,3,5,No
TXN-0006765,2024-10-17,55589,Moda,117995,PSE,Sitio web,iOS,Bogotá,3,5,No
TXN-IMPUTADO-0121,2023-10-04,59788,Belleza,140168,Billetera digital,App móvil,Desktop,Cartagena,6,5,No
TXN-0000244,2024-01-15,33241,Belleza,48256,Tarjeta crédito,App móvil,Android,Ibagué,9,5,No
TXN-0006729,2024-05-24,51578,Deportes,181515,PSE,App móvil,Android,Bogotá,4,5,No
TXN-0005037,2023-11-16,12188,Libros,63923,Tarjeta crédito,App móvil,Desktop,Ibagué,3,5,No
TXN-0002876,2022-10-03,24475,Moda,128908,Contraentrega,App móvil,Android,Bogotá,2,5,No
TXN-0001883,2024-10-07,15034,Moda,116149,PSE,Sitio web,Desktop,Bogotá,4,5,No
TXN-0007376,2022-01-10,19062,Moda,110586,Tarjeta crédito,App móvil,Android,Bogotá,4,5,No
TXN-0004489,2024-07-22,16944,Alimentos,43389,PSE,App móvil,iOS,Cartagena,2,5,No
TXN-0000005,2024-03-31,23660,Electrónica,1134258,Tarjeta crédito,Sitio web,Android,Pereira,2,5,No
TXN-0004842,2024-05-19,26031,Belleza,75467,Tarjeta crédito,App móvil,Android,Manizales,4,5,No
TXN-0001972,2023-02-01,12686,Mascotas,47892,PSE,App móvil,Android,Bogotá,7,5,No
TXN-0006312,2022-08-13,56481,Electrónica,625595,Tarjeta débito,App móvil,Android,Bogotá,3,5,No
TXN-0002003,2022-10-21,57056,Hogar,187565,Tarjeta débito,App móvil,Desktop,Ibagué,7,5,No
TXN-0006137,2023-03-11,42812,Tecnología,679304,Contraentrega,App móvil,Android,Bucaramanga,2,5,No
TXN-0004743,2024-06-28,13861,Hogar,88264,Tarjeta débito,App móvil,Desktop,Medellín,3,5,No
TXN-0002996,2023-05-10,43348,Electrónica,455778,Tarjeta crédito,App móvil,iOS,Cali,4,5,No
TXN-0003495,2023-01-02,50790,Libros,44874,Tarjeta crédito,Sitio web,iOS,Bogotá,5,5,No
TXN-0005960,2024-11-21,13851,Tecnología,862954,Tarjeta crédito,Sitio web,Desktop,Medellín,4,5,No
TXN-0003574,2024-07-06,45717,Electrónica,409499,Billetera digital,Sitio web,iOS,Cali,9,4,No
TXN-0007925,2024-06-02,17822,Hogar,211169,Tarjeta crédito,App móvil,iOS,Cartagena,6,5,No
TXN-0003176,2023-02-21,46350,Mascotas,101036,Contraentrega,App móvil,Desktop,Cali,4,5,No
TXN-0007993,2023-06-05,29131,Electrónica,646905,Tarjeta débito,App móvil,Desktop,Cali,3,5,No
TXN-0002607,2022-07-20,15437,Deportes,79193,Tarjeta crédito,App móvil,Desktop,Medellín,3,5,No
TXN-0003550,2022-09-29,-1,Belleza,84818,Tarjeta crédito,Sitio web,iOS,Barranquilla,5,5,No
TXN-0005630,2022-01-26,27520,Moda,114111,Tarjeta crédito,Sitio web,Desktop,Pereira,5,5,No
TXN-0006589,,18470,Electrónica,1083439,Contraentrega,Sitio web,Android,Ibagué,7,5,No
TXN-0005222,2024-07-26,44173,Moda,104233,Tarjeta crédito,App móvil,Android,Medellín,1,5,No
TXN-0005348,2023-08-25,51183,Tecnología,974709,Tarjeta crédito,Sitio web,iOS,Manizales,7,5,No
TXN-0000408,2024-06-21,18108,Deportes,96858,PSE,Sitio web,Android,Manizales,3,5,No
TXN-0003283,2024-10-15,47150,Moda,179259,Tarjeta crédito,App móvil,Desktop,Bogotá,2,5,No
TXN-0001914,2023-03-19,35497,Moda,101961,Tarjeta crédito,App móvil,Android,Bucaramanga,5,5,No
TXN-0006942,2022-11-07,53302,Electrónica,6703,Tarjeta crédito,App móvil,Android,Ibagué,4,5,Sí
TXN-0000216,2023-07-22,10069,Hogar,187832,Contraentrega,App móvil,iOS,Medellín,4,5,Sí
TXN-0000932,2024-12-13,39396,Belleza,68358,Tarjeta crédito,App móvil,iOS,Medellín,4,5,Sí
TXN-0005745,2024-04-29,49182,Hogar,122955,PSE,App móvil,Android,Barranquilla,5,5,No
TXN-0002251,2022-07-23,28689,Alimentos,39830,Tarjeta crédito,App móvil,Android,Medellín,5,5,No
TXN-0001488,2023-01-24,20321,Hogar,209498,Tarjeta crédito,App móvil,Android,Bogotá,1,5,No
TXN-0003456,2023-06-28,18931,Belleza,90887,Tarjeta crédito,App móvil,Desktop,Medellín,7,5,No
TXN-0000029,2022-01-26,18852,Electrónica,1099121,Tarjeta crédito,App móvil,iOS,Medellín,3,5,No
TXN-0006502,2024-02-22,41757,Moda,83574,Tarjeta crédito,App móvil,Android,Bogotá,5,5,No
TXN-0000825,2024-08-19,18160,Belleza,74265,Tarjeta crédito,App móvil,Desktop,Cartagena,5,5,No
TXN-0006804,2023-11-04,42941,Electrónica,84113,Tarjeta débito,Sitio web,Android,Bogotá,1,5,No
TXN-0007873,,35113,Moda,137086,Tarjeta crédito,Sitio web,Android,Medellín,3,5,No
TXN-0002190,2022-01-24,47319,Deportes,148231,Tarjeta débito,App móvil,Desktop,Bogotá,4,5,No
TXN-0001462,2024-10-03,44523,Belleza,64105,Tarjeta débito,Sitio web,Android,Cartagena,5,5,No
TXN-0005561,2022-12-22,55131,Hogar,51947,Contraentrega,Sitio web,iOS,Medellín,5,5,Sí
TXN-0004156,,37859,Alimentos,62885,Billetera digital,App móvil,Desktop,Cali,1,5,No
TXN-0004561,2023-11-25,58414,Hogar,126624,Billetera digital,App móvil,iOS,Bogotá,3,5,No
TXN-0003640,2022-05-20,58234,Moda,90444,Tarjeta crédito,Sitio web,Desktop,Barranquilla,3,5,No
TXN-0000136,2024-09-12,25601,Electrónica,714067,Tarjeta crédito,App móvil,Desktop,Medellín,6,5,No
TXN-0003323,2022-07-22,33982,Belleza,62048,Contraentrega,App móvil,iOS,Ibagué,4,5,No
TXN-0007089,2022-02-09,47372,Moda,147953,Tarjeta crédito,App móvil,iOS,Barranquilla,4,5,No
TXN-0006936,2023-10-15,43126,Moda,96192,Tarjeta débito,App móvil,Desconocido,Manizales,3,5,No
TXN-0002306,2022-12-17,38309,Libros,54167,PSE,App móvil,iOS,Cali,1,5,No
TXN-0000912,2022-12-22,45712,Libros,5000,Tarjeta crédito,App móvil,Android,Bogotá,7,5,No
TXN-0005811,2024-11-21,51943,Moda,181922,Billetera digital,App móvil,Android,Barranquilla,8,3,No
TXN-0007517,2024-01-22,58035,Belleza,106270,PSE,Sitio web,iOS,Cali,4,5,No
TXN-0002350,2024-08-11,11437,Libros,24471,Tarjeta crédito,App móvil,Android,Pereira,6,5,No
TXN-0007020,,34925,Libros,59214,PSE,Sitio web,Android,Bucaramanga,6,5,No
TXN-0002387,2023-09-09,15816,Libros,63534,Tarjeta crédito,App móvil,Android,Cali,5,5,No
TXN-0004098,2022-11-15,44022,Deportes,172895,Contraentrega,Sitio web,Desktop,Pereira,3,5,No
TXN-0003151,2022-07-01,14134,Electrónica,449577,PSE,Sitio web,Desktop,Medellín,4,5,No
TXN-0005177,2023-09-02,30618,Deportes,100133,Tarjeta crédito,Sitio web,iOS,Cali,5,5,No
TXN-0001091,2023-12-03,25532,Deportes,229371,PSE,Sitio web,Android,Medellín,8,3,No
TXN-0000205,2023-03-17,11979,Belleza,58909,Tarjeta crédito,App móvil,Android,Medellín,1,5,No
TXN-0001678,2022-04-16,54372,Moda,116823,Tarjeta crédito,App móvil,Android,Cartagena,6,5,No
TXN-0001309,2024-04-12,44418,Hogar,159638,Tarjeta crédito,Sitio web,Android,Cartagena,5,5,No
TXN-0003942,2023-05-31,42781,Alimentos,42392,Contraentrega,App móvil,Android,Pereira,4,5,No
TXN-0007874,2023-08-09,14402,Mascotas,83869,Tarjeta crédito,App móvil,Android,Cartagena,8,3,No
TXN-0007139,2022-11-19,41109,Belleza,45271,Billetera digital,App móvil,Android,Barranquilla,3,5,No
TXN-0007752,2023-06-11,57705,Moda,42503,Billetera digital,App móvil,Android,Medellín,8,5,No
TXN-0000325,2023-06-10,-1,Moda,120244,PSE,Sitio web,iOS,Cali,7,5,No
TXN-0001313,2023-05-12,21289,Moda,95774,PSE,Sitio web,Android,Bogotá,6,5,No
TXN-0000965,2022-09-21,25989,Moda,180627,Tarjeta débito,App móvil,Android,Bogotá,7,5,No
TXN-0005185,2024-07-15,51994,Hogar,115436,PSE,App móvil,Desktop,Cali,5,5,No
TXN-0000543,2022-06-08,32802,Juguetes,84941,Tarjeta crédito,Sitio web,Desktop,Cali,2,5,No
TXN-0005583,2023-02-25,13946,Moda,163344,Contraentrega,App móvil,Android,Manizales,6,5,Sí
TXN-0000680,2023-01-25,14331,Libros,32041,PSE,Sitio web,Android,Cúcuta,6,5,No
TXN-0001517,,17915,Libros,46813,Tarjeta crédito,App móvil,Desktop,Bogotá,5,5,No
TXN-0002963,2023-12-16,33457,Belleza,74748,PSE,App móvil,Android,Barranquilla,7,5,No
TXN-0004789,2022-07-01,20629,Belleza,24923,Contraentrega,Sitio web,Android,Cali,4,5,No
TXN-0006616,2022-01-03,56933,Electrónica,644275,PSE,App móvil,Desktop,Bogotá,5,5,No
TXN-0007588,2023-12-10,46872,Deportes,167401,Contraentrega,App móvil,Android,Cúcuta,9,3,No
TXN-0005997,2024-02-03,27652,Electrónica,598185,Contraentrega,App móvil,Android,Bogotá,5,5,No
TXN-0001767,2023-11-24,40049,Deportes,198727,Tarjeta débito,App móvil,iOS,Cali,5,5,No
TXN-0007078,2024-03-20,43780,Belleza,112834,Contraentrega,Sitio web,iOS,Cúcuta,4,5,No
TXN-0003777,2024-09-22,43010,Moda,163920,Tarjeta crédito,App móvil,Android,Bogotá,3,5,No
TXN-0001836,2023-11-03,50890,Belleza,98042,Tarjeta débito,App móvil,iOS,Manizales,3,5,No
TXN-0006409,2023-06-07,25347,Hogar,134786,PSE,App móvil,Android,Bogotá,5,5,No
TXN-0003116,2023-11-11,54421,Electrónica,659369,Tarjeta débito,App móvil,Desconocido,Bogotá,4,5,No
TXN-0002507,2023-09-21,47836,Belleza,70288,Billetera digital,Sitio web,Android,Medellín,1,5,No
TXN-0004796,2024-09-30,34983,Moda,96224,Billetera digital,App móvil,Android,Bogotá,5,5,No
TXN-0002843,2024-08-10,59002,Alimentos,82734,Tarjeta crédito,App móvil,iOS,Medellín,2,5,No
TXN-0007668,2022-04-22,45260,Moda,137219,Tarjeta débito,App móvil,Android,Bogotá,5,5,No
TXN-0003693,2023-05-13,50853,Deportes,207120,Tarjeta crédito,Sitio web,Desktop,Cartagena,4,5,No
TXN-IMPUTADO-0122,2024-11-20,44487,Moda,90511,Tarjeta débito,App móvil,Desktop,Bogotá,3,5,No
TXN-0000858,2024-07-23,18799,Alimentos,51622,Contraentrega,App móvil,Android,Pereira,4,5,No
TXN-0004376,2024-12-21,10713,Juguetes,26299,Billetera digital,Sitio web,Android,Pereira,2,5,No
TXN-0002475,2023-01-09,16345,Hogar,265876,Tarjeta crédito,Sitio web,Android,Barranquilla,1,5,No
TXN-0006177,2024-02-03,25996,Tecnología,1774042,PSE,App móvil,iOS,Bogotá,5,5,No
TXN-0001490,2024-12-05,27790,Moda,128026,Contraentrega,Sitio web,iOS,Medellín,2,5,No
TXN-0005491,2024-07-15,53687,Deportes,36500,Billetera digital,App móvil,iOS,Medellín,7,5,Sí
TXN-0003939,2023-12-28,13592,Alimentos,21784,Tarjeta débito,Sitio web,Desktop,Cali,7,5,No
TXN-0007981,2022-10-14,40870,Hogar,175086,Tarjeta crédito,Sitio web,Desktop,Ibagué,8,4,Sí
TXN-0004803,,11510,Alimentos,56114,Contraentrega,App móvil,Android,Bogotá,6,5,No
TXN-0000621,2024-03-27,49543,Moda,208069,Tarjeta crédito,Sitio web,iOS,Cali,5,5,No
TXN-0007546,,29041,Deportes,211310,Tarjeta débito,App móvil,Desktop,Cartagena,3,5,Sí
TXN-0005845,2023-12-27,52544,Juguetes,130419,Tarjeta crédito,App móvil,Desconocido,Cali,4,5,No
TXN-0005108,2022-06-10,33889,Hogar,130541,Tarjeta crédito,App móvil,Desktop,Medellín,4,5,No
TXN-0002233,2023-11-24,33107,Moda,6305,Contraentrega,App móvil,Desktop,Cali,4,5,No
TXN-0000521,2024-11-11,10150,Tecnología,816487,PSE,Sitio web,iOS,Bogotá,2,5,No
TXN-0003629,2024-08-09,44646,Electrónica,625215,Tarjeta crédito,Sitio web,Desktop,Cali,6,5,No
TXN-0007119,2022-10-25,45014,Electrónica,594834,PSE,App móvil,Android,Manizales,5,5,No
TXN-0004148,2024-06-19,12645,Belleza,15330,Contraentrega,Sitio web,iOS,Barranquilla,4,5,No
TXN-0004821,2022-05-28,18853,Alimentos,74013,PSE,App móvil,Android,Barranquilla,8,5,No
TXN-0006908,2024-12-30,14070,Belleza,72196,PSE,Sitio web,Android,Ibagué,6,5,No
TXN-0005308,2022-09-13,35450,Deportes,167038,PSE,App móvil,Android,Bogotá,1,5,No
TXN-0004071,2024-01-06,41164,Tecnología,957276,Tarjeta crédito,Sitio web,Android,Cali,8,4,No
TXN-0004987,2023-02-25,56815,Hogar,169243,Tarjeta crédito,App móvil,Desktop,Bogotá,7,5,No
TXN-0001692,2022-10-16,45683,Juguetes,84344,PSE,Sitio web,Desconocido,Bogotá,5,5,No
TXN-0007285,2023-01-11,48679,Moda,114907,Tarjeta crédito,App móvil,Android,Bogotá,3,5,No
TXN-0002291,2023-01-05,12019,Belleza,154714,Contraentrega,App móvil,Android,Cúcuta,2,5,No
TXN-0007054,2024-05-28,23989,Electrónica,394428,Contraentrega,App móvil,Android,Bogotá,5,5,No
TXN-0000902,2023-10-21,31781,Belleza,49907,Contraentrega,App móvil,Desktop,Bucaramanga,1,5,No
TXN-0007577,2022-11-25,44740,Libros,69187,PSE,App móvil,iOS,Bogotá,4,5,No
TXN-0002609,2024-05-16,19548,Alimentos,34277,Tarjeta débito,App móvil,Desconocido,Medellín,3,5,No
TXN-0007306,2023-06-20,31645,Juguetes,105281,Tarjeta débito,App móvil,Android,Medellín,4,5,No
TXN-0006660,2024-09-22,22834,Hogar,189423,Tarjeta débito,App móvil,Android,Bogotá,6,5,No
TXN-0005816,2023-11-18,59498,Hogar,263930,PSE,App móvil,Android,Medellín,5,5,No
TXN-0007953,2024-12-27,24680,Electrónica,561700,Tarjeta crédito,App móvil,iOS,Bogotá,3,5,No
TXN-0006625,2024-05-01,41036,Belleza,85666,Tarjeta crédito,Sitio web,Android,Bogotá,6,5,No
TXN-0005969,2024-12-23,38172,Electrónica,530366,Tarjeta débito,App móvil,Android,Bogotá,4,5,No
TXN-0003244,2023-11-04,54149,Hogar,194064,PSE,App móvil,iOS,Cúcuta,5,5,No
TXN-0006009,2022-06-21,32711,Electrónica,846247,PSE,Sitio web,Android,Bogotá,6,5,No
TXN-0006422,2023-10-26,41169,Moda,62741,Tarjeta crédito,App móvil,Desktop,Ibagué,3,5,No
TXN-0000222,2024-01-29,-1,Mascotas,89121,PSE,Sitio web,Desktop,Bogotá,2,5,No
TXN-0006027,2024-04-26,19758,Belleza,62285,Contraentrega,App móvil,Android,Bogotá,7,5,No
TXN-0001817,2023-10-11,28310,Moda,79564,Tarjeta débito,App móvil,Android,Barranquilla,5,5,No
TXN-0002497,2022-05-20,54913,Libros,63859,Tarjeta crédito,App móvil,Desconocido,Manizales,5,5,Sí
TXN-0002758,2022-03-21,38328,Hogar,257115,Billetera digital,Sitio web,Desktop,Bogotá,5,5,Sí
TXN-0004113,2022-09-19,28856,Hogar,264548,Tarjeta débito,Sitio web,Desktop,Cartagena,9,4,No
TXN-0007451,2024-12-09,40872,Moda,140572,Contraentrega,App móvil,Android,Cali,5,5,No
TXN-0005695,2023-02-16,14701,Tecnología,1123102,PSE,App móvil,Android,Bogotá,7,5,No
TXN-0000279,2023-09-30,35823,Hogar,123471,PSE,App móvil,Android,Cali,8,3,No
TXN-0000509,2023-06-09,17413,Tecnología,333015,Tarjeta crédito,Sitio web,Android,Barranquilla,2,5,No
TXN-0006957,2023-05-24,22058,Moda,168228,Tarjeta débito,App móvil,iOS,Bogotá,3,5,No
TXN-0004272,2024-06-25,46305,Belleza,84885,Tarjeta crédito,App móvil,iOS,Bucaramanga,5,5,No
TXN-0000693,2024-02-03,28928,Moda,87482,Billetera digital,App móvil,Android,Cúcuta,4,5,No
TXN-0003722,2022-03-03,55477,Belleza,37688,Tarjeta débito,App móvil,Android,Bogotá,4,5,No
TXN-0006796,2023-06-01,26933,Deportes,181127,Tarjeta crédito,App móvil,Desktop,Medellín,3,5,No
TXN-0003218,2022-11-15,16137,Electrónica,1017619,Tarjeta débito,Sitio web,Android,Ibagué,5,5,No
TXN-0002892,2023-03-25,57258,Belleza,121092,PSE,App móvil,Desktop,Bogotá,5,5,No
TXN-0002312,2024-11-22,59979,Hogar,116864,Tarjeta crédito,App móvil,Android,Bucaramanga,6,5,Sí
TXN-IMPUTADO-0123,2022-03-09,28043,Juguetes,80508,PSE,App móvil,Android,Cali,5,5,No
TXN-0001800,2024-06-19,15207,Deportes,169214,Tarjeta crédito,Sitio web,iOS,Cartagena,3,5,No
TXN-0000465,2024-01-20,47525,Moda,202344,Tarjeta crédito,App móvil,iOS,Medellín,8,3,No
TXN-0005266,2024-10-11,17426,Hogar,242459,Billetera digital,App móvil,Desktop,Bucaramanga,3,5,No
TXN-0002531,2022-01-16,53784,Belleza,37109,Tarjeta débito,Sitio web,Android,Bucaramanga,7,5,No
TXN-0004094,2022-11-11,39987,Tecnología,472419,PSE,Sitio web,Android,Bogotá,4,5,No
TXN-0003366,2024-10-04,46704,Moda,170303,PSE,Sitio web,Android,Bogotá,5,5,No
TXN-0007813,2023-10-06,46923,Electrónica,469214,Tarjeta crédito,App móvil,Android,Barranquilla,8,5,No
TXN-0007795,2024-05-05,51438,Alimentos,41235,Tarjeta débito,Sitio web,Desktop,Pereira,5,5,No
TXN-0007177,2024-12-14,13629,Moda,77846,Tarjeta crédito,App móvil,Desconocido,Bogotá,1,5,No
TXN-0005238,2023-12-10,35227,Electrónica,256829,Tarjeta crédito,App móvil,iOS,Bogotá,5,5,No
TXN-0000437,2023-01-22,21546,Electrónica,427675,Tarjeta crédito,App móvil,Android,Bogotá,5,5,No
TXN-0000460,2023-07-03,14017,Electrónica,444083,PSE,Sitio web,Android,Bogotá,9,5,No
TXN-0006328,2022-05-24,12630,Belleza,79510,Tarjeta crédito,Sitio web,Android,Cartagena,4,5,No
TXN-0003126,2024-09-27,48064,Moda,68837,PSE,App móvil,iOS,Pereira,4,5,No
TXN-0001380,2024-07-19,58922,Moda,103878,Tarjeta débito,Sitio web,Android,Cartagena,3,5,No
TXN-0006056,2024-03-15,48721,Alimentos,36917,Tarjeta crédito,Sitio web,Android,Barranquilla,3,5,No
TXN-0006332,2022-12-13,42131,Juguetes,35762,Tarjeta débito,Sitio web,iOS,Cali,7,5,No
TXN-0003075,2022-09-27,11281,Moda,177060,Contraentrega,Sitio web,Desktop,Manizales,2,5,No
TXN-0004078,2022-07-05,18596,Belleza,76049,Tarjeta crédito,Sitio web,iOS,Pereira,4,5,No
TXN-0002375,,39231,Hogar,155536,Contraentrega,Sitio web,Android,Medellín,1,5,No
TXN-0007899,2022-03-07,40918,Alimentos,16658,PSE,Sitio web,iOS,Barranquilla,5,5,No
TXN-0004167,2022-10-20,24313,Moda,71046,Contraentrega,Sitio web,Android,Cali,7,5,No
TXN-0005186,2022-10-03,11230,Deportes,136479,Tarjeta débito,App móvil,Desconocido,Bogotá,2,5,No
TXN-0004417,2024-10-13,18766,Electrónica,573858,Contraentrega,Sitio web,Android,Cali,4,5,No
TXN-0005839,2024-01-06,33002,Mascotas,142645,Contraentrega,App móvil,iOS,Cali,4,5,No
TXN-0003608,2023-10-17,54913,Belleza,34725,Contraentrega,App móvil,iOS,Bogotá,2,5,No
TXN-0004013,2023-03-21,24270,Moda,97039,Tarjeta débito,App móvil,iOS,Medellín,6,5,No
TXN-0001560,2024-08-27,26164,Mascotas,124897,Tarjeta crédito,Sitio web,iOS,Medellín,1,5,No
TXN-0005105,2024-02-20,34337,Electrónica,467287,Tarjeta crédito,App móvil,Android,Manizales,2,5,No
TXN-IMPUTADO-0124,2024-03-06,30108,Hogar,152624,Billetera digital,App móvil,Android,Cúcuta,4,5,No
TXN-0007667,,13309,Alimentos,49361,Tarjeta crédito,Sitio web,Android,Cartagena,1,5,No
TXN-0002122,2022-03-29,15604,Belleza,122369,Billetera digital,App móvil,Desktop,Bogotá,4,5,No
TXN-0003882,2024-08-15,30832,Electrónica,385120,Tarjeta débito,App móvil,Android,Bogotá,5,5,No
TXN-0001825,2022-10-14,54287,Tecnología,685077,Billetera digital,App móvil,Android,Medellín,3,5,No
TXN-0004638,2024-04-19,49659,Belleza,88634,Tarjeta crédito,App móvil,Desktop,Bogotá,5,5,No
TXN-0007719,2022-03-01,44367,Libros,57258,Tarjeta débito,App móvil,Desconocido,Bogotá,1,5,No
TXN-0003701,2022-11-28,19729,Alimentos,70136,Billetera digital,Sitio web,Desktop,Bogotá,4,5,No
TXN-0000062,2023-07-22,55302,Deportes,108673,PSE,App móvil,iOS,Cúcuta,8,5,No
TXN-IMPUTADO-0125,2022-01-16,42396,Belleza,78290,PSE,App móvil,Android,Bucaramanga,5,5,No
TXN-0006741,2024-12-13,18546,Mascotas,119726,Contraentrega,Sitio web,Desktop,Cartagena,5,5,No
TXN-0001006,2024-04-11,27279,Hogar,107279,Billetera digital,App móvil,Android,Medellín,4,5,No
TXN-0002894,2023-02-16,47990,Libros,58530,Contraentrega,App móvil,Android,Medellín,2,5,No
TXN-0002604,2023-03-06,46869,Deportes,110808,Tarjeta crédito,App móvil,iOS,Pereira,1,5,No
TXN-IMPUTADO-0126,2022-06-19,37295,Electrónica,597920,Tarjeta crédito,Sitio web,Android,Cali,4,5,No
TXN-0002366,2023-09-20,41371,Moda,85539,Contraentrega,App móvil,Desktop,Bogotá,4,5,No
TXN-0003717,,24137,Deportes,100757,Billetera digital,App móvil,Android,Bogotá,4,5,No
TXN-0006315,2022-07-31,10345,Hogar,98298,Tarjeta crédito,App móvil,Android,Bucaramanga,7,5,No
TXN-0003422,2024-11-05,21670,Hogar,243788,Tarjeta crédito,App móvil,Android,Bogotá,3,5,No
TXN-0004495,2024-02-16,15248,Belleza,123702,Billetera digital,Sitio web,Android,Manizales,4,5,No
TXN-0001355,2024-08-03,21530,Libros,40432,Tarjeta débito,App móvil,Android,Barranquilla,6,5,No
TXN-0004184,2023-08-25,13689,Deportes,166226,Tarjeta crédito,App móvil,Desktop,Cúcuta,3,5,No
TXN-0004827,2024-10-12,58799,Deportes,163112,PSE,App móvil,iOS,Barranquilla,6,5,No
TXN-0005686,2023-01-14,15015,Mascotas,18435,Tarjeta débito,Sitio web,Android,Bucaramanga,2,5,No
TXN-0006259,2024-02-06,11560,Electrónica,316746,Tarjeta crédito,App móvil,iOS,Barranquilla,4,5,No
TXN-0006030,2024-08-13,37820,Moda,58880,Tarjeta crédito,App móvil,Android,Medellín,6,5,No
TXN-0003878,2022-06-10,30534,Moda,78643,PSE,App móvil,Desktop,Bogotá,5,5,No
TXN-0000150,2023-08-06,56053,Hogar,212655,Tarjeta crédito,Sitio web,Android,Bogotá,5,5,No
TXN-IMPUTADO-0127,2022-08-29,44977,Moda,151896,PSE,App móvil,Android,Pereira,6,5,No
TXN-0004395,2022-04-02,43763,Electrónica,689486,Tarjeta crédito,App móvil,Desktop,Pereira,2,5,No
TXN-0000753,2022-01-01,13129,Libros,78791,Tarjeta crédito,App móvil,Desktop,Bogotá,5,5,No
TXN-0006398,2022-03-18,14653,Hogar,182962,Tarjeta crédito,App móvil,Android,Barranquilla,4,5,No
TXN-0006073,2024-03-18,41888,Belleza,98720,Tarjeta débito,Sitio web,Android,Ibagué,8,3,No
TXN-0003828,2024-09-19,14256,Moda,59808,PSE,Sitio web,Android,Cali,4,5,No
TXN-0005171,2022-08-19,-1,Hogar,105906,Tarjeta débito,Sitio web,Desktop,Medellín,6,5,No
TXN-IMPUTADO-0128,2023-06-24,-1,Electrónica,1091934,PSE,Sitio web,Android,Bogotá,5,5,No
TXN-0004247,2023-03-19,36529,Hogar,197155,Tarjeta crédito,App móvil,iOS,Medellín,3,5,No
TXN-0004505,2024-12-24,18707,Mascotas,68015,PSE,Sitio web,Android,Barranquilla,2,5,No
TXN-0002198,2024-10-21,18784,Electrónica,928548,PSE,App móvil,iOS,Medellín,7,5,No
TXN-0001399,2022-01-10,11170,Libros,58558,Contraentrega,Sitio web,iOS,Bogotá,6,5,No
TXN-0004893,2024-09-19,10105,Mascotas,89421,Billetera digital,Sitio web,Desktop,Barranquilla,5,5,No
TXN-0005460,2022-08-27,29501,Moda,77757,PSE,Sitio web,Android,Barranquilla,1,5,No
TXN-0004968,2022-12-05,54032,Mascotas,82742,PSE,Sitio web,Android,Barranquilla,3,5,No
TXN-0001757,2022-09-11,20208,Libros,20133,PSE,App móvil,Android,Pereira,7,5,No
TXN-0004606,2023-09-03,11794,Juguetes,42822,Contraentrega,App móvil,Desktop,Medellín,5,5,No
TXN-0004992,2023-12-23,47810,Hogar,284739,Tarjeta crédito,App móvil,Android,Cúcuta,8,5,No
TXN-0002339,2023-10-07,41286,Juguetes,29110,Tarjeta crédito,App móvil,Desktop,Bogotá,2,5,No
TXN-0006457,2022-01-13,10094,Electrónica,443073,Tarjeta crédito,Sitio web,iOS,Medellín,4,5,No
TXN-0007032,2022-08-10,57985,Juguetes,178310,Billetera digital,App móvil,Desktop,Pereira,2,5,No
TXN-0002636,2024-06-15,13093,Hogar,164256,PSE,App móvil,iOS,Cali,3,5,No
TXN-0007290,2022-03-22,58681,Electrónica,752889,Tarjeta crédito,App móvil,Android,Medellín,4,5,No
TXN-0005797,2023-05-29,54166,Mascotas,78262,Billetera digital,App móvil,Android,Medellín,5,5,No
TXN-0001048,2022-01-05,44163,Moda,133098,Tarjeta crédito,App móvil,Android,Cali,5,5,No
TXN-0003605,2024-11-30,53831,Tecnología,1581927,Billetera digital,Sitio web,Android,Bogotá,1,5,No
TXN-0005188,2022-10-12,45958,Alimentos,18334,PSE,Sitio web,iOS,Barranquilla,5,5,No
TXN-0003048,2023-11-04,39557,Moda,166111,Billetera digital,App móvil,iOS,Cali,5,5,No
TXN-0006185,2022-11-25,20890,Electrónica,1100655,Tarjeta débito,App móvil,Desktop,Cali,2,5,No
TXN-0007625,2024-10-18,40710,Belleza,52480,PSE,App móvil,Desktop,Cúcuta,5,5,No
TXN-0004479,2023-10-06,27258,Juguetes,75305,Tarjeta crédito,App móvil,Desktop,Medellín,5,5,No
TXN-0001598,2022-10-20,29614,Tecnología,773688,Tarjeta crédito,App móvil,iOS,Cali,5,5,No
TXN-0000659,2024-06-30,20808,Belleza,32438,PSE,App móvil,Android,Cali,8,5,No
TXN-0007492,2023-08-08,17060,Juguetes,147913,Tarjeta crédito,App móvil,Desktop,Bogotá,4,5,No
TXN-0002019,2023-06-11,25225,Moda,10904,Tarjeta crédito,Sitio web,iOS,Bogotá,6,5,No
TXN-0006218,2023-04-14,32060,Belleza,82738,PSE,App móvil,Android,Medellín,1,5,No
TXN-0001725,2024-02-04,27116,Moda,63024,Contraentrega,App móvil,Desktop,Medellín,5,5,No
TXN-0006262,2023-01-21,17938,Juguetes,61121,Contraentrega,App móvil,Android,Bogotá,4,5,No
TXN-0002776,2023-04-23,23814,Hogar,59326,Contraentrega,Sitio web,Android,Ibagué,4,5,No
TXN-0000598,2023-08-05,53529,Hogar,218938,Contraentrega,App móvil,iOS,Barranquilla,2,5,No
TXN-0007205,2023-01-01,17595,Libros,84823,Tarjeta débito,App móvil,Android,Barranquilla,5,5,No
TXN-0007457,2024-03-25,23965,Libros,45505,Tarjeta crédito,App móvil,Android,Bucaramanga,7,5,No
TXN-0003156,2022-03-13,32674,Belleza,69829,Tarjeta crédito,App móvil,Desktop,Cartagena,1,5,No
TXN-0006404,2022-02-08,43720,Juguetes,79429,Tarjeta crédito,App móvil,iOS,Barranquilla,6,5,No
TXN-0007759,2023-07-21,17240,Moda,97225,Contraentrega,Sitio web,Android,Bogotá,2,5,No
TXN-0003471,2023-12-08,29337,Alimentos,44750,Tarjeta crédito,App móvil,Android,Bogotá,6,5,No
TXN-0006871,2023-06-20,18805,Tecnología,110825,Tarjeta débito,Sitio web,Desktop,Ibagué,5,5,No
TXN-0004737,2023-08-18,26254,Electrónica,573866,Tarjeta crédito,App móvil,Android,Cali,6,5,No
TXN-0002047,2024-02-20,38157,Electrónica,243863,Contraentrega,Sitio web,iOS,Bogotá,1,5,Sí
TXN-0005837,2023-10-06,31102,Deportes,65579,PSE,App móvil,iOS,Bucaramanga,4,5,No
TXN-0001548,2023-12-10,52933,Belleza,77342,PSE,Sitio web,Android,Medellín,3,5,No
TXN-0000632,2023-01-09,15505,Juguetes,100154,PSE,App móvil,Android,Cúcuta,3,5,No
TXN-0005607,2022-01-28,52541,Moda,163599,Tarjeta crédito,App móvil,Desconocido,Medellín,2,5,No
TXN-0001638,,16192,Tecnología,1885662,Tarjeta crédito,App móvil,Desktop,Bogotá,1,5,No
TXN-0005731,2024-06-26,40395,Moda,48115,Tarjeta débito,App móvil,Desktop,Cali,9,4,No
TXN-0001383,2022-07-31,59719,Juguetes,122198,Contraentrega,App móvil,iOS,Bogotá,4,5,No
TXN-0001043,2022-03-04,23474,Mascotas,82992,Tarjeta crédito,App móvil,Android,Medellín,6,5,No
TXN-0005146,2023-10-13,32726,Tecnología,1083960,PSE,Sitio web,Android,Manizales,6,5,No
TXN-0005480,2023-09-14,55326,Deportes,149313,Tarjeta crédito,Sitio web,Desktop,Bogotá,4,5,No
TXN-0003040,2023-06-19,46161,Belleza,96179,Contraentrega,App móvil,Android,Pereira,4,5,No
TXN-0002156,2024-05-22,38398,Tecnología,638398,Tarjeta crédito,App móvil,Android,Bogotá,2,5,No
TXN-0000847,2024-04-28,42545,Moda,103155,PSE,App móvil,Android,Bogotá,5,5,No
TXN-0004679,,40839,Electrónica,1169084,Tarjeta crédito,App móvil,Android,Bogotá,7,5,No
TXN-0006610,2023-06-21,59387,Alimentos,56532,Billetera digital,Sitio web,Android,Cali,3,5,No
TXN-0004915,2022-12-18,25086,Libros,33675,Tarjeta crédito,App móvil,iOS,Cartagena,5,5,No
TXN-0003292,2024-09-26,46132,Moda,171842,Tarjeta crédito,Sitio web,Desktop,Bogotá,3,5,No
TXN-0001726,2022-05-12,51683,Electrónica,367205,Tarjeta débito,App móvil,Android,Pereira,2,5,No
TXN-0004036,2022-11-23,39577,Deportes,69316,Contraentrega,App móvil,iOS,Pereira,4,5,No
TXN-0001245,2024-01-20,47950,Moda,100945,PSE,Sitio web,Android,Cali,3,5,No
TXN-0002420,2023-05-25,11835,Belleza,121667,Tarjeta crédito,Sitio web,Android,Pereira,4,5,No
TXN-0004171,2023-04-18,15860,Electrónica,806803,Billetera digital,App móvil,Android,Bogotá,2,5,No
TXN-0004212,2024-08-01,24884,Alimentos,57986,Contraentrega,App móvil,Desktop,Bogotá,7,5,No
TXN-0003274,2024-06-10,18426,Juguetes,64396,Tarjeta débito,App móvil,Android,Medellín,2,5,No
TXN-IMPUTADO-0129,2023-02-15,24935,Hogar,144931,PSE,Sitio web,iOS,Pereira,3,5,No
TXN-0007498,2022-05-20,11920,Electrónica,752142,Tarjeta crédito,Sitio web,Desktop,Bogotá,3,5,No
TXN-0001669,2023-01-27,15289,Belleza,74340,Tarjeta crédito,App móvil,Android,Cartagena,6,5,No
TXN-0002221,2024-01-21,59020,Moda,100656,Tarjeta crédito,App móvil,Desktop,Cúcuta,4,5,No
TXN-0007823,2023-09-15,33240,Tecnología,1093431,Contraentrega,App móvil,iOS,Ibagué,5,5,No
TXN-0007014,2023-08-14,17599,Hogar,299114,Tarjeta crédito,Sitio web,Android,Bogotá,4,5,Sí
TXN-0003185,2024-03-25,53743,Belleza,143492,Tarjeta crédito,App móvil,Android,Cali,5,5,No
TXN-0003562,2022-07-13,48356,Belleza,83493,Billetera digital,Sitio web,iOS,Bogotá,10,5,No
TXN-0004507,2023-11-23,21099,Deportes,226081,Tarjeta crédito,Sitio web,iOS,Bogotá,7,5,No
TXN-0004300,2022-10-08,34493,Alimentos,50489,Tarjeta crédito,Sitio web,iOS,Manizales,5,5,No
TXN-0002394,2023-05-29,12222,Tecnología,418715,PSE,App móvil,Android,Pereira,5,5,No
TXN-0002074,2023-03-10,26329,Moda,189319,Tarjeta crédito,App móvil,Desktop,Medellín,1,5,No
TXN-0007484,2022-10-12,20888,Libros,74761,Billetera digital,Sitio web,Desktop,Barranquilla,5,5,No
TXN-0003106,2024-08-04,18576,Belleza,42440,PSE,App móvil,Android,Cali,5,5,Sí
TXN-0003022,2022-03-08,38282,Deportes,174190,Tarjeta crédito,App móvil,Desktop,Barranquilla,3,5,No
TXN-0003749,2024-09-09,11320,Moda,128015,Tarjeta crédito,App móvil,iOS,Medellín,3,5,No
TXN-0004334,2024-08-14,50599,Belleza,65641,Tarjeta crédito,Sitio web,Android,Bogotá,5,5,No
TXN-0002831,2023-09-02,14314,Juguetes,105353,Tarjeta crédito,Sitio web,Android,Bogotá,5,5,No
TXN-0004180,2022-10-02,21843,Electrónica,960425,PSE,App móvil,Android,Medellín,5,5,No
TXN-0005940,2023-02-14,33567,Belleza,58435,Tarjeta débito,App móvil,Desktop,Bogotá,3,5,No
TXN-0001212,2022-06-26,28656,Alimentos,51114,PSE,Sitio web,iOS,Cúcuta,3,5,No
TXN-0001084,2023-12-18,15189,Belleza,76238,Contraentrega,Sitio web,Android,Medellín,4,5,No
TXN-0007063,2022-03-30,45894,Alimentos,57069,PSE,App móvil,Android,Medellín,5,5,No
TXN-0004989,,29260,Deportes,200592,PSE,Sitio web,Android,Cali,5,5,No
TXN-0007060,2024-11-18,11299,Mascotas,57540,Tarjeta débito,App móvil,Android,Manizales,5,5,No
TXN-0006952,,43458,Moda,121719,PSE,Sitio web,iOS,Barranquilla,5,5,No
TXN-0000872,2024-08-02,32620,Belleza,93263,Tarjeta crédito,App móvil,Desktop,Barranquilla,3,5,No
TXN-0006207,2024-01-05,51578,Tecnología,1114272,Billetera digital,Sitio web,Desconocido,Bucaramanga,7,5,No
TXN-0006375,2022-09-07,15697,Belleza,96231,PSE,Sitio web,iOS,Medellín,7,5,No
TXN-IMPUTADO-0130,2022-06-24,20330,Mascotas,46938,PSE,App móvil,Android,Bogotá,2,5,No
TXN-0005842,2023-11-04,48451,Tecnología,300376,Tarjeta débito,App móvil,Android,Medellín,5,5,No
TXN-0003819,2022-04-18,29996,Electrónica,354991,Tarjeta débito,Sitio web,Android,Medellín,4,5,No
TXN-0001818,2024-01-21,33430,Juguetes,23502,Tarjeta crédito,App móvil,Desktop,Bogotá,1,5,No
TXN-0003903,2023-10-12,38200,Tecnología,1225940,PSE,App móvil,Android,Bogotá,1,5,No
TXN-0002818,2022-01-06,18261,Moda,38638,Billetera digital,App móvil,Android,Bogotá,6,5,No
TXN-0007986,2022-10-25,44364,Electrónica,692812,Billetera digital,App móvil,iOS,Cali,5,5,Sí
TXN-0006622,2024-07-22,12304,Hogar,334495,PSE,Sitio web,Desktop,Medellín,4,5,No
TXN-0002471,2022-08-13,52829,Deportes,58696,PSE,Sitio web,Android,Cartagena,5,5,No
TXN-0003322,2024-11-16,46273,Tecnología,1422437,Contraentrega,Sitio web,Android,Medellín,3,5,No
TXN-0003554,2023-04-08,53861,Belleza,78860,Tarjeta crédito,Sitio web,iOS,Manizales,4,5,No
TXN-0003520,2022-04-03,48484,Electrónica,859266,Tarjeta crédito,App móvil,iOS,Pereira,2,5,No
TXN-0003825,2024-09-02,41554,Alimentos,32487,Tarjeta crédito,App móvil,iOS,Ibagué,3,5,No
TXN-0002904,2024-04-25,37665,Electrónica,669232,Tarjeta crédito,Sitio web,Android,Bucaramanga,6,5,No
TXN-0003965,2024-06-22,36892,Alimentos,32656,Contraentrega,App móvil,Android,Bogotá,4,5,No
TXN-0004974,2024-02-19,16441,Alimentos,78516,Tarjeta débito,App móvil,Desktop,Cúcuta,4,5,No
TXN-0007872,2023-07-09,12886,Deportes,78687,Tarjeta crédito,App móvil,Android,Cali,6,5,No
TXN-0001026,2023-08-19,15706,Juguetes,149918,PSE,App móvil,Desktop,Medellín,3,5,No
TXN-0001290,2024-01-09,31335,Belleza,67650,Tarjeta crédito,Sitio web,Desktop,Cali,4,5,No
TXN-0006784,2022-04-14,23279,Belleza,84306,PSE,Sitio web,Android,Cali,3,5,No
TXN-0005187,2023-04-12,54517,Tecnología,484865,Tarjeta crédito,App móvil,iOS,Cali,3,5,No
TXN-0004953,2024-09-29,36375,Moda,31596,Tarjeta crédito,App móvil,Android,Cali,4,5,No
TXN-0000463,2023-06-30,25985,Electrónica,508715,Tarjeta débito,Sitio web,iOS,Bucaramanga,4,5,No
TXN-0002134,2024-11-18,29108,Belleza,49235,Contraentrega,Sitio web,Desktop,Barranquilla,4,5,No
TXN-0000288,2022-12-07,34373,Juguetes,47675,Tarjeta crédito,Sitio web,Desktop,Bogotá,4,5,No
TXN-0007661,2023-01-11,16182,Hogar,165919,Tarjeta débito,App móvil,iOS,Cartagena,6,5,No
TXN-0003025,2024-07-24,16963,Juguetes,62075,Tarjeta crédito,App móvil,Desktop,Barranquilla,2,5,No
TXN-0002264,2023-08-28,12233,Moda,104932,Tarjeta débito,App móvil,Desktop,Ibagué,7,5,No
TXN-0003138,2023-08-02,42772,Hogar,237525,PSE,App móvil,Desconocido,Bogotá,5,5,No
TXN-0006900,2022-04-02,25839,Alimentos,58627,Billetera digital,App móvil,Desktop,Bogotá,7,5,No
TXN-0005154,2024-02-14,55187,Alimentos,68049,Tarjeta crédito,Sitio web,Android,Cartagena,5,5,No
TXN-0006232,2022-01-03,47882,Deportes,177338,Tarjeta crédito,Sitio web,Android,Ibagué,3,5,No
TXN-0003363,2022-10-11,12751,Hogar,191185,PSE,App móvil,Android,Medellín,5,5,No
TXN-0005835,2022-03-08,36524,Electrónica,565016,PSE,App móvil,Android,Bucaramanga,6,5,No
TXN-0003732,2022-06-22,15337,Hogar,150913,Tarjeta crédito,Sitio web,iOS,Ibagué,6,5,No
TXN-0005332,2024-12-26,13071,Alimentos,41966,PSE,App móvil,Android,Cali,5,5,No
TXN-0003481,2023-04-15,52822,Alimentos,5000,Tarjeta débito,App móvil,Desktop,Bucaramanga,1,5,No
TXN-0001262,2024-03-17,16687,Moda,117326,PSE,App móvil,Desktop,Cali,2,5,No
TXN-0000092,2022-05-15,25459,Alimentos,29122,Tarjeta crédito,Sitio web,Desktop,Barranquilla,4,5,No
TXN-0004964,2022-11-26,30011,Mascotas,89455,Billetera digital,App móvil,Android,Medellín,6,5,No
TXN-0003110,2022-08-29,18293,Deportes,190375,Tarjeta débito,Sitio web,Desconocido,Cartagena,3,5,No
TXN-IMPUTADO-0131,2022-03-14,20070,Belleza,43030,Tarjeta crédito,Sitio web,Android,Medellín,5,5,No
TXN-0007401,2023-08-07,10330,Electrónica,1094413,PSE,Sitio web,Desktop,Cartagena,3,5,No
TXN-0005267,2023-07-31,58858,Moda,149078,Tarjeta crédito,App móvil,iOS,Medellín,4,5,No
TXN-0004668,2023-06-22,51561,Belleza,86901,Tarjeta crédito,App móvil,Android,Bucaramanga,6,5,No
TXN-0005707,2023-08-27,24358,Electrónica,472010,Billetera digital,Sitio web,iOS,Cartagena,2,5,No
TXN-IMPUTADO-0132,2023-10-23,32550,Moda,149040,PSE,App móvil,Android,Ibagué,2,5,No
TXN-0004075,2024-07-12,25465,Hogar,222632,Tarjeta débito,App móvil,Android,Cartagena,3,5,No
TXN-0006814,2022-12-28,51193,Electrónica,575759,Contraentrega,Sitio web,Android,Cali,2,5,No
TXN-0006164,2024-10-18,17159,Deportes,150263,Billetera digital,App móvil,Desktop,Barranquilla,7,5,No
TXN-0003715,2023-09-05,25377,Alimentos,56230,Contraentrega,App móvil,iOS,Cali,3,5,No
TXN-0003320,2023-06-30,59203,Moda,155862,PSE,App móvil,Desktop,Cali,3,5,No
TXN-0006282,2023-02-03,42616,Electrónica,973301,PSE,Sitio web,Desktop,Cúcuta,8,3,No
TXN-0007884,2022-07-24,32864,Moda,171110,PSE,App móvil,Android,Cali,7,5,No
TXN-0005247,2024-09-12,39147,Juguetes,119740,Tarjeta crédito,Sitio web,Android,Bogotá,7,5,No
TXN-0007453,2024-02-25,-1,Libros,72863,Tarjeta crédito,App móvil,Android,Bogotá,6,5,No
TXN-IMPUTADO-0133,2024-03-07,51703,Deportes,173706,PSE,App móvil,iOS,Bogotá,1,5,No
TXN-0003503,2024-06-02,44689,Moda,55247,Tarjeta crédito,Sitio web,iOS,Medellín,5,5,No
TXN-0003396,2022-07-11,40346,Hogar,152549,Billetera digital,App móvil,Android,Bogotá,8,5,No
TXN-0000829,,26722,Belleza,67481,PSE,App móvil,iOS,Cali,7,5,No
TXN-0005989,2023-03-09,43517,Belleza,101709,Tarjeta débito,App móvil,Android,Cali,10,5,No
TXN-0007281,2022-11-16,19478,Tecnología,656765,PSE,App móvil,iOS,Bucaramanga,7,5,No
TXN-0005031,2022-03-03,35482,Libros,39025,Tarjeta débito,App móvil,iOS,Medellín,7,5,No
TXN-0007618,2024-02-04,53689,Electrónica,840715,Tarjeta débito,Sitio web,Android,Barranquilla,4,5,No
TXN-0007812,2023-09-03,13454,Hogar,215071,Tarjeta crédito,App móvil,Android,Cali,4,5,No
TXN-0002611,2023-08-01,18280,Mascotas,104614,PSE,Sitio web,iOS,Bucaramanga,3,5,No
TXN-0000046,2022-02-07,33460,Libros,69085,Billetera digital,App móvil,Android,Manizales,5,5,No
TXN-IMPUTADO-0134,2023-09-02,23495,Moda,120023,Contraentrega,Sitio web,Android,Cúcuta,4,5,No
TXN-0005661,2022-12-17,35357,Deportes,220431,Tarjeta crédito,Sitio web,Android,Bogotá,6,5,No
TXN-0006021,2023-01-25,41117,Electrónica,190645,Tarjeta crédito,App móvil,iOS,Pereira,1,5,No
TXN-0007935,2023-10-17,14598,Mascotas,77458,Tarjeta débito,App móvil,iOS,Bogotá,2,5,No
TXN-0007857,2023-03-23,21937,Hogar,190946,Tarjeta débito,App móvil,iOS,Ibagué,5,5,No
TXN-0000186,2023-12-27,16155,Libros,40195,Tarjeta crédito,App móvil,iOS,Ibagué,5,5,No
TXN-0002664,2023-04-07,23380,Hogar,112523,Contraentrega,Sitio web,iOS,Bucaramanga,4,5,No
TXN-0005306,2023-02-13,22781,Moda,69059,Tarjeta crédito,App móvil,Desktop,Bogotá,2,5,No
TXN-0005973,2024-08-21,12599,Hogar,106317,Contraentrega,App móvil,Android,Bogotá,7,5,No
TXN-0006563,2023-09-12,37418,Alimentos,28869,Tarjeta crédito,App móvil,Android,Bogotá,5,5,No
TXN-0002103,2022-07-05,49040,Deportes,139979,Tarjeta débito,App móvil,iOS,Barranquilla,5,5,No
TXN-0002119,2022-03-27,57801,Libros,40992,Billetera digital,Sitio web,Desktop,Cali,4,5,No
TXN-0004555,2022-11-21,-1,Libros,27832,Tarjeta crédito,Sitio web,Android,Bogotá,3,5,No
TXN-0000628,2023-06-15,30598,Alimentos,23025,Tarjeta crédito,Sitio web,Desconocido,Bogotá,4,5,No
TXN-0002821,2023-01-29,23978,Hogar,201210,Tarjeta crédito,App móvil,iOS,Cali,1,5,No
TXN-0004306,2022-02-27,13521,Libros,21531,Tarjeta crédito,App móvil,Android,Bogotá,5,5,No
TXN-0006237,2024-02-04,29264,Tecnología,542358,PSE,Sitio web,Android,Cali,5,5,Sí
TXN-0002008,2024-04-06,40340,Belleza,74645,PSE,Sitio web,Android,Barranquilla,7,5,No
TXN-0007471,2022-05-23,31065,Juguetes,56651,Tarjeta crédito,App móvil,Android,Medellín,3,5,No
TXN-0001559,2024-07-01,21593,Hogar,271826,Billetera digital,Sitio web,Android,Bogotá,5,5,No
TXN-0006627,2024-11-09,39983,Libros,73641,Tarjeta crédito,App móvil,iOS,Pereira,5,5,No
TXN-0001533,2022-03-26,50725,Hogar,124197,Tarjeta débito,Sitio web,Android,Ibagué,1,5,No
TXN-0000608,2023-04-21,10772,Moda,163338,Billetera digital,App móvil,Android,Bucaramanga,6,5,No
TXN-0005131,2024-03-12,27392,Deportes,93302,Tarjeta crédito,App móvil,iOS,Barranquilla,1,5,No
TXN-0001790,2022-10-20,30179,Juguetes,11178,PSE,App móvil,Desconocido,Barranquilla,6,5,No
TXN-0004299,2023-11-19,56216,Deportes,208459,Tarjeta crédito,App móvil,Android,Ibagué,4,5,Sí
TXN-0001036,2023-03-26,58133,Electrónica,349577,Contraentrega,App móvil,Android,Medellín,6,5,No
TXN-0007188,2022-10-04,20586,Tecnología,1243018,Tarjeta débito,App móvil,iOS,Medellín,2,5,No
TXN-0003615,2022-03-20,42854,Electrónica,835603,Tarjeta crédito,App móvil,Android,Medellín,6,5,No
TXN-0003434,2022-04-21,26975,Electrónica,671322,PSE,Sitio web,iOS,Cartagena,5,5,No
TXN-0004647,2024-09-28,47658,Moda,66055,PSE,App móvil,Android,Medellín,5,5,No
TXN-0006168,2023-10-03,51505,Electrónica,598046,Tarjeta débito,App móvil,Desconocido,Cali,3,5,No
TXN-0007770,2023-12-19,15823,Tecnología,1377862,Tarjeta crédito,Sitio web,Android,Cartagena,1,5,No
TXN-0003852,2024-07-28,54626,Electrónica,682962,Tarjeta crédito,App móvil,Android,Bogotá,6,5,No
TXN-0007977,2023-01-11,-1,Alimentos,34028,Tarjeta débito,Sitio web,Desconocido,Medellín,1,5,No
TXN-0002779,2024-07-12,16908,Hogar,167809,Billetera digital,Sitio web,iOS,Bogotá,1,5,No
TXN-0002716,2022-10-24,44244,Belleza,56361,Tarjeta crédito,App móvil,Android,Pereira,6,5,No
TXN-0000500,2024-02-08,44287,Deportes,142133,PSE,App móvil,Android,Medellín,3,5,No
TXN-0005897,2022-02-23,22256,Belleza,93425,Tarjeta débito,App móvil,Desktop,Cúcuta,3,5,No
TXN-IMPUTADO-0135,2024-01-02,48170,Hogar,110039,PSE,App móvil,Android,Cali,5,5,No
TXN-0003388,2023-05-08,40960,Mascotas,63785,Tarjeta débito,App móvil,Desconocido,Bogotá,6,5,Sí
TXN-0000122,2024-12-08,19732,Deportes,144219,Tarjeta débito,App móvil,iOS,Cali,1,5,No
TXN-0004303,2022-10-07,37302,Moda,43578,Contraentrega,Sitio web,Android,Bogotá,3,5,No
TXN-0001924,2022-05-03,45420,Juguetes,58008,Tarjeta débito,Sitio web,Android,Medellín,7,5,No
TXN-0006990,2022-01-19,12426,Mascotas,47362,Contraentrega,Sitio web,Android,Medellín,2,5,No
TXN-0003864,2022-07-26,38208,Belleza,44420,Tarjeta crédito,App móvil,Desconocido,Bogotá,7,5,No
TXN-0004000,2024-05-06,38694,Moda,38630,Tarjeta crédito,App móvil,Desktop,Cali,5,5,No
TXN-0001944,2023-12-26,16101,Alimentos,37128,Tarjeta débito,App móvil,iOS,Bogotá,5,5,Sí
TXN-0003932,2022-05-07,27552,Deportes,101209,Tarjeta crédito,Sitio web,Android,Bogotá,5,5,No
TXN-0004131,2024-04-15,35366,Belleza,113949,PSE,App móvil,iOS,Cali,4,5,No
TXN-0003091,2023-11-11,51619,Hogar,212742,Tarjeta débito,App móvil,Desktop,Medellín,5,5,No
TXN-0004409,2022-11-09,24622,Libros,18943,PSE,App móvil,iOS,Cali,1,5,No
TXN-0005722,2022-10-25,16550,Hogar,124058,Tarjeta débito,App móvil,Android,Bogotá,1,5,Sí
TXN-0007961,2024-08-01,24564,Tecnología,676944,Tarjeta crédito,App móvil,Android,Pereira,8,5,No
TXN-0005012,2023-12-08,32154,Juguetes,143611,Tarjeta crédito,Sitio web,Android,Cali,3,5,No
TXN-0004367,2023-02-01,56960,Juguetes,92094,Tarjeta crédito,App móvil,Android,Bogotá,5,5,No
TXN-0000947,2024-01-03,21440,Electrónica,623684,Tarjeta crédito,App móvil,Android,Medellín,9,4,No
TXN-0000786,2024-11-16,31291,Libros,90996,Tarjeta débito,App móvil,Android,Medellín,3,5,No
TXN-0005426,2023-01-15,51203,Moda,58595,PSE,App móvil,Android,Bucaramanga,4,5,No
TXN-0004158,2023-12-07,52202,Hogar,204119,PSE,App móvil,Android,Pereira,2,5,No
TXN-0004732,2022-06-09,-1,Electrónica,868859,Tarjeta crédito,Sitio web,Android,Cali,5,5,No
TXN-0001217,2024-06-16,18739,Alimentos,56604,Contraentrega,Sitio web,Android,Medellín,2,5,No
TXN-0000852,2024-10-08,22559,Deportes,94363,Contraentrega,App móvil,Android,Bogotá,4,5,No
TXN-0006229,2022-04-24,50687,Alimentos,50019,Tarjeta crédito,App móvil,Desktop,Cartagena,6,5,No
TXN-0007932,2023-09-23,44754,Hogar,152272,Contraentrega,App móvil,Android,Cali,3,5,No
TXN-0000140,2022-06-30,29274,Moda,99013,Tarjeta débito,App móvil,iOS,Pereira,5,5,No
TXN-0004280,2022-05-18,49443,Alimentos,42548,PSE,App móvil,Desktop,Cali,2,5,No
TXN-0007064,2022-01-10,38990,Electrónica,679357,Tarjeta crédito,App móvil,Desktop,Manizales,4,5,No
TXN-0004568,2022-01-10,49930,Alimentos,59499,Tarjeta crédito,Sitio web,Android,Ibagué,4,5,No
TXN-0000615,2022-07-02,40813,Moda,63724,Tarjeta crédito,Sitio web,Desktop,Bogotá,2,5,No
TXN-0007654,2024-02-04,37863,Electrónica,733062,Tarjeta crédito,Sitio web,Android,Barranquilla,5,5,No
TXN-0006243,2024-12-05,52037,Libros,68554,Billetera digital,Sitio web,Android,Bogotá,4,5,No
TXN-0002589,2023-08-15,44468,Juguetes,117186,Contraentrega,App móvil,Android,Bogotá,3,5,No
TXN-0000428,2024-02-24,18437,Electrónica,571622,Tarjeta crédito,App móvil,Desktop,Medellín,8,5,No
TXN-0001332,2022-04-06,53521,Libros,37579,Tarjeta débito,Sitio web,Android,Cali,4,5,No
TXN-0001536,2024-01-24,57761,Alimentos,13798,Tarjeta crédito,App móvil,Android,Barranquilla,3,5,No
TXN-0003412,,57856,Alimentos,56087,Tarjeta crédito,App móvil,iOS,Medellín,3,5,No
TXN-0002499,2023-11-22,53199,Tecnología,1474552,Tarjeta crédito,Sitio web,Desktop,Bogotá,2,5,No
TXN-0006935,2023-01-24,15739,Moda,130210,PSE,App móvil,Android,Barranquilla,2,5,No
TXN-0007754,2022-09-25,18051,Mascotas,48263,Tarjeta crédito,App móvil,iOS,Barranquilla,6,5,No
TXN-0003953,2022-01-15,45673,Hogar,274818,PSE,App móvil,Android,Cali,2,5,No
TXN-0001923,2024-02-19,55592,Belleza,119310,Tarjeta crédito,Sitio web,Android,Pereira,8,4,No
TXN-0001294,2024-06-29,56794,Belleza,52423,Contraentrega,App móvil,Android,Barranquilla,7,5,No
TXN-0003863,2023-10-30,11384,Moda,130757,PSE,Sitio web,Android,Medellín,1,5,No
TXN-0001619,2024-08-30,26130,Hogar,114694,Billetera digital,App móvil,Android,Bucaramanga,3,5,No
TXN-0004217,2024-05-26,16296,Alimentos,27730,Billetera digital,Sitio web,Desktop,Bucaramanga,4,5,No
TXN-0002574,2023-02-21,17661,Juguetes,111255,Contraentrega,Sitio web,iOS,Bogotá,4,5,No
TXN-0007115,2023-09-12,49389,Belleza,13190,Tarjeta crédito,App móvil,iOS,Barranquilla,1,5,No
TXN-0000182,2024-03-10,34660,Moda,144722,Contraentrega,App móvil,Android,Cali,2,5,No
TXN-0005203,2023-07-11,20220,Moda,187554,PSE,Sitio web,Android,Bogotá,2,5,No
TXN-0007442,2024-09-06,19099,Hogar,50695,Tarjeta débito,App móvil,Android,Pereira,3,5,No
TXN-0003102,2024-03-23,10824,Hogar,146506,Tarjeta débito,App móvil,Android,Cartagena,4,5,No
TXN-0003738,2022-07-07,19468,Moda,181432,Tarjeta crédito,Sitio web,iOS,Medellín,4,5,No
TXN-0001557,2022-05-21,42279,Hogar,273408,Tarjeta débito,App móvil,Android,Bucaramanga,5,5,No
TXN-0002318,2023-06-27,10427,Alimentos,38442,Tarjeta débito,Sitio web,iOS,Bogotá,2,5,No
TXN-0003946,2024-12-25,41810,Belleza,75972,Tarjeta crédito,App móvil,iOS,Bogotá,9,3,No
TXN-0007781,2022-07-30,27124,Tecnología,839758,PSE,Sitio web,Android,Bogotá,3,5,Sí
TXN-0007502,2024-01-21,38173,Electrónica,1138622,Billetera digital,Sitio web,Android,Medellín,5,5,No
TXN-0000991,2024-02-02,42288,Belleza,54342,PSE,App móvil,Android,Cartagena,3,5,No
TXN-0004176,2023-02-01,13984,Mascotas,52137,Tarjeta crédito,Sitio web,Android,Manizales,1,5,No
TXN-0005915,2024-12-13,26930,Hogar,123666,Tarjeta débito,App móvil,Android,Bogotá,6,5,No
TXN-0000348,2023-01-16,52122,Deportes,168769,PSE,Sitio web,Desktop,Pereira,7,5,No
TXN-0002000,2022-06-14,36119,Electrónica,1112134,Tarjeta débito,App móvil,Android,Medellín,5,5,No
TXN-0000294,2023-05-25,13504,Electrónica,363525,Tarjeta crédito,Sitio web,Android,Pereira,3,5,No
TXN-0006805,2023-08-26,29193,Moda,49371,Billetera digital,Sitio web,Desktop,Manizales,1,5,No
TXN-0007844,2022-04-07,45247,Alimentos,68400,Tarjeta crédito,App móvil,Android,Manizales,5,5,No
TXN-0004888,2023-12-26,28659,Deportes,80765,Contraentrega,App móvil,iOS,Bucaramanga,3,5,No
TXN-0007264,2022-08-15,36986,Alimentos,38551,Tarjeta débito,Sitio web,Android,Bucaramanga,3,5,Sí
TXN-0005170,2023-04-19,50703,Libros,15256,PSE,App móvil,Android,Cali,1,5,No
TXN-0006628,2024-06-14,39561,Juguetes,52083,PSE,App móvil,iOS,Bogotá,2,5,No
TXN-0003915,2023-01-31,40960,Deportes,145057,Tarjeta débito,App móvil,Android,Ibagué,6,5,No
TXN-0007834,2023-08-01,49572,Electrónica,243565,Tarjeta crédito,Sitio web,Android,Bogotá,4,5,No
TXN-0004985,2023-03-31,24884,Hogar,230174,Tarjeta crédito,App móvil,Android,Bogotá,1,5,No
TXN-0003150,2024-03-20,21074,Tecnología,1368818,Contraentrega,App móvil,iOS,Bucaramanga,5,5,No
TXN-0001963,2022-05-23,12688,Juguetes,113401,Tarjeta crédito,App móvil,iOS,Bogotá,7,5,No
TXN-0007905,2022-06-08,55463,Mascotas,59347,Billetera digital,Sitio web,Android,Bogotá,5,5,Sí
TXN-0005939,2022-02-18,25544,Moda,77202,Tarjeta crédito,Sitio web,Android,Bogotá,1,5,No
TXN-0004700,2022-06-07,37219,Hogar,98732,PSE,App móvil,Android,Bogotá,10,3,No
TXN-0002449,2022-09-11,21563,Belleza,60722,Tarjeta crédito,Sitio web,Desktop,Bogotá,5,5,No
TXN-0000151,2023-01-03,28265,Electrónica,526548,Tarjeta débito,Sitio web,Android,Cartagena,5,5,No
TXN-0002096,2022-07-11,56129,Electrónica,1142351,Tarjeta débito,App móvil,iOS,Medellín,5,5,No
TXN-0005773,2023-08-20,16740,Moda,63913,Contraentrega,Sitio web,iOS,Cali,7,5,No
TXN-0001132,2024-06-14,36442,Moda,148862,Tarjeta crédito,Sitio web,Android,Bucaramanga,4,5,No
TXN-0005562,2022-09-21,50570,Deportes,110529,Tarjeta crédito,App móvil,Android,Medellín,6,5,No
TXN-0000299,2023-05-13,30239,Tecnología,596000,Billetera digital,App móvil,iOS,Cartagena,4,5,No
TXN-0001938,2022-06-09,22733,Hogar,110283,PSE,App móvil,iOS,Bogotá,1,5,No
TXN-0007573,2023-12-09,53968,Electrónica,848264,Tarjeta crédito,App móvil,Android,Bogotá,6,5,No
TXN-0002053,2022-06-25,20146,Moda,157797,Tarjeta crédito,App móvil,Android,Bogotá,3,5,No
TXN-0002239,2022-03-22,39787,Moda,170246,Billetera digital,App móvil,Android,Barranquilla,2,5,No
TXN-0007817,2024-11-27,28554,Belleza,97974,Tarjeta débito,App móvil,Android,Medellín,6,5,No
TXN-0005824,2024-04-20,48481,Electrónica,954411,PSE,Sitio web,Desktop,Medellín,3,5,No
TXN-0000169,2022-10-04,49693,Hogar,212530,Tarjeta débito,Sitio web,Android,Cartagena,4,5,No
TXN-0004318,2024-08-07,56787,Electrónica,715776,Tarjeta débito,Sitio web,Android,Ibagué,8,3,No
TXN-0002213,2023-06-26,21992,Tecnología,1027712,Contraentrega,Sitio web,Desktop,Medellín,4,5,No
TXN-0002225,2022-05-02,47566,Hogar,188872,PSE,Sitio web,Desconocido,Cartagena,3,5,No
TXN-0003659,2022-05-12,20021,Mascotas,5000,Tarjeta débito,App móvil,Android,Cartagena,3,5,No
TXN-0007256,2024-07-02,54659,Alimentos,41831,Contraentrega,Sitio web,Android,Bogotá,6,5,No
TXN-0000245,2022-08-15,17890,Tecnología,961413,Contraentrega,App móvil,Android,Ibagué,3,5,No
TXN-0007765,2024-05-13,50685,Deportes,80089,Tarjeta crédito,Sitio web,Android,Cali,6,5,No
TXN-0006620,2024-06-07,53202,Hogar,51149,Tarjeta débito,App móvil,Android,Bogotá,4,5,No
TXN-0000357,2022-11-04,50957,Moda,182526,PSE,App móvil,Android,Bogotá,2,5,No
TXN-0000694,2024-03-29,29659,Deportes,208217,Tarjeta crédito,App móvil,Desktop,Pereira,3,5,No
TXN-0003544,2022-10-19,23996,Juguetes,22030,Tarjeta débito,App móvil,Desktop,Barranquilla,5,5,Sí
TXN-0003374,2022-11-20,13266,Hogar,180964,Billetera digital,App móvil,Desktop,Bucaramanga,5,5,No
TXN-0000512,2022-07-03,24386,Belleza,45154,Tarjeta débito,App móvil,Android,Medellín,2,5,No
TXN-0003580,2023-07-15,16502,Moda,111379,Tarjeta crédito,Sitio web,Android,Cartagena,2,5,No
TXN-0005713,2023-10-12,59859,Moda,50027,Tarjeta débito,App móvil,Android,Cali,7,5,No
TXN-IMPUTADO-0136,2024-09-11,47257,Libros,34884,Billetera digital,Sitio web,iOS,Cali,4,5,No
TXN-0000630,2022-09-01,20401,Alimentos,34855,Tarjeta crédito,App móvil,Desconocido,Bucaramanga,8,4,No
TXN-0007679,2023-04-14,50694,Hogar,214783,Tarjeta débito,App móvil,Android,Medellín,6,5,No
TXN-0000651,2024-05-24,36934,Mascotas,19890,PSE,Sitio web,Android,Bogotá,6,5,No
TXN-0006872,2024-10-25,57551,Moda,136263,PSE,App móvil,Android,Medellín,6,5,No
TXN-0006799,2024-01-17,35755,Hogar,203188,Billetera digital,App móvil,Desktop,Bucaramanga,5,5,No
TXN-0006803,2024-06-30,52087,Electrónica,1036959,PSE,App móvil,Desktop,Bogotá,3,5,No
TXN-0007411,2024-12-26,10880,Mascotas,100161,Tarjeta crédito,Sitio web,Desktop,Bogotá,2,5,No
TXN-0002052,,45454,Moda,100277,Tarjeta crédito,App móvil,Android,Cúcuta,5,5,No
TXN-0001422,2022-06-25,22953,Libros,49314,Tarjeta crédito,App móvil,iOS,Bogotá,4,5,No
TXN-0007365,2022-01-11,43332,Moda,135822,Tarjeta crédito,App móvil,Android,Manizales,2,5,No
TXN-0004127,2023-09-21,48284,Mascotas,58186,Tarjeta crédito,Sitio web,Android,Bogotá,2,5,No
TXN-0002777,2022-09-15,55492,Belleza,86332,Tarjeta débito,Sitio web,Desktop,Medellín,1,5,No
TXN-0004521,2023-07-23,-1,Moda,198589,Billetera digital,App móvil,Android,Medellín,3,5,Sí
TXN-0003926,2023-04-08,39027,Juguetes,14192,Tarjeta crédito,App móvil,Android,Pereira,7,5,No
TXN-0001238,2024-11-22,20419,Electrónica,695181,Tarjeta débito,Sitio web,Android,Cúcuta,1,5,No
TXN-0006624,2022-01-30,53866,Moda,93035,Billetera digital,Sitio web,Desktop,Cúcuta,1,5,No
TXN-0007718,2023-08-28,53623,Belleza,59116,Billetera digital,App móvil,Desktop,Pereira,8,5,No
TXN-0004155,2023-08-02,10007,Belleza,20082,PSE,Sitio web,Desktop,Cali,8,4,No
TXN-0001291,2022-08-31,14412,Tecnología,689904,PSE,App móvil,iOS,Bogotá,6,5,No
TXN-0006710,2022-09-01,11194,Alimentos,19686,Tarjeta crédito,App móvil,iOS,Bogotá,3,5,No
TXN-0005355,2023-12-11,29586,Deportes,242167,Tarjeta crédito,App móvil,Desktop,Bogotá,2,5,No
TXN-0002240,2023-11-27,14463,Moda,146811,Tarjeta débito,App móvil,Android,Ibagué,4,5,No
TXN-0004581,2024-12-13,20940,Moda,123307,Tarjeta crédito,Sitio web,Android,Medellín,6,5,No
TXN-0001085,2022-07-26,12150,Moda,202954,PSE,Sitio web,iOS,Bogotá,4,5,No
TXN-0005379,,56591,Juguetes,65645,Tarjeta crédito,App móvil,Android,Medellín,4,5,No
TXN-0005991,2023-08-14,58455,Moda,118123,Contraentrega,Sitio web,Desktop,Medellín,3,5,No
TXN-0007887,2023-10-25,21435,Deportes,144047,Contraentrega,Sitio web,Android,Bogotá,5,5,No
TXN-0001475,2023-06-22,43597,Deportes,117956,Billetera digital,Sitio web,Android,Cali,5,5,No
TXN-0005214,2024-05-09,53053,Hogar,178973,Tarjeta débito,App móvil,Android,Bogotá,4,5,No
TXN-0004100,2024-06-20,49809,Libros,68543,Tarjeta crédito,App móvil,Android,Medellín,1,5,No
TXN-0004696,2022-09-12,35492,Electrónica,675735,Tarjeta débito,App móvil,Android,Pereira,5,5,No
TXN-0001011,2022-12-30,23814,Juguetes,150119,Tarjeta crédito,App móvil,Android,Pereira,5,5,No
TXN-0002271,2024-08-08,20976,Moda,90816,Billetera digital,App móvil,Desktop,Bogotá,3,5,No
TXN-0003539,2022-11-16,-1,Mascotas,69466,Tarjeta crédito,Sitio web,Android,Bogotá,3,5,No
TXN-0006256,2023-05-31,35499,Electrónica,604418,Tarjeta débito,App móvil,iOS,Cali,5,5,Sí
TXN-0000887,2024-08-24,51226,Electrónica,702696,Tarjeta crédito,App móvil,Android,Bogotá,6,5,No
TXN-0001440,2023-09-13,22658,Hogar,127633,Tarjeta crédito,Sitio web,Desktop,Bogotá,1,5,No
TXN-0004593,2023-08-09,14314,Deportes,116737,Tarjeta débito,App móvil,Android,Bogotá,5,5,No
TXN-0004307,2022-10-23,21783,Moda,83891,Billetera digital,App móvil,Desktop,Cúcuta,4,5,No
TXN-0006527,2023-03-03,59742,Alimentos,91383,Tarjeta débito,App móvil,Desktop,Bogotá,3,5,No
TXN-0001670,2022-04-16,41887,Deportes,37816,Tarjeta crédito,App móvil,Desktop,Bogotá,3,5,No
TXN-0007779,2023-11-06,35118,Tecnología,520185,PSE,Sitio web,Desktop,Bogotá,4,5,No
TXN-0001616,2024-03-25,52840,Moda,202025,Contraentrega,App móvil,Desktop,Cartagena,7,5,No
TXN-0007361,2023-10-13,48613,Electrónica,985960,Contraentrega,App móvil,Android,Cúcuta,6,5,No
TXN-0000547,2023-03-02,11176,Moda,168962,Contraentrega,App móvil,Desktop,Manizales,8,5,No
TXN-0003146,2024-02-25,42971,Moda,148504,PSE,Sitio web,Android,Bogotá,6,5,No
TXN-0003296,2024-02-15,14091,Deportes,194055,Contraentrega,Sitio web,Android,Bogotá,9,3,No
TXN-0004223,2022-10-13,14114,Electrónica,396158,Tarjeta crédito,App móvil,Android,Cali,2,5,No
TXN-0007370,2023-10-21,35498,Electrónica,721895,Tarjeta crédito,App móvil,Desktop,Bogotá,5,5,No
TXN-0006339,2023-02-17,58202,Deportes,182129,Billetera digital,App móvil,Desktop,Manizales,3,5,No
TXN-0001512,2022-06-19,33929,Libros,79606,PSE,App móvil,Android,Pereira,6,5,No
TXN-0005682,2022-03-22,48107,Belleza,84797,Tarjeta débito,Sitio web,Desktop,Cartagena,5,5,No
TXN-0006726,2022-06-29,36157,Belleza,88065,Tarjeta crédito,Sitio web,Android,Bogotá,5,5,No
TXN-0006195,2023-07-26,43742,Moda,167368,Tarjeta crédito,App móvil,iOS,Bogotá,5,5,No
TXN-0002809,2022-03-30,41604,Moda,111375,PSE,Sitio web,Android,Pereira,3,5,No
TXN-0000467,2023-09-16,12619,Moda,135221,Tarjeta crédito,App móvil,Desktop,Bogotá,6,5,Sí
TXN-0002889,2022-12-04,40982,Libros,30019,Tarjeta crédito,Sitio web,Android,Cúcuta,2,5,No
TXN-0002004,2023-02-15,29145,Deportes,140122,Tarjeta crédito,Sitio web,iOS,Manizales,5,5,No
TXN-0002504,2022-06-25,59588,Electrónica,884374,Tarjeta débito,App móvil,Desktop,Pereira,5,5,No
TXN-0000990,2023-07-26,20561,Alimentos,69285,Billetera digital,App móvil,Android,Bucaramanga,1,5,No
TXN-0004565,2022-11-20,49649,Moda,124988,Tarjeta débito,Sitio web,iOS,Cali,3,5,No
TXN-0003588,2024-10-12,40830,Electrónica,265414,Contraentrega,Sitio web,Android,Bucaramanga,5,5,No
TXN-0001210,,13833,Moda,211543,Tarjeta crédito,Sitio web,iOS,Cali,4,5,No
TXN-0001940,2024-07-31,30028,Moda,16151,Tarjeta débito,Sitio web,Desktop,Bucaramanga,7,5,No
TXN-0005260,2023-06-15,23873,Libros,70552,Tarjeta crédito,Sitio web,Android,Medellín,5,5,No
TXN-0005805,2023-02-12,54383,Belleza,54855,Contraentrega,Sitio web,iOS,Medellín,3,5,No
TXN-0000711,2022-06-20,16838,Electrónica,663318,Tarjeta débito,App móvil,Android,Cartagena,2,5,No
TXN-0000271,2024-09-05,20461,Hogar,197055,Tarjeta débito,Sitio web,Android,Medellín,4,5,No
TXN-0002191,2022-10-09,38113,Belleza,72373,Tarjeta débito,App móvil,Desktop,Bogotá,1,5,No
TXN-0003251,2022-03-31,15736,Tecnología,604595,Tarjeta débito,App móvil,Android,Bogotá,5,5,No
TXN-0003137,2023-07-29,24780,Moda,102082,Tarjeta crédito,Sitio web,iOS,Bogotá,4,5,Sí
TXN-0002545,2023-09-28,13791,Hogar,87278,Contraentrega,App móvil,Android,Cali,1,5,No
TXN-0000198,2024-01-22,34398,Tecnología,1146467,Billetera digital,App móvil,iOS,Cartagena,1,5,No
TXN-0006041,2024-06-18,35159,Alimentos,46466,Tarjeta crédito,App móvil,Android,Bogotá,4,5,No
TXN-0004677,2024-10-14,18440,Belleza,50000,Tarjeta débito,App móvil,Android,Pereira,5,5,No
TXN-0006532,2024-09-15,-1,Moda,180066,Billetera digital,App móvil,Desktop,Medellín,7,5,No
TXN-0000594,2022-06-27,19402,Electrónica,974643,PSE,App móvil,iOS,Pereira,6,5,No
TXN-0002817,2022-05-25,10402,Deportes,227594,Tarjeta débito,App móvil,Android,Cali,5,5,No
TXN-0003907,2023-02-03,55488,Moda,169591,Contraentrega,App móvil,Desconocido,Bogotá,5,5,No
TXN-0003379,2023-11-04,42192,Electrónica,558804,Tarjeta débito,App móvil,Desktop,Pereira,1,5,No
TXN-0001342,2022-03-12,47036,Tecnología,1064313,Tarjeta débito,App móvil,Android,Pereira,5,5,No
TXN-0003127,2022-04-23,38274,Deportes,152084,Tarjeta crédito,Sitio web,Android,Ibagué,5,5,No
TXN-0006007,2022-04-30,27768,Libros,71889,Contraentrega,App móvil,iOS,Cartagena,7,5,No
TXN-0005651,2024-08-03,29450,Libros,63050,Tarjeta crédito,App móvil,Android,Bucaramanga,5,5,No
TXN-0005047,2023-06-19,46236,Deportes,136230,Tarjeta crédito,Sitio web,Android,Manizales,6,5,No
TXN-0003461,2023-12-25,57911,Hogar,226741,Tarjeta débito,App móvil,iOS,Cartagena,4,5,No
TXN-0002934,2024-08-08,16184,Mascotas,24813,Tarjeta crédito,App móvil,Desktop,Bogotá,5,5,No
TXN-0003039,2022-02-05,54835,Moda,194450,Tarjeta crédito,App móvil,iOS,Medellín,4,5,No
TXN-0004211,2023-10-09,39010,Hogar,279707,Billetera digital,App móvil,Android,Cali,5,5,No
TXN-0004998,2022-10-21,27748,Mascotas,80711,Billetera digital,App móvil,Android,Cartagena,4,5,No
TXN-0007390,2024-05-07,58134,Moda,156782,Tarjeta débito,App móvil,Desktop,Cartagena,4,5,No
TXN-0007558,2022-03-24,23766,Hogar,112781,Billetera digital,Sitio web,Android,Manizales,7,5,No
TXN-0004363,2024-11-17,20961,Alimentos,33091,Tarjeta crédito,App móvil,Android,Cali,4,5,No
TXN-0007026,2022-09-09,30379,Hogar,115881,Tarjeta crédito,App móvil,iOS,Bogotá,4,5,No
TXN-0000614,2023-12-15,58807,Belleza,34854,Tarjeta débito,App móvil,Desktop,Ibagué,3,5,No
TXN-IMPUTADO-0137,2024-08-26,25360,Belleza,101814,Tarjeta crédito,App móvil,Android,Pereira,5,5,No
TXN-0004846,2024-11-10,23216,Electrónica,919903,Tarjeta débito,App móvil,Android,Cali,9,5,No
TXN-0001691,2022-02-06,45738,Tecnología,788465,Tarjeta crédito,App móvil,Android,Pereira,6,5,No
TXN-0007248,2024-03-05,51840,Hogar,49857,Contraentrega,App móvil,Android,Bogotá,4,5,No
TXN-0001848,2022-07-19,35301,Libros,64330,Contraentrega,App móvil,Android,Pereira,5,5,No
TXN-0004173,2022-08-05,-1,Juguetes,75482,Billetera digital,App móvil,Android,Medellín,1,5,No
TXN-0000180,2024-11-01,31403,Hogar,198547,Billetera digital,Sitio web,Desktop,Bucaramanga,3,5,No
TXN-IMPUTADO-0138,2022-01-03,57568,Moda,124225,Contraentrega,App móvil,Android,Barranquilla,9,4,No
TXN-0002566,2022-02-02,44000,Moda,106452,Tarjeta crédito,App móvil,Android,Medellín,3,5,No
TXN-0001002,2024-07-13,20510,Hogar,230970,Tarjeta débito,App móvil,Android,Bogotá,2,5,No
TXN-0000028,2022-07-18,15500,Belleza,70302,Tarjeta débito,App móvil,iOS,Barranquilla,5,5,No
TXN-IMPUTADO-0139,2024-09-12,10167,Libros,82340,Tarjeta crédito,App móvil,iOS,Cali,2,5,No
TXN-0005265,2024-06-27,47282,Belleza,106254,Tarjeta crédito,Sitio web,Desktop,Cúcuta,6,5,No
TXN-0001842,,17716,Hogar,217537,Tarjeta crédito,App móvil,Android,Cúcuta,4,5,No
TXN-0002703,2023-05-24,41836,Hogar,114089,Tarjeta débito,App móvil,Android,Cali,1,5,No
TXN-0006510,2022-04-20,33110,Electrónica,442482,Tarjeta débito,Sitio web,Android,Bogotá,6,5,No
TXN-0006058,2024-11-03,32961,Electrónica,563725,PSE,App móvil,Android,Bogotá,6,5,No
TXN-0006822,2023-12-20,33235,Alimentos,39647,Tarjeta crédito,App móvil,Android,Cali,6,5,No
TXN-0002094,2023-02-08,53367,Mascotas,106268,PSE,Sitio web,iOS,Bogotá,2,5,No
TXN-0006299,2023-05-19,19206,Moda,169189,Tarjeta débito,App móvil,Android,Bucaramanga,9,4,No
TXN-0004641,2022-12-11,10710,Belleza,74164,Tarjeta crédito,Sitio web,Android,Medellín,6,5,No
TXN-0003792,2023-04-14,43353,Electrónica,625732,Contraentrega,Sitio web,Android,Pereira,1,5,No
TXN-0002526,2023-10-22,18884,Hogar,252420,PSE,App móvil,Desktop,Bogotá,1,5,No
TXN-0000098,2023-01-12,47407,Electrónica,1216840,Tarjeta débito,Sitio web,Android,Barranquilla,2,5,No
TXN-0003945,2024-10-05,25100,Moda,180030,Tarjeta crédito,Sitio web,Android,Cartagena,6,5,No
TXN-0001496,,17308,Electrónica,466526,Billetera digital,App móvil,Desktop,Cartagena,4,5,No
TXN-0001053,2022-02-13,46026,Moda,135947,Contraentrega,App móvil,Android,Ibagué,5,5,No
TXN-IMPUTADO-0140,2022-08-12,25140,Mascotas,67876,Contraentrega,Sitio web,Desconocido,Bogotá,6,5,No
TXN-0006054,2022-04-28,31200,Mascotas,43271,Tarjeta débito,App móvil,Android,Bucaramanga,2,5,No
TXN-0007846,2022-12-08,23789,Electrónica,524529,Tarjeta crédito,Sitio web,iOS,Bogotá,6,5,No
TXN-0004402,2022-09-21,26101,Alimentos,50597,Tarjeta débito,Sitio web,Android,Cali,5,5,No
TXN-0001707,2023-06-03,49083,Hogar,130606,Tarjeta crédito,App móvil,iOS,Bogotá,4,5,No
TXN-0006895,2023-06-09,51016,Hogar,196630,Tarjeta crédito,Sitio web,Android,Bogotá,5,5,No
TXN-0004319,2023-10-13,40496,Deportes,170906,Billetera digital,App móvil,Android,Ibagué,5,5,No
TXN-0003057,2022-11-25,41036,Belleza,136790,PSE,Sitio web,Android,Barranquilla,1,5,Sí
TXN-0006578,2024-05-09,48627,Juguetes,70993,Contraentrega,App móvil,Android,Medellín,1,5,No
TXN-0002637,2023-08-07,18137,Tecnología,405399,Tarjeta crédito,App móvil,Desconocido,Bogotá,5,5,No
TXN-IMPUTADO-0141,2024-03-24,33134,Tecnología,786877,PSE,App móvil,Desktop,Medellín,3,5,No
TXN-0007109,2023-04-27,24330,Mascotas,76039,Tarjeta crédito,App móvil,Desktop,Bogotá,2,5,No
TXN-0000333,2022-10-23,54690,Electrónica,690068,Contraentrega,Sitio web,Desktop,Bucaramanga,3,5,No
TXN-0003407,2023-06-08,24453,Hogar,164423,Tarjeta crédito,Sitio web,Android,Bogotá,8,4,No
TXN-0002034,2023-09-01,14601,Electrónica,504450,PSE,Sitio web,Android,Barranquilla,6,5,No
TXN-0005608,2024-10-06,13720,Mascotas,102530,Tarjeta crédito,App móvil,Android,Barranquilla,5,5,No
TXN-0002088,2023-09-13,27884,Hogar,234095,Tarjeta débito,Sitio web,Desktop,Cali,4,5,No
TXN-0003306,2022-08-19,13295,Electrónica,430847,Tarjeta débito,Sitio web,Android,Bogotá,7,5,No
TXN-0007072,2022-03-04,50960,Hogar,256765,Tarjeta crédito,App móvil,Android,Pereira,6,5,No
TXN-0005792,2024-11-17,34890,Alimentos,7969,Tarjeta crédito,App móvil,iOS,Medellín,3,5,No
TXN-0001110,2024-05-23,11408,Moda,162533,Tarjeta crédito,App móvil,Desconocido,Bogotá,3,5,No
TXN-0001376,2023-11-28,35706,Electrónica,373420,PSE,Sitio web,Android,Bogotá,4,5,Sí
TXN-0007168,2023-04-21,31529,Moda,127180,Contraentrega,App móvil,iOS,Cali,3,5,No
TXN-0002260,2022-01-09,58314,Deportes,146929,Billetera digital,Sitio web,Android,Cúcuta,5,5,No
TXN-0003597,2024-07-15,12288,Deportes,24259,Contraentrega,App móvil,iOS,Medellín,2,5,No
TXN-0001201,2024-07-22,24561,Libros,54876,Tarjeta crédito,Sitio web,Android,Pereira,4,5,No
TXN-0005141,2023-09-19,40535,Belleza,99105,Billetera digital,Sitio web,Android,Barranquilla,4,5,No
TXN-0006858,2024-05-06,23730,Tecnología,534155,Tarjeta débito,Sitio web,Android,Bogotá,4,5,Sí
TXN-0003530,2023-08-19,30467,Belleza,80757,PSE,Sitio web,Android,Barranquilla,6,5,No
TXN-0001474,2022-05-03,12825,Belleza,111458,Tarjeta débito,App móvil,iOS,Bogotá,4,5,No
TXN-0002501,2024-04-08,35510,Electrónica,828043,Tarjeta crédito,Sitio web,Android,Medellín,4,5,No
TXN-0005084,2022-07-14,39460,Juguetes,134660,PSE,App móvil,iOS,Medellín,6,5,No
TXN-0007367,2022-10-30,50552,Tecnología,133089,PSE,Sitio web,Android,Medellín,3,5,No
TXN-0007352,2022-06-07,18516,Mascotas,74093,PSE,Sitio web,Android,Barranquilla,6,5,No
TXN-0004362,2024-05-02,51588,Moda,123404,Billetera digital,Sitio web,Android,Bogotá,3,5,No
TXN-0002677,2024-06-30,21828,Moda,18436,Tarjeta débito,Sitio web,Android,Barranquilla,5,5,No
TXN-0003688,2023-01-19,28960,Electrónica,1378107,Tarjeta crédito,Sitio web,Android,Cartagena,2,5,No
TXN-0003230,2024-09-13,21110,Juguetes,133406,Tarjeta débito,App móvil,iOS,Cali,1,5,No
TXN-0002107,2024-10-11,-1,Electrónica,566594,Tarjeta crédito,App móvil,Desconocido,Bogotá,3,5,No
TXN-0006416,2023-09-27,50699,Moda,80132,Tarjeta crédito,App móvil,Android,Cartagena,5,5,No
TXN-0005536,2024-05-10,42653,Moda,132945,Tarjeta crédito,App móvil,Desktop,Bogotá,2,5,No
TXN-0001196,2022-05-25,46919,Moda,190529,Contraentrega,Sitio web,Android,Cartagena,2,5,No
TXN-0007123,2023-09-15,17666,Belleza,78537,Billetera digital,App móvil,Android,Bogotá,4,5,Sí
TXN-0006359,2024-06-18,42620,Mascotas,57539,Tarjeta débito,App móvil,Android,Bucaramanga,4,5,No
TXN-0007671,2022-09-18,58576,Hogar,176700,Tarjeta crédito,Sitio web,Android,Barranquilla,3,5,No
TXN-0004511,2023-08-09,38554,Hogar,278462,PSE,App móvil,iOS,Medellín,5,5,No
TXN-0004316,2022-08-01,35382,Juguetes,12863,Tarjeta débito,App móvil,Android,Ibagué,5,5,No
TXN-0001749,2022-04-10,21677,Juguetes,83136,Tarjeta débito,Sitio web,Android,Bogotá,4,5,No
TXN-0006812,2024-04-10,45681,Electrónica,1011935,Tarjeta débito,App móvil,Desconocido,Bogotá,3,5,No
TXN-0007340,2024-03-01,59324,Moda,74179,Tarjeta crédito,Sitio web,Android,Medellín,4,5,No
TXN-0007967,2022-05-25,52378,Juguetes,68411,PSE,Sitio web,Desktop,Pereira,6,5,No
TXN-0001702,2022-11-08,27982,Belleza,113310,Tarjeta débito,App móvil,iOS,Pereira,5,5,No
TXN-0001979,2024-04-11,11295,Deportes,143647,Tarjeta débito,Sitio web,iOS,Pereira,3,5,No
TXN-0002940,2022-06-28,34798,Hogar,167772,PSE,App móvil,Android,Bogotá,5,5,No
TXN-0000065,2023-11-07,31827,Belleza,92563,PSE,Sitio web,Desktop,Cali,1,5,No
TXN-0004227,2024-11-26,46369,Mascotas,45916,Contraentrega,App móvil,Desktop,Barranquilla,4,5,No
TXN-0005912,2022-10-27,17479,Tecnología,1479550,Tarjeta crédito,App móvil,Android,Bogotá,4,5,No
TXN-0006474,2024-03-25,55329,Hogar,209698,Tarjeta crédito,App móvil,Desktop,Bucaramanga,12,4,No
TXN-0006978,2023-08-29,24123,Tecnología,1114211,Tarjeta débito,App móvil,iOS,Bucaramanga,1,5,No
TXN-0006251,2023-09-02,12424,Juguetes,64070,Tarjeta crédito,App móvil,Android,Cúcuta,4,5,No
TXN-0003632,2024-03-04,40284,Hogar,168956,PSE,App móvil,Android,Medellín,4,5,No
TXN-0006486,2023-03-30,33979,Moda,71980,PSE,App móvil,Android,Cali,8,5,No
TXN-0007010,2023-03-19,18301,Juguetes,90384,Billetera digital,App móvil,Android,Pereira,4,5,No
TXN-0007324,2023-11-07,56779,Electrónica,5000,Tarjeta débito,App móvil,Android,Bogotá,2,5,No
TXN-0000209,2023-01-01,40343,Deportes,119531,Tarjeta débito,Sitio web,iOS,Bogotá,5,5,No
TXN-0004360,2022-06-07,45200,Deportes,151614,Tarjeta crédito,App móvil,iOS,Bogotá,4,5,No
TXN-0007334,2023-06-10,12498,Hogar,154701,Tarjeta débito,Sitio web,iOS,Bucaramanga,5,5,No
TXN-0002839,2022-10-06,11838,Moda,130457,PSE,App móvil,Desktop,Manizales,3,5,No
TXN-0001171,2022-08-14,41039,Hogar,142784,Tarjeta crédito,App móvil,Android,Cúcuta,2,5,No
TXN-0002288,2023-09-12,18560,Deportes,32855,PSE,App móvil,Android,Medellín,5,5,No
TXN-0000790,2022-05-31,16274,Tecnología,1637008,Tarjeta débito,App móvil,iOS,Pereira,4,5,No
TXN-IMPUTADO-0142,2024-12-17,13486,Alimentos,65096,Tarjeta crédito,App móvil,Android,Bogotá,6,5,No
TXN-0002537,2022-07-21,17730,Alimentos,52743,Contraentrega,Sitio web,Desktop,Bucaramanga,2,5,No
TXN-0007218,2023-03-31,37450,Electrónica,612753,Tarjeta crédito,Sitio web,iOS,Manizales,5,5,No
TXN-0001484,2022-05-30,12113,Belleza,91200,PSE,App móvil,Android,Cali,5,5,No
TXN-0003876,2023-06-15,52800,Electrónica,332463,Tarjeta crédito,App móvil,Android,Cartagena,5,5,No
TXN-IMPUTADO-0143,2023-09-17,37676,Belleza,34314,Tarjeta crédito,Sitio web,Desktop,Bogotá,4,5,No
TXN-0001854,2023-02-26,48958,Moda,161846,Contraentrega,Sitio web,Android,Medellín,3,5,No
TXN-0001302,2022-10-22,40128,Hogar,369916,Tarjeta crédito,App móvil,Desktop,Bucaramanga,1,5,No
TXN-0002343,2023-09-28,23540,Moda,160184,Contraentrega,App móvil,iOS,Bogotá,3,5,No
TXN-0003458,2022-10-15,38709,Alimentos,71868,PSE,App móvil,Android,Pereira,4,5,No
TXN-0004723,2023-12-08,25745,Deportes,154097,Billetera digital,App móvil,Android,Bogotá,4,5,No
TXN-0000690,2022-03-31,53412,Hogar,109157,Tarjeta débito,App móvil,Android,Medellín,3,5,Sí
TXN-0007190,2022-04-03,-1,Alimentos,39419,PSE,Sitio web,Android,Ibagué,5,5,No
TXN-0004147,2023-08-11,-1,Belleza,98955,Tarjeta débito,App móvil,Desconocido,Cali,4,5,No
TXN-0007959,2024-06-05,46914,Hogar,206811,Tarjeta crédito,Sitio web,Android,Bogotá,6,5,No
TXN-0001151,2024-04-15,18702,Moda,148434,PSE,App móvil,iOS,Cali,5,5,No
TXN-0004470,2022-11-23,43672,Libros,88318,Tarjeta débito,App móvil,Android,Bogotá,3,5,No
TXN-0007266,2023-07-28,37365,Hogar,89803,Billetera digital,App móvil,iOS,Pereira,7,5,No
TXN-0002563,2023-12-06,15733,Electrónica,281690,Tarjeta débito,App móvil,iOS,Bogotá,5,5,No
TXN-0002078,2024-03-22,14506,Moda,121123,Tarjeta crédito,App móvil,iOS,Medellín,3,5,No
TXN-0004754,2024-12-28,14313,Hogar,142124,Contraentrega,App móvil,Android,Barranquilla,3,5,No
TXN-0005022,2023-06-23,34763,Moda,81775,Contraentrega,App móvil,Android,Bogotá,3,5,No
TXN-IMPUTADO-0144,2022-06-05,34085,Electrónica,611679,Tarjeta débito,Sitio web,Android,Bogotá,7,5,No
TXN-0004907,2023-04-27,28201,Belleza,77337,Tarjeta crédito,Sitio web,Android,Manizales,2,5,No
TXN-0001986,2023-11-24,56850,Tecnología,1100032,PSE,Sitio web,Android,Bogotá,1,5,No
TXN-0007496,2023-04-15,53802,Electrónica,760544,PSE,App móvil,Android,Medellín,1,5,No
TXN-0000835,2024-07-17,-1,Hogar,222188,PSE,App móvil,Android,Barranquilla,8,4,No
TXN-0004897,2024-07-02,55007,Juguetes,130115,Tarjeta débito,Sitio web,iOS,Cali,5,5,No
TXN-0005993,2023-01-25,40004,Belleza,35605,Contraentrega,App móvil,Android,Bogotá,4,5,No
TXN-0004285,,39065,Hogar,283734,Tarjeta débito,App móvil,Android,Bucaramanga,3,5,No
TXN-0006878,2022-09-08,-1,Deportes,5000,Tarjeta crédito,App móvil,Android,Cali,5,5,No
TXN-0006275,2024-10-17,25056,Tecnología,890822,Tarjeta crédito,Sitio web,iOS,Medellín,3,5,No
TXN-0002280,2024-10-17,52749,Hogar,170639,Tarjeta crédito,Sitio web,Desktop,Medellín,1,5,No
TXN-0003981,2023-08-11,33787,Hogar,142365,PSE,App móvil,Desktop,Cali,1,5,No
TXN-0006479,2023-06-02,26301,Juguetes,95664,Billetera digital,App móvil,Android,Bogotá,2,5,No
TXN-IMPUTADO-0145,2024-10-03,30036,Tecnología,841494,PSE,App móvil,Android,Medellín,1,5,No
TXN-0006401,2024-03-07,54764,Moda,98851,Tarjeta crédito,Sitio web,Android,Cartagena,2,5,No
TXN-0005756,2023-12-31,28496,Libros,55477,Tarjeta crédito,Sitio web,iOS,Medellín,3,5,No
TXN-0003258,2022-10-02,38749,Libros,42233,Contraentrega,App móvil,Android,Pereira,3,5,No
TXN-0002641,2023-01-19,45557,Deportes,177068,PSE,Sitio web,Desktop,Cartagena,4,5,No
TXN-0002646,2024-03-29,31580,Moda,113699,PSE,App móvil,iOS,Bogotá,3,5,No
TXN-0007724,2022-03-14,28078,Moda,175959,Tarjeta crédito,App móvil,Desktop,Cali,4,5,No
TXN-0000494,2023-02-05,41644,Belleza,44374,Tarjeta crédito,App móvil,Android,Bucaramanga,6,5,No
TXN-0004026,2024-05-25,59207,Belleza,123829,PSE,App móvil,Desktop,Cali,5,5,No
TXN-0005749,2023-04-29,44619,Libros,70275,Tarjeta crédito,App móvil,iOS,Barranquilla,6,5,No
TXN-0005721,2024-05-12,36009,Moda,114084,Tarjeta crédito,App móvil,Android,Barranquilla,4,5,No
TXN-0000730,2024-09-05,40258,Hogar,177909,Tarjeta crédito,App móvil,Android,Pereira,6,5,Sí
TXN-0001591,2024-03-03,16663,Deportes,185662,Tarjeta débito,App móvil,Android,Bucaramanga,3,5,No
TXN-0001738,2023-01-12,26574,Libros,57421,Contraentrega,Sitio web,Android,Manizales,3,5,No
TXN-0004005,2023-01-09,28265,Electrónica,1346866,PSE,Sitio web,Android,Barranquilla,5,5,Sí
TXN-0002253,2023-04-18,18138,Juguetes,124150,PSE,App móvil,Android,Cartagena,5,5,No
TXN-0007378,2023-03-25,12686,Libros,54458,PSE,App móvil,iOS,Barranquilla,9,5,No
TXN-0000759,2024-02-09,20079,Belleza,56653,Billetera digital,App móvil,iOS,Cali,6,5,No
TXN-0000622,2022-12-29,46105,Moda,190903,Tarjeta crédito,App móvil,Android,Bucaramanga,5,5,No
TXN-0003047,2022-01-05,48801,Belleza,59014,Tarjeta crédito,App móvil,Android,Manizales,5,5,No
TXN-0000109,2024-06-22,13185,Moda,61683,Tarjeta crédito,App móvil,Android,Medellín,6,5,No
TXN-0001688,,23212,Hogar,168018,Tarjeta crédito,Sitio web,iOS,Cali,2,5,No
TXN-0004785,2022-04-24,59554,Hogar,110370,Tarjeta débito,App móvil,Android,Medellín,4,5,No
TXN-IMPUTADO-0146,2023-08-31,13986,Moda,72734,PSE,Sitio web,Desktop,Bogotá,2,5,No
TXN-0000495,2022-11-16,27393,Alimentos,49096,Contraentrega,App móvil,Android,Ibagué,2,5,No
TXN-0005044,2023-04-02,18712,Tecnología,886491,Tarjeta crédito,App móvil,Desktop,Cali,6,5,No
TXN-0006861,2022-06-22,23948,Belleza,42459,Tarjeta crédito,Sitio web,Android,Medellín,1,5,No
TXN-0007087,2022-06-20,-1,Moda,67509,PSE,Sitio web,Android,Bogotá,3,5,No
TXN-0006875,2022-11-01,37985,Hogar,115391,PSE,App móvil,Android,Bucaramanga,5,5,No
TXN-0000884,2024-07-18,33205,Mascotas,105865,PSE,App móvil,Android,Bogotá,5,5,No
TXN-0004918,2023-04-14,25004,Mascotas,24152,PSE,App móvil,iOS,Cali,5,5,No
TXN-0006166,2023-05-09,30856,Electrónica,945334,Contraentrega,Sitio web,Android,Medellín,2,5,No
TXN-0007748,2022-05-06,-1,Libros,29083,Tarjeta crédito,App móvil,Android,Cali,5,5,No
TXN-0000710,2022-05-03,56011,Moda,97145,PSE,Sitio web,iOS,Cúcuta,5,5,No
TXN-0001540,2023-08-19,44768,Belleza,83582,PSE,App móvil,Android,Bogotá,4,5,No
TXN-0000177,2022-09-01,15076,Hogar,134085,Tarjeta crédito,App móvil,Android,Bucaramanga,4,5,No
TXN-0007974,2023-10-05,24983,Electrónica,756882,PSE,App móvil,Android,Medellín,3,5,No
TXN-0004585,2024-06-16,17264,Electrónica,672824,Billetera digital,App móvil,Android,Medellín,4,5,No
TXN-0005381,2023-08-01,16399,Juguetes,82860,Tarjeta crédito,App móvil,Android,Manizales,4,5,No
TXN-0001106,2024-04-01,11437,Electrónica,36234,Contraentrega,App móvil,Desktop,Cali,5,5,No
TXN-0004840,2022-01-23,23505,Moda,179062,Tarjeta crédito,App móvil,iOS,Pereira,1,5,No
TXN-0007683,2023-06-25,41485,Hogar,188457,Tarjeta crédito,Sitio web,Android,Bucaramanga,5,5,No
TXN-0001211,2024-09-12,36029,Belleza,101519,Tarjeta crédito,App móvil,Desktop,Bogotá,7,5,No
TXN-0005981,2022-02-16,50150,Electrónica,903722,Tarjeta crédito,App móvil,Desktop,Cali,7,5,No
TXN-0005448,2023-04-03,11033,Tecnología,1091145,Tarjeta crédito,App móvil,Android,Bogotá,3,5,No
TXN-0006302,2022-07-27,58403,Moda,13839,Tarjeta crédito,App móvil,Android,Bogotá,8,4,No
TXN-0005892,2022-06-17,-1,Alimentos,39081,PSE,Sitio web,Desktop,Cali,5,5,No
TXN-0004602,2024-04-18,34948,Electrónica,742238,Contraentrega,Sitio web,Android,Bogotá,4,5,No
TXN-0004324,2023-05-25,33847,Belleza,5000,Contraentrega,App móvil,Android,Cali,1,5,No
TXN-0006674,2022-11-06,34651,Mascotas,119667,Contraentrega,App móvil,Android,Medellín,7,5,No
TXN-0002635,2024-02-20,15214,Belleza,54120,Tarjeta débito,Sitio web,Android,Manizales,6,5,Sí
TXN-0001326,2022-08-15,33643,Alimentos,10985,Tarjeta débito,App móvil,Android,Ibagué,5,5,No
TXN-0006749,2023-04-09,12047,Belleza,113982,Contraentrega,App móvil,Desktop,Cali,9,4,No
TXN-0005781,2022-04-26,10847,Hogar,168182,Tarjeta crédito,App móvil,Android,Cartagena,6,5,No
TXN-0007988,2022-01-03,55697,Mascotas,120032,Tarjeta débito,App móvil,iOS,Cúcuta,1,5,No
TXN-0007682,2023-12-20,23002,Electrónica,439036,Tarjeta crédito,Sitio web,Android,Pereira,5,5,Sí
TXN-0003966,2022-05-11,54253,Mascotas,53257,PSE,App móvil,Android,Bogotá,6,5,No
TXN-0001884,2024-12-09,29027,Juguetes,27169,PSE,Sitio web,Desktop,Ibagué,1,5,No
TXN-0003243,2024-07-30,17230,Deportes,177940,Billetera digital,App móvil,iOS,Medellín,6,5,No
TXN-0004582,2023-09-08,24758,Belleza,110891,Tarjeta crédito,Sitio web,Android,Medellín,5,5,No
TXN-0005361,2024-05-29,59712,Hogar,90625,PSE,App móvil,Desktop,Barranquilla,1,5,No
TXN-0004328,2023-04-15,52997,Belleza,133671,Tarjeta crédito,App móvil,iOS,Pereira,6,5,No
TXN-0007468,2023-11-13,16864,Electrónica,525184,Tarjeta crédito,App móvil,Android,Bogotá,5,5,No
TXN-0002492,2023-06-11,14005,Moda,98561,Tarjeta crédito,App móvil,iOS,Cartagena,3,5,No
TXN-0003469,2023-10-02,44709,Mascotas,50637,Tarjeta débito,App móvil,Android,Cúcuta,2,5,No
TXN-0007131,,27781,Belleza,98076,Tarjeta crédito,Sitio web,Android,Bogotá,5,5,No
TXN-0005643,2024-01-12,14166,Electrónica,726392,Tarjeta crédito,Sitio web,Desktop,Bogotá,3,5,No
TXN-0000976,2024-09-03,30350,Moda,139873,PSE,App móvil,Android,Bogotá,6,5,No
TXN-0005423,2022-04-20,20635,Belleza,42237,Tarjeta crédito,App móvil,iOS,Medellín,5,5,No
TXN-0006964,2022-04-02,15385,Mascotas,41674,Billetera digital,Sitio web,Android,Bogotá,1,5,No
TXN-0007528,2022-11-04,32807,Moda,182172,PSE,App móvil,Android,Bogotá,1,5,No
TXN-0007788,2022-03-17,50721,Tecnología,793499,Tarjeta crédito,App móvil,Android,Manizales,3,5,Sí
TXN-0006987,2023-07-10,41184,Moda,187448,Tarjeta débito,App móvil,iOS,Barranquilla,5,5,No
TXN-0000560,2024-08-11,36708,Alimentos,58048,Tarjeta crédito,Sitio web,iOS,Pereira,6,5,No
TXN-0005548,2022-08-26,26653,Libros,67397,PSE,Sitio web,Android,Pereira,6,5,No
TXN-0007666,2023-01-11,17759,Libros,47282,Contraentrega,App móvil,Android,Bogotá,2,5,No
TXN-0004007,2023-10-18,10201,Libros,50170,Tarjeta crédito,Sitio web,Desktop,Cali,4,5,No
TXN-0004263,2022-03-21,18597,Electrónica,856699,Tarjeta crédito,Sitio web,Android,Medellín,1,5,No
TXN-0005603,2022-01-22,47749,Electrónica,985826,Tarjeta crédito,App móvil,Android,Bogotá,1,5,No
TXN-0000219,2022-10-16,21269,Tecnología,794297,Contraentrega,Sitio web,iOS,Bucaramanga,4,5,No
TXN-0004267,2022-05-23,30884,Alimentos,33131,Tarjeta crédito,App móvil,Desktop,Cali,2,5,No
TXN-IMPUTADO-0147,2024-09-25,44871,Libros,59797,Tarjeta crédito,Sitio web,Android,Bogotá,5,5,No
TXN-0006834,2024-07-10,35465,Moda,66541,PSE,App móvil,iOS,Manizales,5,5,No
TXN-0001363,2023-03-06,50543,Electrónica,356605,Tarjeta crédito,Sitio web,Android,Bogotá,3,5,No
TXN-0000006,2024-08-31,58714,Belleza,72603,PSE,Sitio web,Android,Bogotá,2,5,No
TXN-0004429,2024-03-19,50916,Moda,111726,Tarjeta crédito,Sitio web,Android,Medellín,8,3,No
TXN-0007338,2022-03-15,11790,Moda,163989,Tarjeta crédito,App móvil,iOS,Bogotá,3,5,No
TXN-0002046,2024-11-15,56560,Moda,59051,Tarjeta crédito,Sitio web,Android,Ibagué,1,5,No
TXN-0002385,2023-12-21,57964,Electrónica,774852,Tarjeta crédito,App móvil,iOS,Bogotá,2,5,No
TXN-0006157,2023-09-10,47838,Moda,256819,Contraentrega,App móvil,Android,Bogotá,5,5,No
TXN-0003487,2023-03-17,59300,Hogar,206889,Contraentrega,App móvil,iOS,Bogotá,1,5,No
TXN-0001493,2022-06-12,31111,Mascotas,52260,Tarjeta crédito,App móvil,Android,Cali,11,5,No
TXN-0004717,2023-03-17,55901,Hogar,224787,Tarjeta crédito,Sitio web,iOS,Bogotá,4,5,No
TXN-0004020,2024-04-11,46786,Electrónica,1240689,PSE,App móvil,Android,Bogotá,5,5,No
TXN-0003751,2024-02-10,11873,Moda,67981,PSE,Sitio web,Desktop,Medellín,5,5,Sí
TXN-0005579,2023-09-29,44868,Moda,170752,PSE,App móvil,iOS,Medellín,5,5,No
TXN-0003034,2024-03-07,31105,Belleza,55376,Tarjeta crédito,App móvil,Android,Bogotá,4,5,No
TXN-0001606,2022-06-08,52344,Tecnología,1196312,Tarjeta débito,App móvil,Desktop,Bogotá,2,5,No
TXN-0003153,,29014,Tecnología,1158881,Tarjeta crédito,App móvil,Android,Cali,2,5,No
TXN-0002459,2024-09-24,44214,Electrónica,446444,Contraentrega,App móvil,Desktop,Bogotá,4,5,No
TXN-0001027,2024-07-14,34895,Hogar,299297,PSE,App móvil,Desktop,Bogotá,5,5,No
TXN-0003657,2022-04-20,47387,Electrónica,1218699,PSE,Sitio web,iOS,Manizales,3,5,No
TXN-0002912,2023-01-03,15066,Alimentos,43117,Tarjeta débito,App móvil,iOS,Bogotá,4,5,No
TXN-0005496,2024-04-15,51954,Electrónica,664878,Contraentrega,Sitio web,Android,Medellín,3,5,No
TXN-0002514,2023-11-27,57892,Libros,96956,Billetera digital,Sitio web,Android,Bogotá,6,5,No
TXN-0006980,2023-02-12,11529,Belleza,85390,PSE,App móvil,Android,Pereira,2,5,No
TXN-0006087,2024-01-04,29111,Electrónica,452182,Tarjeta crédito,App móvil,iOS,Bucaramanga,5,5,No
TXN-0007385,2022-08-24,35425,Electrónica,963729,PSE,App móvil,Android,Bogotá,5,5,No
TXN-0005724,2023-12-03,-1,Electrónica,1175336,Contraentrega,App móvil,Android,Bogotá,5,5,No
TXN-0000613,2023-06-08,-1,Moda,167010,Billetera digital,Sitio web,Desktop,Bucaramanga,4,5,No
TXN-0001957,2022-01-24,28647,Libros,33021,PSE,Sitio web,Android,Bogotá,4,5,No
TXN-0007381,2024-05-29,38101,Moda,32003,Contraentrega,App móvil,Android,Ibagué,2,5,No
TXN-IMPUTADO-0148,2023-06-13,18854,Deportes,272472,Billetera digital,Sitio web,iOS,Medellín,2,5,No
TXN-0007036,2023-02-14,44166,Alimentos,5000,Tarjeta crédito,App móvil,Android,Barranquilla,3,5,No
TXN-0006903,2022-07-29,10903,Alimentos,39037,Billetera digital,App móvil,Android,Manizales,4,5,No
TXN-0001875,2023-08-30,23639,Mascotas,71198,Contraentrega,Sitio web,iOS,Manizales,2,5,No
TXN-0003432,2023-03-20,36668,Electrónica,490675,PSE,App móvil,Android,Cúcuta,2,5,No
TXN-0001369,2023-07-27,40014,Belleza,87247,PSE,App móvil,Desktop,Bogotá,5,5,No
TXN-IMPUTADO-0149,2022-05-17,15584,Belleza,56009,PSE,App móvil,iOS,Medellín,5,5,No
TXN-0006263,2023-02-11,10018,Electrónica,589609,Tarjeta crédito,App móvil,Desconocido,Bogotá,3,5,No
TXN-0006599,2024-06-22,24178,Tecnología,959309,Tarjeta crédito,App móvil,iOS,Bogotá,5,5,No
TXN-0007424,2023-06-28,39755,Hogar,237206,Tarjeta débito,App móvil,Desktop,Medellín,1,5,No
TXN-0002062,2024-05-08,46767,Alimentos,27736,PSE,Sitio web,Desktop,Medellín,1,5,No
TXN-0005734,2023-01-05,14731,Electrónica,195967,Tarjeta crédito,App móvil,Desktop,Bogotá,8,3,No
TXN-0002931,2023-06-04,21762,Electrónica,339143,Contraentrega,App móvil,Android,Bogotá,3,5,No
TXN-0004058,,-1,Tecnología,765784,Contraentrega,App móvil,Desktop,Cali,3,5,No
TXN-0001708,2022-06-10,29209,Electrónica,508049,Tarjeta crédito,App móvil,Desktop,Barranquilla,2,5,Sí
TXN-0004368,2024-09-10,49398,Deportes,142058,Tarjeta débito,App móvil,Android,Bogotá,3,5,No
TXN-0007709,2023-12-02,35911,Moda,27194,PSE,App móvil,Android,Cúcuta,8,5,No
TXN-0006448,2023-05-04,51950,Belleza,76784,Billetera digital,App móvil,Desktop,Barranquilla,5,5,No
TXN-0002180,2022-06-24,44300,Electrónica,611667,Tarjeta débito,Sitio web,iOS,Cali,4,5,No
TXN-0006857,2022-09-21,12096,Moda,181773,Tarjeta débito,App móvil,Android,Bogotá,2,5,No
TXN-0006603,2022-01-28,17807,Belleza,79084,PSE,App móvil,Android,Bogotá,5,5,No
TXN-0003834,2024-12-13,16068,Alimentos,42813,Tarjeta débito,Sitio web,Desktop,Cali,5,5,No
TXN-0005709,2024-03-20,29320,Electrónica,566650,PSE,App móvil,Android,Barranquilla,2,5,No
TXN-0007017,2024-06-09,23396,Moda,117273,Tarjeta crédito,Sitio web,Desktop,Cali,3,5,No
TXN-0003042,2024-10-28,54497,Belleza,108932,Tarjeta débito,Sitio web,iOS,Cartagena,4,5,No
TXN-0006865,2022-05-10,41479,Deportes,137398,PSE,App móvil,Android,Bogotá,2,5,No
TXN-0004188,2022-03-06,31271,Electrónica,695132,Tarjeta crédito,App móvil,Desktop,Bogotá,2,5,No
TXN-0007559,2022-12-08,46659,Alimentos,33823,Tarjeta débito,App móvil,Android,Bogotá,3,5,No
TXN-0001164,2024-01-22,23531,Hogar,161280,Tarjeta débito,App móvil,Desktop,Manizales,1,5,No
TXN-0006662,2023-09-28,48072,Electrónica,525474,Tarjeta crédito,App móvil,Android,Bogotá,1,5,No
TXN-0000913,2022-12-03,21636,Belleza,11771,Contraentrega,Sitio web,iOS,Ibagué,14,4,No
TXN-0007876,2022-08-31,45699,Belleza,34095,Tarjeta débito,App móvil,Desktop,Pereira,7,5,No
TXN-0006693,2023-04-11,38509,Deportes,121245,Billetera digital,App móvil,Android,Bogotá,3,5,No
TXN-0001910,2023-01-15,27788,Electrónica,523195,Tarjeta crédito,Sitio web,Desktop,Barranquilla,1,5,No
TXN-0001661,2023-08-25,49716,Belleza,76166,Tarjeta crédito,App móvil,Desktop,Bogotá,2,5,No
TXN-0002506,2022-08-15,28750,Hogar,171734,Contraentrega,Sitio web,Desktop,Cali,9,4,No
TXN-0001927,2024-11-01,52408,Electrónica,739253,Billetera digital,App móvil,iOS,Cali,4,5,No
TXN-0007409,2024-12-26,59446,Moda,108028,Contraentrega,Sitio web,Android,Barranquilla,5,5,No
TXN-0002991,2024-03-31,53622,Mascotas,58612,PSE,Sitio web,Android,Pereira,4,5,No
TXN-0004416,2022-06-23,34645,Alimentos,27878,Contraentrega,App móvil,iOS,Cali,5,5,No
TXN-0001224,2024-04-05,57508,Hogar,120565,Tarjeta débito,Sitio web,Android,Barranquilla,4,5,No
TXN-0000125,2023-09-07,16677,Deportes,161777,Contraentrega,App móvil,Android,Bogotá,1,5,No
TXN-IMPUTADO-0150,2024-01-12,12068,Moda,98662,PSE,App móvil,Android,Bogotá,4,5,No
TXN-0002995,2023-10-12,32810,Moda,78536,Tarjeta débito,Sitio web,Android,Medellín,2,5,No
TXN-0000893,2023-07-21,40014,Libros,87848,Tarjeta crédito,App móvil,iOS,Medellín,6,5,No
TXN-0006668,2023-03-26,23863,Hogar,295681,Tarjeta débito,Sitio web,Android,Cartagena,3,5,No
TXN-0004905,2024-10-03,41687,Belleza,121655,Contraentrega,App móvil,iOS,Ibagué,2,5,No
TXN-0004917,,16056,Hogar,121582,Billetera digital,Sitio web,Desktop,Barranquilla,1,5,No
TXN-0003441,2024-01-27,11489,Belleza,99830,PSE,Sitio web,Android,Bucaramanga,2,5,No
TXN-0007858,2023-08-28,22730,Moda,93480,Tarjeta débito,App móvil,Android,Barranquilla,4,5,No
TXN-0000086,2022-10-07,49558,Electrónica,809347,Tarjeta débito,Sitio web,iOS,Bogotá,2,5,No
TXN-0005764,2024-08-17,52904,Belleza,24815,Tarjeta débito,Sitio web,Desktop,Bogotá,1,5,No
TXN-0002422,2024-03-04,17005,Electrónica,420648,Billetera digital,App móvil,iOS,Medellín,6,5,No
TXN-0001381,2022-05-29,36731,Electrónica,535739,Tarjeta crédito,App móvil,Desktop,Manizales,5,5,No
TXN-0007301,2022-07-30,59053,Electrónica,528996,Tarjeta crédito,App móvil,Desktop,Medellín,1,5,No
TXN-0007211,2024-06-29,21261,Belleza,87998,PSE,App móvil,Android,Bogotá,4,5,No
TXN-IMPUTADO-0151,2022-12-24,10422,Mascotas,36402,Tarjeta crédito,App móvil,iOS,Medellín,3,5,No
TXN-0003180,2023-06-15,12892,Juguetes,105437,Tarjeta débito,App móvil,Android,Cartagena,6,5,No
TXN-0005667,2024-11-20,14558,Moda,202984,Tarjeta débito,Sitio web,Desconocido,Cartagena,5,5,No
TXN-0007075,2024-04-19,29605,Electrónica,581256,PSE,App móvil,iOS,Bogotá,6,5,No
TXN-0000079,2022-09-14,52287,Juguetes,102004,PSE,Sitio web,iOS,Barranquilla,8,4,No
TXN-0003063,2023-01-02,37562,Juguetes,158591,Billetera digital,Sitio web,Desktop,Medellín,5,5,No
TXN-0000253,2024-01-22,44817,Tecnología,548403,Tarjeta débito,App móvil,Android,Cali,7,5,No
TXN-0002736,2023-04-09,19130,Moda,144765,Contraentrega,App móvil,Android,Medellín,8,3,No
TXN-0002649,2022-05-31,39109,Electrónica,117549,Contraentrega,Sitio web,iOS,Medellín,5,5,No
TXN-0004436,2023-04-19,43610,Electrónica,310407,PSE,Sitio web,iOS,Medellín,7,5,No
TXN-0001799,2022-06-01,38180,Alimentos,10734,PSE,Sitio web,Android,Pereira,8,5,No
TXN-0002341,2022-07-03,16975,Alimentos,35500,Tarjeta débito,App móvil,Desktop,Bogotá,6,5,No
TXN-0007415,2022-08-06,21055,Moda,200910,Tarjeta débito,Sitio web,Android,Medellín,4,5,No
TXN-0001955,2022-01-05,32757,Juguetes,19284,PSE,Sitio web,Android,Bogotá,6,5,No
TXN-0000004,2024-08-16,57499,Libros,61295,Tarjeta débito,Sitio web,Desktop,Cali,1,5,No
TXN-0000502,2023-10-29,33906,Moda,143454,Billetera digital,App móvil,iOS,Bucaramanga,3,5,No
TXN-0000311,2022-07-27,42632,Moda,174456,Tarjeta débito,Sitio web,Desktop,Bogotá,7,5,No
TXN-0004866,2024-02-25,37892,Tecnología,588507,Tarjeta crédito,App móvil,Android,Bogotá,7,5,No
TXN-0003559,2024-02-24,42536,Alimentos,59274,Tarjeta crédito,Sitio web,Desktop,Barranquilla,5,5,No
TXN-0005853,2023-04-10,12377,Alimentos,52792,Tarjeta débito,App móvil,Android,Bogotá,7,5,No
TXN-0006146,2023-12-03,40908,Alimentos,60877,Tarjeta crédito,Sitio web,Android,Medellín,3,5,No
TXN-0000609,2023-08-20,44104,Tecnología,974919,Tarjeta débito,App móvil,Android,Bogotá,3,5,No
TXN-0006217,2023-03-12,53189,Alimentos,66770,Tarjeta crédito,App móvil,Desktop,Medellín,2,5,No
TXN-0007920,2022-09-07,15797,Electrónica,392072,Tarjeta crédito,App móvil,Android,Medellín,3,5,No
TXN-0005145,2023-03-07,48247,Alimentos,35606,Tarjeta crédito,App móvil,Android,Cali,6,5,No
TXN-0003473,2024-09-01,49155,Alimentos,27193,Tarjeta débito,Sitio web,Android,Bogotá,2,5,No
TXN-0003529,2023-10-08,45636,Alimentos,53300,Billetera digital,App móvil,iOS,Ibagué,7,5,No
TXN-0005160,2024-06-19,39811,Deportes,222568,Tarjeta débito,Sitio web,iOS,Bogotá,4,5,No
TXN-IMPUTADO-0152,2023-11-06,21307,Electrónica,873839,Tarjeta débito,App móvil,Desktop,Manizales,5,5,No
TXN-0005828,2023-07-25,15479,Hogar,170931,Tarjeta crédito,Sitio web,iOS,Bucaramanga,3,5,No
TXN-0001050,2022-12-23,41423,Hogar,154146,PSE,Sitio web,Android,Barranquilla,6,5,No
TXN-0004444,2022-12-04,54233,Deportes,185764,Tarjeta débito,Sitio web,iOS,Barranquilla,6,5,No
TXN-0001997,2024-06-01,20844,Mascotas,22685,Tarjeta débito,App móvil,iOS,Ibagué,1,5,No
TXN-0000104,2023-11-01,14814,Juguetes,111834,Billetera digital,Sitio web,Android,Bogotá,4,5,No
TXN-0006335,2024-03-05,28582,Belleza,38891,Contraentrega,App móvil,iOS,Ibagué,6,5,No
TXN-0001280,2022-10-17,27895,Electrónica,882395,Tarjeta crédito,App móvil,Desktop,Medellín,4,5,No
TXN-0002983,2023-05-27,10812,Electrónica,575959,Tarjeta crédito,Sitio web,Android,Bogotá,4,5,No
TXN-0007963,2024-07-12,-1,Alimentos,39701,Tarjeta débito,Sitio web,iOS,Cúcuta,4,5,No
TXN-0001259,2023-02-15,27902,Belleza,57045,PSE,Sitio web,Desktop,Bogotá,3,5,No
TXN-0007787,2022-04-25,29049,Hogar,137802,PSE,Sitio web,Desktop,Barranquilla,2,5,No
TXN-0006974,2023-11-06,50411,Electrónica,319791,PSE,Sitio web,Android,Bogotá,6,5,No
TXN-0006821,2024-03-11,21311,Mascotas,100508,Tarjeta crédito,App móvil,Android,Bogotá,4,5,No
TXN-0002154,2022-03-11,38062,Belleza,89208,Tarjeta débito,Sitio web,iOS,Cali,6,5,No
TXN-0006851,2023-02-19,41853,Moda,136160,PSE,Sitio web,Android,Medellín,7,5,No
TXN-0000816,2024-05-06,13961,Moda,91736,Tarjeta débito,App móvil,Android,Medellín,3,5,No
TXN-0000118,2023-05-11,27810,Moda,96245,Tarjeta débito,App móvil,Desktop,Bucaramanga,1,5,No
TXN-0003182,2022-06-29,51055,Electrónica,128868,Tarjeta débito,Sitio web,Android,Cali,3,5,No
TXN-0002445,2022-12-13,23211,Juguetes,78911,Tarjeta crédito,App móvil,Desktop,Bucaramanga,4,5,No
TXN-0003095,2022-12-18,25149,Alimentos,23307,Tarjeta crédito,App móvil,Desktop,Bogotá,5,5,No
TXN-0006722,2022-04-13,34061,Mascotas,71456,Tarjeta débito,Sitio web,Desktop,Pereira,5,5,No
TXN-0005535,2024-10-26,46691,Tecnología,551862,Tarjeta débito,App móvil,Android,Barranquilla,3,5,No
TXN-0004681,2022-02-08,43614,Moda,144674,Tarjeta crédito,Sitio web,iOS,Medellín,2,5,No
TXN-0007968,2024-05-19,46031,Libros,66695,Tarjeta crédito,Sitio web,iOS,Bogotá,7,5,No
TXN-0003249,2022-07-27,36964,Alimentos,56665,Billetera digital,App móvil,Desconocido,Medellín,2,5,No
TXN-0002540,2022-08-26,41934,Electrónica,1079752,Tarjeta débito,Sitio web,Android,Manizales,4,5,No
TXN-0005725,2022-03-31,49189,Belleza,12837,Tarjeta débito,App móvil,Desktop,Bucaramanga,6,5,No
TXN-0002966,2023-04-30,43822,Moda,56928,Tarjeta débito,Sitio web,Android,Cartagena,7,5,No
TXN-0002278,2023-01-10,39871,Mascotas,21102,Tarjeta débito,App móvil,Desktop,Bogotá,2,5,No
TXN-0004543,2022-01-11,25636,Alimentos,26198,Tarjeta crédito,Sitio web,iOS,Pereira,11,5,No
TXN-0002113,2024-12-14,53279,Hogar,187536,Tarjeta crédito,App móvil,Desconocido,Medellín,6,5,No
TXN-0003775,2024-08-01,44716,Tecnología,705920,Tarjeta crédito,Sitio web,Desktop,Manizales,7,5,No
TXN-0002597,2023-01-20,46729,Hogar,297347,Tarjeta crédito,App móvil,Android,Barranquilla,1,5,No
TXN-0004996,2022-09-24,19135,Hogar,117749,Tarjeta crédito,App móvil,Desktop,Bogotá,6,5,No
TXN-0001199,2023-01-29,38941,Moda,46788,Tarjeta crédito,Sitio web,Android,Barranquilla,5,5,No
TXN-0004349,2024-01-24,-1,Alimentos,6687,Contraentrega,App móvil,iOS,Pereira,8,3,No
TXN-0004210,,58155,Libros,51967,Tarjeta crédito,App móvil,Android,Medellín,1,5,No
TXN-0005894,2024-06-08,28750,Hogar,153000,Tarjeta débito,App móvil,Android,Bogotá,7,5,No
TXN-0005552,2022-11-20,54470,Tecnología,1351366,Tarjeta crédito,App móvil,Desktop,Pereira,5,5,No
TXN-0004353,2022-04-21,49754,Moda,223684,Tarjeta crédito,App móvil,Desktop,Barranquilla,5,5,No
TXN-0007452,2022-07-07,39280,Hogar,271386,PSE,App móvil,Desktop,Medellín,3,5,No
TXN-0006711,2023-04-18,59633,Deportes,163411,PSE,App móvil,Desktop,Cali,5,5,No
TXN-0002468,2022-03-02,40006,Libros,62544,Tarjeta crédito,App móvil,Android,Bogotá,6,5,Sí
TXN-0006277,2022-06-07,10196,Electrónica,1076904,Contraentrega,App móvil,Android,Bogotá,4,5,No
TXN-0005580,2023-05-21,28307,Belleza,117579,Tarjeta débito,App móvil,Android,Cali,6,5,No
TXN-0004648,2023-11-16,59408,Hogar,127271,Tarjeta débito,Sitio web,iOS,Bogotá,5,5,No
TXN-0006574,2022-09-09,27962,Libros,57659,Contraentrega,Sitio web,iOS,Medellín,5,5,No
TXN-0000400,2022-01-13,30977,Moda,69005,Tarjeta crédito,App móvil,iOS,Bogotá,2,5,No
TXN-0006782,2024-02-08,32582,Hogar,237567,PSE,Sitio web,Android,Medellín,5,5,No
TXN-0003593,2024-12-18,25210,Deportes,218103,Contraentrega,Sitio web,Android,Bogotá,4,5,No
TXN-0002172,2022-10-17,54648,Electrónica,116063,PSE,App móvil,iOS,Bogotá,3,5,No
TXN-0005598,2023-06-14,22955,Libros,82118,Tarjeta crédito,Sitio web,Android,Cali,6,5,No
TXN-0004599,2022-05-28,13153,Tecnología,543577,Tarjeta crédito,App móvil,Desktop,Pereira,5,5,No
TXN-0003992,2022-12-22,30632,Moda,180424,PSE,App móvil,iOS,Bogotá,5,5,No
TXN-0007645,2022-01-26,56860,Electrónica,536405,Billetera digital,App móvil,iOS,Barranquilla,5,5,No
TXN-0002427,2023-03-10,35717,Alimentos,53860,Tarjeta crédito,App móvil,Android,Bogotá,3,5,No
TXN-0003803,2022-09-08,17691,Juguetes,42694,Tarjeta débito,Sitio web,Android,Barranquilla,3,5,No
TXN-0001265,2024-07-02,29853,Mascotas,54188,Tarjeta crédito,Sitio web,Android,Pereira,4,5,No
TXN-0006355,2024-07-16,19622,Tecnología,389092,Tarjeta débito,Sitio web,iOS,Bogotá,4,5,No
TXN-0003001,2022-09-23,42430,Alimentos,88275,Tarjeta crédito,App móvil,Android,Cali,4,5,No
TXN-0003999,2024-12-29,59741,Deportes,224450,Tarjeta crédito,App móvil,Android,Bogotá,2,5,No
TXN-0001448,2024-09-27,50275,Juguetes,136647,Tarjeta crédito,Sitio web,Android,Bogotá,4,5,No
TXN-0004393,2024-08-17,15704,Moda,212565,Tarjeta crédito,Sitio web,Android,Bucaramanga,2,5,No
TXN-0007156,2023-08-13,15406,Electrónica,276499,Tarjeta crédito,App móvil,iOS,Manizales,4,5,No
TXN-0001569,2024-06-30,13902,Deportes,235481,Tarjeta crédito,App móvil,Android,Medellín,2,5,No
TXN-0002521,2022-01-21,59844,Hogar,181697,Contraentrega,App móvil,Desconocido,Pereira,3,5,No
TXN-0001223,2022-05-28,34729,Electrónica,516428,Contraentrega,App móvil,Desktop,Medellín,2,5,No
TXN-0000857,2023-07-25,31029,Belleza,69474,Contraentrega,Sitio web,Desktop,Bogotá,3,5,No
TXN-0005521,2022-04-09,26197,Moda,165486,Contraentrega,App móvil,iOS,Manizales,4,5,No
TXN-0001731,2022-09-10,42237,Mascotas,90523,Tarjeta crédito,Sitio web,Desktop,Barranquilla,5,5,No
TXN-0002643,2023-11-24,52121,Tecnología,800638,Tarjeta débito,App móvil,Android,Cali,5,5,No
TXN-0007924,,57173,Electrónica,485334,Tarjeta crédito,App móvil,Android,Bucaramanga,5,5,No
TXN-0001653,2024-07-26,17194,Electrónica,416899,Tarjeta débito,App móvil,Android,Bogotá,5,5,No
TXN-0005550,2022-09-17,34184,Electrónica,360113,Tarjeta crédito,Sitio web,Android,Ibagué,5,5,No
TXN-IMPUTADO-0153,2023-06-09,33866,Moda,150733,Tarjeta crédito,Sitio web,Android,Pereira,3,5,No
TXN-0004627,2024-04-27,16825,Hogar,128156,Tarjeta débito,App móvil,Android,Bogotá,3,5,No
TXN-0006099,2024-04-27,15931,Alimentos,22516,PSE,App móvil,iOS,Bogotá,5,5,No
TXN-0006832,,42847,Tecnología,1074574,Contraentrega,Sitio web,Desktop,Cali,1,5,No
TXN-0006225,2023-03-18,32661,Deportes,273983,PSE,App móvil,Android,Barranquilla,5,5,No
TXN-0003938,2023-12-15,18867,Deportes,103934,Contraentrega,App móvil,Android,Pereira,2,5,No
TXN-0000342,2023-07-07,49337,Juguetes,93584,Tarjeta débito,Sitio web,iOS,Medellín,3,5,No
TXN-0007197,2024-06-13,13215,Belleza,77058,Tarjeta crédito,App móvil,Desktop,Bogotá,3,5,No
TXN-0006211,2023-11-07,32271,Belleza,68263,Tarjeta crédito,App móvil,Android,Barranquilla,2,5,No
TXN-0005867,2022-03-20,26710,Moda,196365,Tarjeta débito,App móvil,Android,Barranquilla,6,5,No
TXN-0001655,2022-05-10,12781,Belleza,67446,Billetera digital,App móvil,iOS,Bogotá,3,5,No
TXN-0007602,2024-04-27,42497,Electrónica,1075532,Tarjeta crédito,App móvil,Android,Medellín,4,5,No
TXN-IMPUTADO-0154,2024-05-20,19005,Electrónica,754038,PSE,App móvil,Desktop,Ibagué,7,5,Sí
TXN-0000541,2022-02-24,42287,Belleza,84352,Tarjeta crédito,App móvil,Android,Bogotá,5,5,No
TXN-0002195,2022-10-20,35654,Alimentos,25901,PSE,App móvil,Android,Ibagué,3,5,No
TXN-0001337,2023-10-19,35794,Electrónica,548186,Tarjeta crédito,App móvil,Android,Cali,4,5,No
TXN-IMPUTADO-0155,2022-10-14,22317,Electrónica,899610,Tarjeta débito,Sitio web,iOS,Medellín,3,5,No
TXN-0003801,2024-11-23,58203,Electrónica,214033,Billetera digital,App móvil,iOS,Bogotá,6,5,No
TXN-0002030,2022-07-04,40143,Alimentos,57702,Billetera digital,App móvil,Android,Bogotá,3,5,No
TXN-0004556,2022-06-06,38676,Hogar,232664,Billetera digital,App móvil,iOS,Bogotá,2,5,No
TXN-0002215,2023-02-16,38431,Deportes,7077,Tarjeta crédito,App móvil,Desktop,Medellín,4,5,No
TXN-0007200,2023-06-24,39462,Alimentos,29817,PSE,Sitio web,Android,Cali,5,5,No
TXN-0004758,2022-03-12,55772,Belleza,35895,Tarjeta débito,App móvil,Android,Bogotá,6,5,No
TXN-0002399,2023-01-06,25796,Moda,144812,PSE,App móvil,Android,Cali,8,5,No
TXN-0003813,2024-12-02,10225,Libros,30431,Tarjeta crédito,App móvil,Android,Bogotá,4,5,No
TXN-0002114,2023-03-19,48465,Hogar,266630,Tarjeta débito,App móvil,Android,Bogotá,5,5,No
TXN-0002994,2024-04-29,19423,Deportes,183879,Tarjeta crédito,App móvil,iOS,Cúcuta,6,5,No
TXN-0005191,2022-03-20,13528,Tecnología,247817,Billetera digital,App móvil,Desktop,Cali,3,5,No
TXN-0003216,2023-05-13,30162,Alimentos,83044,Billetera digital,App móvil,iOS,Manizales,5,5,No
TXN-0007772,2022-05-23,45766,Hogar,249131,Billetera digital,Sitio web,Desktop,Cartagena,4,5,No
TXN-0000701,2023-03-14,27706,Moda,149397,Contraentrega,Sitio web,Android,Barranquilla,3,5,No
TXN-0002553,2024-01-07,10454,Deportes,163141,Tarjeta crédito,App móvil,Android,Bogotá,2,5,No
TXN-0005419,2024-04-03,20461,Alimentos,55952,Tarjeta crédito,App móvil,Android,Bogotá,3,5,No
TXN-0004911,2022-02-03,-1,Moda,112330,Tarjeta crédito,Sitio web,iOS,Bucaramanga,2,5,No
TXN-IMPUTADO-0156,2023-12-05,28760,Belleza,90284,Tarjeta débito,App móvil,Android,Bogotá,4,5,No
TXN-0004810,,14240,Libros,57624,Contraentrega,Sitio web,Android,Medellín,5,5,No
TXN-0007006,2022-05-18,14093,Moda,133113,PSE,App móvil,Android,Cali,6,5,No
TXN-0005305,2024-10-28,21219,Moda,118251,Contraentrega,App móvil,Android,Cúcuta,3,5,No
TXN-0005298,2022-03-20,42385,Belleza,91554,PSE,App móvil,iOS,Bogotá,7,5,No
TXN-IMPUTADO-0157,2024-03-09,58055,Moda,160153,Tarjeta crédito,Sitio web,Android,Bucaramanga,2,5,Sí
TXN-0005748,2022-03-30,29918,Mascotas,15411,Billetera digital,App móvil,Android,Medellín,3,5,No
TXN-0006883,2024-10-17,43866,Deportes,188739,Billetera digital,App móvil,Desktop,Medellín,1,5,No
TXN-0005163,2024-04-03,52810,Hogar,114631,PSE,App móvil,Android,Medellín,6,5,No
TXN-IMPUTADO-0158,2022-08-21,48519,Tecnología,836687,PSE,Sitio web,Android,Cali,6,5,No
TXN-0001792,2024-06-21,58118,Tecnología,856828,Tarjeta crédito,Sitio web,iOS,Bogotá,5,5,No
TXN-0005971,2022-01-09,45362,Tecnología,175339,PSE,Sitio web,Desktop,Medellín,2,5,No
TXN-0006179,2023-07-29,31846,Deportes,194978,PSE,Sitio web,Android,Cali,5,5,No
TXN-0003430,2022-01-03,32115,Libros,43145,Contraentrega,App móvil,iOS,Cartagena,3,5,No
TXN-0001829,2023-08-04,10552,Electrónica,800364,Tarjeta crédito,App móvil,Android,Bucaramanga,5,5,No
TXN-0002888,2023-11-18,57408,Alimentos,27796,Tarjeta crédito,Sitio web,iOS,Bogotá,1,5,No
TXN-0003368,2024-06-18,49948,Hogar,94223,Tarjeta débito,App móvil,Desktop,Bucaramanga,6,5,No
TXN-0003880,2022-10-26,54500,Electrónica,1155104,Tarjeta débito,Sitio web,iOS,Cartagena,6,5,No
TXN-0006630,2022-11-01,57338,Libros,38222,PSE,App móvil,Desktop,Cali,8,5,No
TXN-0007016,2024-01-06,31208,Alimentos,90152,Billetera digital,App móvil,Android,Medellín,3,5,No
TXN-0004942,2022-08-19,16972,Moda,105239,Tarjeta crédito,App móvil,Android,Cúcuta,5,5,No
TXN-0003797,2022-01-09,59471,Hogar,368115,Tarjeta crédito,App móvil,Desconocido,Manizales,4,5,No
TXN-0004831,2023-07-11,40637,Moda,141051,Tarjeta crédito,Sitio web,Android,Cali,4,5,No
TXN-0001142,2023-12-25,50472,Libros,51527,Tarjeta crédito,App móvil,Desktop,Bucaramanga,5,5,No
TXN-0004276,2022-12-21,42283,Electrónica,766352,Tarjeta crédito,App móvil,Desktop,Medellín,4,5,No
TXN-0004081,2024-12-16,52275,Moda,191882,Tarjeta débito,App móvil,Android,Bogotá,5,5,No
TXN-0000665,2024-02-14,20306,Electrónica,329018,Tarjeta crédito,Sitio web,Desktop,Pereira,6,5,No
TXN-IMPUTADO-0159,2023-04-11,12226,Electrónica,915460,Tarjeta crédito,App móvil,Android,Cali,6,5,Sí
TXN-0005242,2024-02-15,31072,Tecnología,422655,Billetera digital,Sitio web,Desktop,Medellín,2,5,No
TXN-0007480,2023-05-23,31912,Hogar,219765,Billetera digital,App móvil,Android,Bogotá,5,5,No
TXN-0002400,2023-09-19,22818,Moda,169600,PSE,App móvil,Android,Bogotá,4,5,No
TXN-0002095,2022-01-06,12201,Libros,86660,PSE,App móvil,Android,Cali,8,5,No
TXN-0001942,2024-07-22,52298,Alimentos,35011,Tarjeta débito,Sitio web,Android,Bogotá,3,5,Sí
TXN-0001911,2023-03-30,18637,Belleza,17980,Tarjeta débito,App móvil,iOS,Cali,2,5,No
TXN-0003308,2024-01-05,49167,Electrónica,879592,Tarjeta crédito,Sitio web,Android,Barranquilla,4,5,No
TXN-0004332,2024-10-05,59056,Moda,208186,Tarjeta crédito,Sitio web,iOS,Bucaramanga,1,5,No
TXN-0002729,2024-05-10,31201,Libros,24981,Tarjeta crédito,App móvil,iOS,Bogotá,4,5,No
TXN-0007261,2024-12-22,20407,Electrónica,395147,Billetera digital,Sitio web,Android,Bogotá,7,5,No
TXN-0002629,2022-09-03,39970,Alimentos,56191,Tarjeta débito,App móvil,iOS,Medellín,1,5,No
TXN-0006038,2024-02-20,27152,Tecnología,968806,Billetera digital,Sitio web,Android,Bogotá,3,5,No
TXN-0004701,2024-01-25,26062,Belleza,98169,Tarjeta débito,App móvil,Android,Ibagué,2,5,No
TXN-0000066,2022-11-02,20789,Electrónica,778734,Tarjeta crédito,Sitio web,Desktop,Manizales,7,5,No
TXN-0000670,2024-03-12,55982,Tecnología,849956,Tarjeta crédito,App móvil,iOS,Cartagena,2,5,No
TXN-0004033,2024-01-16,10670,Mascotas,73505,Contraentrega,App móvil,iOS,Cali,2,5,No
TXN-0002130,2024-06-02,46584,Deportes,148677,Tarjeta crédito,Sitio web,Android,Pereira,5,5,No
TXN-0003545,2024-03-23,30698,Juguetes,117279,Tarjeta crédito,App móvil,Android,Medellín,2,5,No
TXN-0002313,2023-11-08,46649,Belleza,127445,Contraentrega,App móvil,Android,Medellín,8,5,No
TXN-0001516,2022-07-07,38503,Electrónica,654114,PSE,App móvil,iOS,Cúcuta,1,5,No
TXN-0004102,2023-06-22,56576,Libros,95297,Tarjeta crédito,Sitio web,Android,Medellín,1,5,No
TXN-0004523,2022-10-05,34128,Belleza,101300,Tarjeta crédito,Sitio web,Desconocido,Medellín,1,5,No
TXN-0006255,2024-04-07,19060,Libros,37972,Contraentrega,Sitio web,Android,Ibagué,2,5,No
TXN-0006285,2023-02-01,13522,Moda,127300,Tarjeta débito,Sitio web,Desktop,Cali,9,5,No
TXN-0007863,2024-01-04,32028,Juguetes,136052,Tarjeta crédito,Sitio web,Android,Bogotá,4,5,No
TXN-0000156,2022-05-05,36372,Alimentos,60452,Contraentrega,App móvil,Desktop,Bogotá,3,5,No
TXN-0000429,2022-12-28,20979,Hogar,102576,Tarjeta crédito,App móvil,Android,Medellín,4,5,No
TXN-0005337,2024-05-23,57863,Deportes,105706,Tarjeta débito,Sitio web,iOS,Manizales,5,5,No
TXN-0000417,2022-08-13,12905,Hogar,287382,Tarjeta crédito,App móvil,Android,Manizales,6,5,No
TXN-0004569,2023-07-25,38404,Hogar,138327,Tarjeta débito,Sitio web,Android,Manizales,5,5,No
TXN-0006623,2022-06-23,13261,Alimentos,64542,Contraentrega,App móvil,Android,Ibagué,5,5,No
TXN-0004458,2023-06-12,43590,Mascotas,44654,Contraentrega,Sitio web,Android,Bogotá,6,5,No
TXN-0002747,2022-08-14,51818,Tecnología,522309,Tarjeta crédito,App móvil,iOS,Bucaramanga,5,5,No
TXN-0007509,2024-11-30,31365,Deportes,159491,PSE,App móvil,iOS,Medellín,2,5,No
TXN-0005833,2022-10-04,38022,Hogar,141313,Contraentrega,Sitio web,iOS,Bogotá,2,5,No
TXN-0003114,2022-03-18,41237,Moda,129847,Tarjeta crédito,App móvil,iOS,Bogotá,7,5,No
TXN-0005212,2023-02-08,30086,Moda,196397,PSE,App móvil,Desktop,Medellín,5,5,No
TXN-0007257,2022-07-10,38600,Moda,110892,PSE,App móvil,Android,Ibagué,3,5,No
TXN-0000268,2022-12-05,21533,Hogar,170985,Tarjeta débito,App móvil,Android,Barranquilla,3,5,No
TXN-0004533,2024-09-26,53885,Hogar,266276,Billetera digital,App móvil,Android,Medellín,8,3,No
TXN-0005829,2022-05-21,12198,Belleza,56567,PSE,App móvil,Desktop,Bogotá,5,5,No
TXN-0000302,2024-01-04,13730,Hogar,82352,Tarjeta débito,App móvil,iOS,Medellín,7,5,No
TXN-0005180,2022-03-05,-1,Deportes,192324,Contraentrega,App móvil,Android,Barranquilla,8,3,No
TXN-0002565,,30309,Libros,65358,Tarjeta crédito,App móvil,iOS,Cartagena,1,5,No
TXN-0001178,2023-06-20,49759,Moda,73235,Contraentrega,Sitio web,Android,Bogotá,3,5,No
TXN-0005279,2023-01-15,46691,Alimentos,48072,Contraentrega,App móvil,Android,Bogotá,6,5,No
TXN-0002731,2024-06-05,37113,Electrónica,816781,Tarjeta crédito,Sitio web,iOS,Barranquilla,3,5,No
TXN-0003742,2024-03-03,29257,Moda,136958,PSE,Sitio web,Desktop,Cali,4,5,No
TXN-0000157,2024-03-08,28231,Hogar,195244,PSE,App móvil,Desktop,Bogotá,2,5,No
TXN-0003015,,19638,Belleza,32601,Contraentrega,Sitio web,Android,Barranquilla,4,5,No
TXN-0003479,2024-07-23,28006,Deportes,129990,Billetera digital,Sitio web,Android,Cartagena,6,5,No
TXN-0005418,2024-08-20,49422,Belleza,38434,Tarjeta débito,App móvil,Desktop,Ibagué,3,5,No
TXN-0006884,2024-05-03,58728,Deportes,157408,Tarjeta crédito,Sitio web,Android,Ibagué,3,5,No
TXN-0004770,,32480,Hogar,78288,PSE,App móvil,Android,Cartagena,3,5,No
TXN-0000411,2023-10-21,39632,Deportes,115133,PSE,Sitio web,iOS,Medellín,6,5,No
TXN-0000981,2022-03-13,15654,Alimentos,58053,Tarjeta débito,Sitio web,Desktop,Cali,4,5,No
TXN-0005597,2024-06-11,10191,Juguetes,79671,Tarjeta débito,Sitio web,Desktop,Manizales,6,5,No
TXN-0002508,2024-09-30,24306,Moda,32534,Tarjeta débito,App móvil,Android,Cartagena,5,5,No
TXN-0001608,2024-06-04,17600,Juguetes,71674,PSE,App móvil,Android,Cartagena,6,5,No
TXN-0005505,2023-01-18,43905,Libros,71739,Contraentrega,App móvil,Android,Bucaramanga,6,5,No
TXN-0007149,2024-08-12,48263,Libros,97544,Contraentrega,App móvil,Android,Cartagena,5,5,No
TXN-0003653,2022-04-23,53677,Hogar,292445,Tarjeta débito,Sitio web,Desktop,Ibagué,3,5,No
TXN-0003068,2023-02-05,31572,Alimentos,76784,PSE,App móvil,Desktop,Bogotá,1,5,No
TXN-0006088,2022-12-30,11203,Electrónica,765261,Tarjeta crédito,App móvil,iOS,Manizales,5,5,No
TXN-0004061,2022-09-30,59762,Tecnología,785263,PSE,Sitio web,iOS,Medellín,10,5,No
TXN-0006567,2024-03-12,13682,Belleza,41718,PSE,Sitio web,iOS,Bogotá,3,5,No
TXN-0000413,2022-01-27,19401,Alimentos,47047,Contraentrega,Sitio web,Android,Bogotá,5,5,No
TXN-0004749,2022-02-13,14661,Alimentos,16324,Billetera digital,App móvil,iOS,Manizales,3,5,No
TXN-0005917,2024-11-12,36533,Hogar,105106,Tarjeta crédito,App móvil,iOS,Bogotá,2,5,No
TXN-IMPUTADO-0160,2023-04-25,27531,Deportes,106773,PSE,App móvil,Android,Cartagena,6,5,No
TXN-0005184,2022-11-16,47198,Libros,86571,Tarjeta crédito,App móvil,Android,Bogotá,7,5,No
TXN-0003104,2024-04-16,21616,Moda,205750,Billetera digital,App móvil,Android,Manizales,4,5,No
TXN-0007739,2023-08-23,37631,Libros,19189,Billetera digital,App móvil,Desktop,Bogotá,3,5,No
TXN-0006753,2022-05-26,48005,Electrónica,674891,Tarjeta crédito,App móvil,Android,Pereira,2,5,No
TXN-0002990,2024-09-22,36064,Mascotas,13443,Tarjeta crédito,Sitio web,iOS,Bogotá,1,5,No
TXN-IMPUTADO-0161,2023-11-05,38358,Hogar,221087,PSE,App móvil,Desconocido,Bucaramanga,2,5,No
TXN-0004262,2023-05-29,10383,Mascotas,54110,Tarjeta crédito,App móvil,iOS,Ibagué,3,5,No
TXN-0003457,2023-01-10,22744,Tecnología,613492,PSE,Sitio web,Android,Ibagué,5,5,No
TXN-0003924,2024-03-09,57874,Belleza,123185,PSE,App móvil,Desktop,Cúcuta,5,5,No
TXN-0004522,2022-04-18,39179,Electrónica,5000,Tarjeta débito,App móvil,Android,Cali,1,5,No
TXN-0003378,2024-02-21,41318,Electrónica,625705,PSE,App móvil,Android,Medellín,9,3,No
TXN-0000017,2023-07-04,-1,Tecnología,728901,Contraentrega,Sitio web,Android,Medellín,6,5,No
TXN-0005202,2023-01-25,56103,Moda,121611,PSE,Sitio web,Android,Cartagena,7,5,No
TXN-0001194,2024-05-19,48941,Hogar,325532,Tarjeta crédito,App móvil,iOS,Bogotá,6,5,No
TXN-0000444,2023-08-03,40927,Hogar,184708,Tarjeta crédito,Sitio web,iOS,Cali,5,5,No
TXN-0001306,2023-12-25,44022,Tecnología,726208,Tarjeta crédito,App móvil,Android,Bogotá,3,5,No
TXN-0000754,2022-07-31,52727,Electrónica,803321,Tarjeta débito,Sitio web,Android,Barranquilla,3,5,No
TXN-0007969,2023-11-12,54319,Moda,68988,Tarjeta crédito,Sitio web,Android,Medellín,8,4,No
TXN-0005866,2022-01-18,40742,Hogar,121878,Tarjeta crédito,App móvil,Desktop,Cali,7,5,No
TXN-0006010,2022-11-28,48477,Hogar,265153,Contraentrega,Sitio web,iOS,Cali,3,5,No
TXN-0007778,2024-02-25,51028,Deportes,114252,Tarjeta crédito,Sitio web,Desktop,Cali,7,5,No
TXN-0003204,2023-09-04,51191,Hogar,167133,Tarjeta crédito,Sitio web,Android,Cali,3,5,No
TXN-0006358,2024-09-25,53349,Belleza,81033,Tarjeta crédito,Sitio web,iOS,Bucaramanga,1,5,No
TXN-0004042,2023-12-09,29767,Libros,41151,Tarjeta débito,App móvil,Android,Bogotá,1,5,No
TXN-0004683,2022-09-01,47134,Juguetes,58174,Contraentrega,Sitio web,Android,Manizales,2,5,No
TXN-IMPUTADO-0162,2022-08-25,-1,Tecnología,694479,Tarjeta crédito,Sitio web,iOS,Bogotá,4,5,No
TXN-0004939,2022-07-10,50011,Belleza,111521,Tarjeta crédito,App móvil,Android,Bucaramanga,2,5,No
TXN-0007680,2024-05-03,47921,Belleza,38915,Tarjeta crédito,App móvil,iOS,Bogotá,7,5,No
TXN-0002443,2022-03-21,12032,Alimentos,37035,Tarjeta crédito,App móvil,Android,Barranquilla,7,5,No
TXN-0007893,2023-07-27,45843,Electrónica,1317369,PSE,App móvil,iOS,Cartagena,4,5,No
TXN-0005076,2024-08-14,54370,Electrónica,872109,Tarjeta crédito,Sitio web,iOS,Bogotá,5,5,Sí
TXN-0001001,2024-09-30,33506,Alimentos,33232,Tarjeta crédito,App móvil,iOS,Barranquilla,8,5,No
TXN-0001321,2024-04-23,31123,Hogar,149892,Tarjeta crédito,Sitio web,iOS,Medellín,5,5,No
TXN-0002282,2023-08-28,57388,Moda,181706,Billetera digital,App móvil,Android,Cali,3,5,No
TXN-0005524,2024-08-19,30173,Belleza,71130,PSE,Sitio web,Desktop,Bucaramanga,5,5,No
TXN-0001412,2024-03-18,46079,Tecnología,1159744,Contraentrega,App móvil,Android,Cartagena,7,5,No
TXN-0004309,,44253,Libros,30799,Contraentrega,App móvil,iOS,Pereira,7,5,No
TXN-0000132,2023-03-23,27081,Tecnología,845175,Tarjeta crédito,Sitio web,Android,Bogotá,3,5,No
TXN-0006921,2024-12-23,35553,Juguetes,153408,PSE,App móvil,Android,Barranquilla,5,5,Sí
TXN-0001780,2022-11-22,45801,Alimentos,72028,Tarjeta crédito,App móvil,Android,Barranquilla,4,5,Sí
TXN-0006676,2022-05-06,53383,Electrónica,526311,PSE,App móvil,Android,Ibagué,4,5,No
TXN-0001786,2024-04-30,15302,Electrónica,615500,Tarjeta débito,App móvil,iOS,Bucaramanga,4,5,No
TXN-0001563,,10483,Deportes,172506,Tarjeta crédito,App móvil,Android,Pereira,6,5,No
TXN-0001157,2023-08-18,22046,Alimentos,7640,Billetera digital,App móvil,iOS,Medellín,2,5,No
TXN-0007300,2023-07-19,52809,Deportes,183184,Tarjeta crédito,Sitio web,Android,Pereira,3,5,No
TXN-0004971,2022-09-27,17223,Moda,46280,Tarjeta crédito,Sitio web,iOS,Medellín,6,5,No
TXN-0000192,2024-12-23,18619,Moda,175865,PSE,Sitio web,Android,Bogotá,4,5,No
TXN-0006497,2024-03-18,13163,Hogar,80556,PSE,Sitio web,Android,Bogotá,4,5,No
TXN-0001489,2023-04-08,-1,Belleza,24827,Tarjeta crédito,App móvil,Android,Cali,3,5,No
TXN-0000080,2022-11-01,58685,Deportes,76800,Contraentrega,App móvil,Android,Manizales,3,5,No
TXN-0000559,2022-09-29,56135,Libros,53777,PSE,Sitio web,Android,Cartagena,4,5,No
TXN-0003336,2024-12-24,25931,Mascotas,120419,Billetera digital,Sitio web,Android,Bogotá,1,5,No
TXN-0005252,2023-08-30,39999,Moda,101664,PSE,App móvil,Android,Bogotá,6,5,No
TXN-0005873,2022-05-18,29277,Deportes,116792,PSE,App móvil,Desconocido,Cartagena,1,5,No
TXN-0007232,2024-04-18,49341,Deportes,239739,Tarjeta crédito,App móvil,iOS,Cúcuta,5,5,No
TXN-0001318,2023-12-11,23090,Hogar,128668,Billetera digital,App móvil,Android,Cali,1,5,No
TXN-0005143,2023-01-11,35918,Moda,140974,Tarjeta débito,App móvil,Android,Medellín,7,5,No
TXN-0002230,2024-02-02,29884,Electrónica,643480,PSE,App móvil,Android,Cali,4,5,No
TXN-0007297,2024-08-30,10655,Moda,139219,PSE,Sitio web,Android,Bogotá,5,5,No
TXN-0001904,,44372,Electrónica,562849,Tarjeta crédito,App móvil,Desconocido,Cúcuta,3,5,No
TXN-0001779,2022-10-29,57302,Belleza,30070,Tarjeta crédito,App móvil,Desktop,Bogotá,4,5,No
TXN-0004965,2022-05-11,41565,Electrónica,213480,PSE,App móvil,Desktop,Barranquilla,5,5,No
TXN-0005384,,55882,Moda,115614,Tarjeta crédito,Sitio web,Android,Cali,1,5,No
TXN-0002352,,42011,Electrónica,280903,Contraentrega,App móvil,Desktop,Barranquilla,5,5,No
TXN-0002067,2023-01-21,28163,Moda,105732,Tarjeta crédito,App móvil,Desktop,Medellín,6,5,No
TXN-0007832,2022-12-30,29969,Electrónica,382433,Tarjeta crédito,App móvil,Android,Pereira,3,5,Sí
TXN-0005243,2024-11-27,39547,Hogar,67737,Contraentrega,Sitio web,Android,Bogotá,1,5,Sí
TXN-0005166,2023-06-09,21900,Moda,116786,Billetera digital,App móvil,iOS,Medellín,6,5,No
TXN-0003286,2024-09-17,-1,Electrónica,804546,Tarjeta débito,App móvil,Android,Cartagena,1,5,No
TXN-0006691,2024-09-03,13353,Deportes,144312,PSE,App móvil,Android,Medellín,2,5,No
TXN-0004488,2024-09-06,47093,Moda,131201,Billetera digital,Sitio web,Android,Bogotá,2,5,No
TXN-0000973,2022-11-13,33184,Tecnología,545646,Tarjeta crédito,Sitio web,Desktop,Ibagué,3,5,No
TXN-0000657,2022-09-25,18152,Electrónica,5000,PSE,Sitio web,iOS,Bucaramanga,3,5,No
TXN-0000084,2022-10-13,38965,Libros,69636,Tarjeta crédito,App móvil,iOS,Ibagué,5,5,No
TXN-0001386,2022-01-25,50270,Moda,140678,Billetera digital,App móvil,iOS,Barranquilla,9,3,No
TXN-0007760,2023-11-26,46217,Alimentos,76137,Billetera digital,App móvil,Desktop,Bogotá,6,5,No
TXN-0005799,2023-07-18,35192,Electrónica,993259,Billetera digital,App móvil,Desktop,Bucaramanga,2,5,No
TXN-0000074,2024-07-17,11857,Alimentos,37602,Tarjeta crédito,Sitio web,Android,Medellín,7,5,No
TXN-0007250,2022-04-29,58642,Moda,62093,Tarjeta crédito,App móvil,iOS,Cali,3,5,No
TXN-0002063,2022-07-12,43284,Tecnología,572807,Contraentrega,App móvil,Android,Bogotá,1,5,No
TXN-0003466,2022-05-21,40079,Mascotas,114827,Tarjeta crédito,App móvil,Android,Medellín,2,5,No
TXN-0000083,2024-10-26,10103,Electrónica,366721,PSE,App móvil,Desconocido,Barranquilla,5,5,No
TXN-0000859,2023-01-23,57085,Electrónica,707669,PSE,App móvil,iOS,Cali,6,5,No
TXN-0007222,2023-07-14,15018,Moda,181314,Contraentrega,App móvil,Android,Medellín,2,5,Sí
TXN-0002201,2024-03-22,54715,Tecnología,963379,Tarjeta crédito,Sitio web,Android,Bogotá,7,5,No
TXN-0005918,2022-08-23,38199,Belleza,70695,Tarjeta crédito,App móvil,Android,Cali,4,5,No
TXN-0006695,2022-01-25,28266,Belleza,79427,Tarjeta débito,App móvil,Android,Medellín,3,5,No
TXN-0001716,2024-01-10,38207,Libros,25979,Tarjeta crédito,App móvil,iOS,Bogotá,6,5,Sí
TXN-0005343,2024-01-04,34462,Moda,131199,Contraentrega,App móvil,iOS,Ibagué,7,5,No
TXN-0005504,2023-03-20,44669,Electrónica,453277,PSE,Sitio web,Android,Pereira,4,5,No
TXN-0005060,2023-04-02,45394,Hogar,236999,Tarjeta crédito,Sitio web,Desktop,Bucaramanga,8,4,No
TXN-0002112,,47122,Mascotas,43746,Tarjeta crédito,App móvil,Android,Bucaramanga,7,5,No
TXN-0006186,2024-05-23,46236,Electrónica,743183,Tarjeta débito,App móvil,Android,Bogotá,9,5,No
TXN-0000574,2022-11-13,18593,Juguetes,55174,Contraentrega,App móvil,Android,Bogotá,5,5,No
TXN-0007268,2022-11-06,34581,Electrónica,834131,Tarjeta crédito,App móvil,Android,Manizales,6,5,No
TXN-0000447,,14387,Belleza,29174,Contraentrega,App móvil,Android,Cali,2,5,No
TXN-0002947,2023-02-22,10313,Deportes,153268,Billetera digital,Sitio web,iOS,Bogotá,2,5,No
TXN-0005619,2022-10-12,33537,Belleza,102665,PSE,Sitio web,Desktop,Pereira,3,5,No
TXN-0007880,2024-02-05,50295,Moda,132211,Tarjeta crédito,Sitio web,Android,Medellín,7,5,No
TXN-0001041,2024-11-24,-1,Hogar,242393,PSE,App móvil,Android,Ibagué,3,5,No
TXN-0005820,2023-06-14,41194,Moda,166063,Tarjeta débito,App móvil,Android,Manizales,4,5,No
TXN-0005862,2024-06-14,23552,Tecnología,611571,Tarjeta crédito,App móvil,Android,Barranquilla,5,5,No
TXN-0002933,2022-03-24,33904,Juguetes,64912,Tarjeta débito,App móvil,Android,Ibagué,1,5,No
TXN-0004513,2022-09-18,47861,Juguetes,29896,Tarjeta crédito,App móvil,Android,Cúcuta,3,5,No
TXN-0002115,2022-04-17,34186,Deportes,161391,PSE,Sitio web,iOS,Ibagué,4,5,No
TXN-0003841,2023-03-14,21723,Alimentos,33509,Tarjeta débito,Sitio web,Android,Bogotá,3,5,No
TXN-0002762,2024-08-08,50847,Alimentos,29594,Tarjeta crédito,Sitio web,Android,Cali,2,5,No
TXN-0003986,2023-04-20,47737,Belleza,63550,Billetera digital,App móvil,Android,Cali,3,5,No
TXN-IMPUTADO-0163,2023-02-20,39009,Moda,94266,Tarjeta débito,App móvil,iOS,Pereira,7,5,No
TXN-0000891,2022-05-24,12075,Juguetes,95675,Contraentrega,App móvil,Android,Pereira,5,5,No
TXN-0007228,2024-04-21,27994,Deportes,116391,Tarjeta crédito,App móvil,Android,Cali,3,5,No
TXN-0000283,2023-01-28,18373,Belleza,137801,Tarjeta crédito,App móvil,Android,Pereira,5,5,No
TXN-0006425,2023-10-08,46470,Belleza,59606,Tarjeta débito,App móvil,Desktop,Cali,1,5,No
TXN-0007736,2022-05-21,21404,Libros,63786,Tarjeta crédito,Sitio web,Desktop,Cali,5,5,No
TXN-0007814,2022-05-04,37440,Juguetes,57103,PSE,App móvil,Desktop,Cartagena,4,5,No
TXN-0005285,2022-01-24,27104,Hogar,279946,Tarjeta crédito,Sitio web,iOS,Medellín,3,5,No
TXN-0007351,2022-06-11,44685,Hogar,235290,PSE,App móvil,Android,Medellín,4,5,No
TXN-0001480,2024-11-11,34520,Alimentos,43414,PSE,App móvil,Android,Pereira,1,5,No
TXN-0003277,2023-12-04,49380,Deportes,201640,Contraentrega,App móvil,Android,Bogotá,5,5,No
TXN-0006366,2023-01-08,19700,Alimentos,60665,Tarjeta débito,App móvil,Android,Ibagué,3,5,No
TXN-0007841,2024-09-17,42192,Hogar,152954,PSE,App móvil,iOS,Bogotá,6,5,No
TXN-0001518,2023-08-03,-1,Deportes,103379,Contraentrega,App móvil,iOS,Bogotá,5,5,No
TXN-0007312,2023-03-18,36875,Moda,149233,Billetera digital,App móvil,iOS,Bogotá,2,5,No
TXN-0007699,2022-06-15,39824,Deportes,207505,Tarjeta crédito,App móvil,Desconocido,Cali,6,5,No
TXN-0004380,2022-02-08,17479,Belleza,88186,Contraentrega,App móvil,Android,Medellín,4,5,No
TXN-0005730,2024-06-28,44203,Mascotas,93779,PSE,Sitio web,Desktop,Cartagena,5,5,No
TXN-0007117,2022-06-23,21242,Belleza,97365,Billetera digital,App móvil,Desktop,Bogotá,2,5,Sí
TXN-0001886,2022-01-25,56724,Deportes,113355,PSE,App móvil,Android,Bogotá,5,5,No
TXN-0007768,2022-12-12,23704,Belleza,114834,Billetera digital,Sitio web,Desktop,Barranquilla,7,5,No
TXN-0000441,2023-12-16,54799,Alimentos,26086,Tarjeta débito,Sitio web,iOS,Bogotá,5,5,No
TXN-IMPUTADO-0164,2022-10-15,27071,Hogar,144097,PSE,App móvil,Android,Barranquilla,8,4,No
TXN-0007118,2022-06-15,47750,Moda,162459,Contraentrega,Sitio web,iOS,Barranquilla,1,5,No
TXN-0002058,2023-07-02,49940,Moda,109002,Tarjeta débito,Sitio web,iOS,Bogotá,3,5,No
TXN-0003411,2023-08-10,13631,Moda,219838,Tarjeta crédito,App móvil,Android,Cartagena,3,5,No
TXN-0006473,2022-10-28,30266,Belleza,66015,Tarjeta crédito,Sitio web,iOS,Cartagena,7,5,No
TXN-0002799,2022-08-03,21520,Electrónica,431277,PSE,App móvil,Android,Cali,9,5,No
TXN-0006547,2022-02-12,45040,Electrónica,469670,Tarjeta débito,App móvil,Android,Cúcuta,5,5,No
TXN-0001781,2022-11-26,37967,Moda,172801,Tarjeta crédito,App móvil,Android,Bogotá,6,5,No
TXN-0006462,2023-08-17,47925,Electrónica,632704,PSE,App móvil,Android,Ibagué,4,5,No
TXN-0005565,2023-03-04,24149,Mascotas,95852,PSE,App móvil,Android,Bogotá,4,5,No
TXN-0003409,2023-04-19,41325,Deportes,43067,Contraentrega,Sitio web,iOS,Bogotá,5,5,No
TXN-0006196,2024-02-20,14744,Libros,39658,PSE,App móvil,iOS,Cartagena,4,5,No
TXN-0007304,2024-08-14,37488,Electrónica,562345,Contraentrega,Sitio web,Desktop,Barranquilla,7,5,No
TXN-0004860,2022-04-02,29170,Hogar,116410,PSE,Sitio web,Android,Medellín,5,5,No
TXN-0000336,,57326,Belleza,161946,Tarjeta crédito,App móvil,iOS,Cartagena,5,5,No
TXN-0004702,2024-12-02,44989,Hogar,41628,PSE,Sitio web,Android,Bogotá,9,4,No
TXN-0002704,2022-01-24,17903,Juguetes,98083,Tarjeta crédito,Sitio web,iOS,Bogotá,3,5,No
TXN-0003952,2022-10-13,41926,Juguetes,119824,Tarjeta crédito,App móvil,Desktop,Bogotá,7,5,No
TXN-0002688,2022-11-29,26724,Belleza,72599,Tarjeta crédito,Sitio web,Android,Cali,7,5,No
TXN-0004689,2022-05-29,35455,Belleza,93044,PSE,App móvil,iOS,Manizales,7,5,No
TXN-0001801,2023-05-16,15269,Moda,167025,Tarjeta crédito,App móvil,iOS,Bogotá,3,5,No
TXN-0006505,2024-09-10,35396,Alimentos,30669,Tarjeta débito,App móvil,Desktop,Bogotá,7,5,No
TXN-IMPUTADO-0165,2024-06-20,34252,Belleza,67435,Contraentrega,App móvil,iOS,Barranquilla,3,5,No
TXN-0005700,2024-09-20,43118,Libros,52055,Tarjeta crédito,App móvil,Desktop,Bogotá,6,5,No
TXN-0003350,2022-07-27,39834,Deportes,55729,PSE,App móvil,Desktop,Medellín,4,5,No
TXN-0000370,2022-11-03,24441,Libros,35574,Tarjeta crédito,App móvil,iOS,Medellín,5,5,No
TXN-0000312,2023-08-17,35495,Mascotas,88814,Contraentrega,App móvil,Desktop,Bogotá,2,5,No
TXN-0007628,2024-08-06,55378,Mascotas,54375,Tarjeta débito,App móvil,iOS,Cali,6,5,No
TXN-0005217,2022-01-06,25707,Juguetes,64798,PSE,App móvil,iOS,Pereira,1,5,No
TXN-0001640,2023-11-03,20020,Tecnología,1039211,Tarjeta débito,App móvil,Android,Bogotá,1,5,No
TXN-0004956,2022-07-07,43524,Electrónica,717842,Tarjeta débito,Sitio web,Desconocido,Cartagena,2,5,No
TXN-0006771,2023-01-15,41883,Moda,87980,Contraentrega,App móvil,iOS,Pereira,5,5,No
TXN-0001672,2023-11-05,48500,Belleza,40659,Billetera digital,Sitio web,Android,Cúcuta,4,5,No
TXN-0001176,2022-06-28,41740,Alimentos,54019,Tarjeta débito,App móvil,Android,Barranquilla,4,5,No
TXN-0007179,2024-03-25,33113,Deportes,209246,Tarjeta crédito,Sitio web,Desktop,Cali,5,5,No
TXN-0004745,2024-11-18,42180,Tecnología,893479,PSE,App móvil,iOS,Bogotá,4,5,No
TXN-0005406,2022-08-04,22681,Mascotas,61540,Billetera digital,Sitio web,Desktop,Bucaramanga,3,5,No
TXN-0006715,2022-02-05,53117,Deportes,90659,Tarjeta crédito,App móvil,iOS,Pereira,6,5,No
TXN-0004920,2024-05-24,33176,Alimentos,44798,Contraentrega,App móvil,Desktop,Bogotá,3,5,No
TXN-0003681,2023-05-27,55344,Libros,77351,Tarjeta crédito,Sitio web,Desktop,Ibagué,6,5,No
TXN-0003121,2023-02-16,49560,Moda,98256,Tarjeta crédito,App móvil,iOS,Bogotá,6,5,No
TXN-0006305,2024-06-20,10952,Mascotas,71665,Tarjeta débito,App móvil,Android,Bogotá,7,5,No
TXN-IMPUTADO-0166,2022-04-12,58863,Deportes,165419,Tarjeta débito,Sitio web,iOS,Cali,6,5,No
TXN-0000194,2022-08-26,13363,Libros,66835,Tarjeta crédito,App móvil,Desktop,Manizales,2,5,No
TXN-0002619,2023-02-01,16067,Mascotas,84646,Billetera digital,App móvil,Android,Barranquilla,4,5,No
TXN-0006178,2022-07-03,32799,Libros,49696,Tarjeta crédito,App móvil,Android,Bucaramanga,4,5,No
TXN-0007881,2022-10-17,53624,Belleza,69287,Tarjeta crédito,App móvil,Android,Bogotá,6,5,No
TXN-0003329,2023-12-03,52833,Electrónica,452911,Contraentrega,App móvil,Android,Medellín,3,5,No
TXN-0003556,,55546,Deportes,166263,PSE,App móvil,Android,Bogotá,1,5,No
TXN-0002973,2022-11-21,30106,Alimentos,21626,Tarjeta débito,App móvil,Desktop,Bucaramanga,7,5,No
TXN-0007612,2022-10-29,34072,Tecnología,966749,Tarjeta débito,App móvil,iOS,Pereira,3,5,No
TXN-0003971,2022-01-19,19551,Moda,113510,Tarjeta crédito,Sitio web,Desktop,Bogotá,4,5,No
TXN-0000320,2023-09-21,34253,Juguetes,147511,Billetera digital,App móvil,Desktop,Cartagena,4,5,No
TXN-0002564,2022-03-22,16476,Juguetes,119717,Tarjeta débito,App móvil,Android,Barranquilla,1,5,No
TXN-0000505,2023-03-02,49911,Moda,139549,PSE,App móvil,iOS,Bogotá,5,5,No
TXN-0006083,,57479,Libros,51478,Tarjeta crédito,Sitio web,Desktop,Medellín,3,5,No
TXN-0004172,2022-01-14,11563,Belleza,63094,Tarjeta crédito,App móvil,Desktop,Bogotá,3,5,No
TXN-0005556,2022-03-18,38045,Hogar,309561,Tarjeta débito,Sitio web,Android,Bucaramanga,5,5,No
TXN-0006882,2022-04-19,-1,Moda,122551,Tarjeta débito,App móvil,Desktop,Bogotá,3,5,No
TXN-0004258,2024-06-28,26086,Hogar,197784,Tarjeta crédito,Sitio web,Android,Bogotá,5,5,No
TXN-0005955,2022-05-07,52283,Alimentos,32150,Contraentrega,App móvil,Android,Manizales,6,5,No
TXN-0006344,2024-05-23,24877,Hogar,65730,Tarjeta crédito,Sitio web,Android,Cali,4,5,No
TXN-0007665,2024-08-03,55032,Hogar,333485,PSE,Sitio web,iOS,Bucaramanga,3,5,No
TXN-0000356,2022-10-31,38565,Deportes,131104,Tarjeta crédito,App móvil,Android,Cali,4,5,No
TXN-0005658,2023-11-14,38252,Mascotas,73988,Tarjeta débito,App móvil,iOS,Bogotá,1,5,No
TXN-0003830,2022-11-16,41820,Electrónica,483930,Tarjeta crédito,Sitio web,Android,Bogotá,1,5,No
TXN-0001077,2023-02-14,10739,Tecnología,689968,Tarjeta crédito,Sitio web,Android,Barranquilla,5,5,Sí
TXN-0006706,2023-04-15,25253,Moda,178604,Contraentrega,App móvil,iOS,Medellín,6,5,No
TXN-0006960,2024-04-28,14908,Electrónica,1077922,Tarjeta crédito,App móvil,Android,Bogotá,4,5,No
TXN-0007172,2024-01-04,32809,Juguetes,119965,Tarjeta débito,Sitio web,Android,Medellín,4,5,No
TXN-0005770,2023-03-31,52691,Moda,164092,Tarjeta débito,Sitio web,iOS,Cali,4,5,No
TXN-0001222,2023-02-20,26779,Belleza,117747,Contraentrega,App móvil,iOS,Bogotá,3,5,No
TXN-0000488,2023-06-20,59228,Electrónica,703996,Contraentrega,App móvil,Android,Cali,6,5,No
TXN-0005575,2022-08-01,31065,Moda,114117,Tarjeta crédito,App móvil,iOS,Bogotá,5,5,No
TXN-0003194,2023-04-30,33792,Moda,101911,PSE,App móvil,iOS,Bogotá,5,5,No
TXN-0006819,2022-10-02,13688,Mascotas,77964,Tarjeta débito,App móvil,Desktop,Cali,1,5,No
TXN-0006219,2022-10-05,46361,Mascotas,86999,Tarjeta crédito,Sitio web,Android,Bogotá,6,5,No
TXN-0005529,2022-07-06,11188,Tecnología,806200,Tarjeta débito,Sitio web,Android,Medellín,2,5,No
TXN-0000330,2024-10-22,59719,Moda,127465,Contraentrega,Sitio web,Desktop,Cartagena,5,5,No
TXN-0000824,2023-05-20,13937,Electrónica,640656,Contraentrega,Sitio web,Android,Pereira,3,5,No
TXN-0006951,2023-09-18,40755,Mascotas,66396,Tarjeta crédito,App móvil,Android,Cúcuta,3,5,No
TXN-0006555,2022-06-01,36461,Hogar,32176,Tarjeta crédito,Sitio web,Android,Ibagué,3,5,No
TXN-0000773,2024-11-04,55397,Belleza,113758,PSE,Sitio web,Desktop,Medellín,3,5,No
TXN-IMPUTADO-0167,2024-06-23,54492,Alimentos,25499,PSE,App móvil,Desktop,Bogotá,6,5,No
TXN-0007703,2022-04-23,23567,Alimentos,40161,Tarjeta crédito,App móvil,Android,Cali,8,4,No
TXN-0000617,2022-11-14,48805,Hogar,214473,Tarjeta crédito,App móvil,Android,Bucaramanga,5,5,No
TXN-0001108,2022-10-20,32135,Deportes,117327,Tarjeta crédito,App móvil,Desktop,Cartagena,7,5,No
TXN-0003241,2023-07-14,26637,Belleza,50045,Contraentrega,App móvil,Desktop,Pereira,6,5,No
TXN-0000354,2023-02-05,31178,Alimentos,66935,Tarjeta crédito,Sitio web,Android,Cali,1,5,No
TXN-0000679,2023-11-02,31098,Belleza,60517,Tarjeta crédito,App móvil,Android,Medellín,2,5,No
TXN-0006855,2024-08-23,41694,Libros,28330,PSE,App móvil,Android,Pereira,1,5,No
TXN-0000876,2024-03-16,35589,Belleza,111445,PSE,Sitio web,Android,Bogotá,5,5,No
TXN-0004766,2022-06-11,18802,Mascotas,58688,Contraentrega,Sitio web,Desconocido,Bucaramanga,5,5,No
TXN-0006105,2024-05-16,16568,Electrónica,1059006,Tarjeta débito,Sitio web,iOS,Bogotá,4,5,No
TXN-0001956,2024-04-02,23793,Hogar,212016,PSE,App móvil,Desconocido,Barranquilla,2,5,No
TXN-0004077,2024-05-30,38004,Deportes,100598,PSE,App móvil,iOS,Medellín,6,5,No
TXN-0004497,2024-02-12,42836,Tecnología,372013,Contraentrega,App móvil,Android,Bucaramanga,2,5,No
TXN-IMPUTADO-0168,2023-04-14,46261,Moda,136591,Tarjeta crédito,App móvil,Android,Cali,3,5,No
TXN-0004710,2022-05-21,50199,Belleza,68543,PSE,App móvil,iOS,Medellín,4,5,No
TXN-0001814,2022-07-29,50408,Moda,102374,Tarjeta crédito,Sitio web,Desktop,Cartagena,6,5,No
TXN-0004498,2024-06-08,34238,Juguetes,94695,Tarjeta crédito,App móvil,Android,Ibagué,7,5,No
TXN-0004401,2024-09-25,56641,Belleza,126303,Tarjeta débito,App móvil,Android,Bogotá,4,5,No
TXN-0004601,2023-07-16,37787,Electrónica,861803,Tarjeta crédito,Sitio web,iOS,Pereira,6,5,No
TXN-IMPUTADO-0169,2023-02-05,31072,Mascotas,103914,Tarjeta débito,App móvil,iOS,Cúcuta,3,5,No
TXN-0004342,2024-11-19,20139,Moda,152251,PSE,App móvil,Android,Medellín,6,5,No
TXN-0003295,2022-11-03,19505,Deportes,120411,PSE,Sitio web,Android,Medellín,4,5,No
TXN-0001636,2023-06-26,18808,Moda,100528,Tarjeta crédito,Sitio web,Android,Pereira,6,5,No
TXN-0003724,2023-01-14,34709,Alimentos,77223,Contraentrega,App móvil,Desktop,Bogotá,3,5,No
TXN-0006791,2022-06-21,43570,Electrónica,5000,Tarjeta débito,Sitio web,Android,Cali,9,5,No
TXN-0000375,2023-05-04,43266,Alimentos,25209,Contraentrega,App móvil,Android,Manizales,2,5,No
TXN-0004216,2023-10-02,25788,Moda,130139,Tarjeta crédito,App móvil,Android,Bogotá,8,3,No
TXN-0000041,2023-05-15,33302,Alimentos,58136,PSE,App móvil,Android,Bucaramanga,3,5,No
TXN-0005767,2023-12-14,10988,Moda,80744,Contraentrega,Sitio web,iOS,Bogotá,5,5,No
TXN-0000664,2023-08-30,57977,Moda,89632,Tarjeta débito,App móvil,Android,Pereira,3,5,No
TXN-0004203,2022-12-05,56853,Moda,115422,Tarjeta débito,App móvil,Android,Bogotá,3,5,No
TXN-0000647,2022-02-02,-1,Deportes,154213,Tarjeta crédito,App móvil,Desktop,Medellín,5,5,No
TXN-0002579,2023-02-17,20451,Juguetes,85673,PSE,Sitio web,Android,Barranquilla,4,5,No
TXN-0001436,2022-05-29,25321,Moda,37958,Tarjeta crédito,Sitio web,Android,Cartagena,6,5,No
TXN-0003796,2023-03-28,49478,Tecnología,1246997,Tarjeta crédito,App móvil,Android,Pereira,7,5,No
TXN-0002795,2022-01-28,18977,Electrónica,828138,Tarjeta débito,Sitio web,iOS,Bogotá,4,5,No
TXN-0002066,2023-06-13,27798,Hogar,160299,Tarjeta crédito,App móvil,Desktop,Bogotá,2,5,No
TXN-0004852,2024-04-08,52805,Moda,94163,Tarjeta crédito,Sitio web,Android,Bogotá,1,5,No
TXN-0003370,2022-11-01,59175,Electrónica,739108,Tarjeta crédito,App móvil,Desktop,Bogotá,10,3,No
TXN-0004651,2023-07-06,43402,Hogar,62852,Tarjeta crédito,Sitio web,iOS,Bogotá,5,5,No
TXN-0002951,2023-10-03,36532,Deportes,88269,Tarjeta crédito,App móvil,Android,Cali,5,5,No
TXN-0007518,2023-08-24,32944,Deportes,260171,Tarjeta débito,App móvil,Android,Cartagena,7,5,No
TXN-0002028,2022-05-05,31786,Belleza,84829,Tarjeta débito,Sitio web,Android,Bogotá,8,3,No
TXN-0000803,2022-02-21,55803,Mascotas,94349,Tarjeta crédito,App móvil,Android,Manizales,6,5,No
TXN-0005871,2023-08-29,34623,Juguetes,80615,Contraentrega,Sitio web,iOS,Bucaramanga,6,5,No
TXN-0001388,2022-10-18,28984,Tecnología,930152,Tarjeta débito,App móvil,Android,Medellín,2,5,No
TXN-0000395,2024-05-06,41849,Moda,45912,PSE,App móvil,Desktop,Cartagena,6,5,No
TXN-0007160,2024-03-15,20848,Tecnología,508134,Contraentrega,Sitio web,iOS,Medellín,6,5,No
TXN-0000379,2023-03-26,44878,Alimentos,53195,Tarjeta crédito,App móvil,Android,Bogotá,2,5,No
TXN-0003270,2023-04-16,53522,Belleza,42248,Tarjeta crédito,Sitio web,Android,Medellín,5,5,No
TXN-0007653,2022-10-17,33127,Moda,91968,Contraentrega,App móvil,iOS,Cali,5,5,No
TXN-0000606,2022-02-07,32371,Alimentos,42096,PSE,Sitio web,iOS,Bogotá,3,5,No
TXN-0001515,2022-02-03,16537,Hogar,118640,Tarjeta crédito,App móvil,iOS,Cali,3,5,No
TXN-0000290,,30581,Deportes,172629,PSE,App móvil,Android,Medellín,5,5,No
TXN-0001272,2024-05-04,54760,Juguetes,104688,Tarjeta crédito,App móvil,iOS,Ibagué,4,5,No
TXN-0002615,2022-09-15,30157,Electrónica,683696,Billetera digital,App móvil,Desktop,Manizales,6,5,No
TXN-0003028,2023-09-28,59824,Juguetes,74291,Tarjeta débito,Sitio web,Desktop,Medellín,2,5,No
TXN-0006274,2024-06-06,57095,Belleza,72560,Contraentrega,App móvil,iOS,Cartagena,4,5,No
TXN-IMPUTADO-0170,2023-08-12,-1,Hogar,168719,Tarjeta débito,Sitio web,Android,Bogotá,4,5,No
TXN-0004143,2023-02-04,58741,Deportes,218386,Tarjeta débito,Sitio web,Desktop,Medellín,3,5,No
TXN-0007541,2022-06-15,55974,Moda,59525,Tarjeta crédito,App móvil,iOS,Bogotá,3,5,No
TXN-0000298,2022-01-23,20351,Electrónica,320045,Tarjeta débito,Sitio web,Desktop,Manizales,3,5,No
TXN-0001918,2022-07-03,23750,Moda,139257,Contraentrega,Sitio web,Android,Cúcuta,2,5,No
TXN-0007952,2022-01-26,45902,Hogar,343568,Contraentrega,App móvil,Android,Cartagena,1,5,No
TXN-0002974,2024-01-03,13601,Belleza,68653,Tarjeta crédito,App móvil,iOS,Medellín,2,5,No
TXN-0005803,2023-01-02,14013,Electrónica,396193,Tarjeta crédito,App móvil,Android,Medellín,5,5,No
TXN-0001382,2023-04-15,23261,Hogar,340827,Tarjeta débito,App móvil,Android,Medellín,1,5,No
TXN-0007972,2024-05-29,37628,Mascotas,66029,PSE,App móvil,iOS,Ibagué,5,5,No
TXN-0004800,,22126,Hogar,223664,Contraentrega,App móvil,iOS,Medellín,6,5,No
TXN-0007627,2024-12-15,23776,Belleza,91115,PSE,App móvil,Android,Cali,4,5,No
TXN-0006327,2024-02-08,24981,Juguetes,149146,Tarjeta crédito,App móvil,Android,Medellín,1,5,No
TXN-0001550,2024-12-25,39329,Juguetes,103996,Tarjeta crédito,Sitio web,Android,Manizales,5,5,No
TXN-0002678,2022-10-17,27604,Juguetes,112847,Tarjeta crédito,App móvil,iOS,Cúcuta,6,5,No
TXN-0006238,2022-05-18,42642,Electrónica,413661,Tarjeta débito,Sitio web,Desktop,Medellín,3,5,No
TXN-0002773,2023-08-29,59981,Moda,158284,Tarjeta crédito,App móvil,Android,Bogotá,2,5,No
TXN-0000483,2023-02-17,46849,Electrónica,736606,Billetera digital,App móvil,Android,Barranquilla,6,5,No
TXN-0003010,2024-06-06,32980,Electrónica,642969,Tarjeta crédito,App móvil,Android,Cartagena,1,5,No
TXN-0003687,2022-04-18,39031,Alimentos,35095,Tarjeta crédito,App móvil,Desconocido,Cali,6,5,No
TXN-0007677,2022-01-29,29077,Hogar,161324,PSE,Sitio web,Android,Bogotá,3,5,No
TXN-0006080,2023-01-18,29803,Electrónica,869495,Contraentrega,App móvil,iOS,Medellín,1,5,No
TXN-0004373,,37098,Tecnología,1129680,Tarjeta débito,App móvil,iOS,Bucaramanga,4,5,No
TXN-0006132,2022-07-18,50847,Belleza,178490,Contraentrega,Sitio web,iOS,Barranquilla,3,5,No
TXN-0001008,2022-07-23,35430,Deportes,205002,Contraentrega,Sitio web,Desktop,Cali,4,5,No
TXN-0002603,2022-10-13,35744,Electrónica,502981,Billetera digital,App móvil,Desktop,Cali,2,5,No
TXN-0005007,2024-12-31,50462,Hogar,314479,Tarjeta crédito,App móvil,iOS,Pereira,6,5,No
TXN-0005888,2023-06-17,59385,Moda,130050,Tarjeta crédito,App móvil,Android,Pereira,5,5,No
TXN-0002686,2022-10-07,43982,Alimentos,52413,Billetera digital,App móvil,iOS,Medellín,3,5,No
TXN-0006148,2024-03-20,31345,Electrónica,142644,PSE,App móvil,Android,Cali,3,5,No
TXN-0007363,2022-06-07,46740,Deportes,227349,Tarjeta débito,Sitio web,Desktop,Bogotá,5,5,No
TXN-0001798,2024-12-25,46871,Moda,90187,Tarjeta crédito,App móvil,Desktop,Ibagué,3,5,No
TXN-0004321,2024-09-18,27120,Belleza,37849,Tarjeta crédito,App móvil,Android,Cartagena,3,5,No
TXN-0001368,2022-05-09,59812,Moda,77490,PSE,Sitio web,Android,Bogotá,3,5,No
TXN-0002921,2023-07-21,22528,Libros,62960,Tarjeta crédito,Sitio web,Android,Medellín,4,5,No
TXN-0006172,2022-01-06,27790,Belleza,23731,PSE,Sitio web,Android,Medellín,5,5,No
TXN-0007616,2022-05-25,34647,Tecnología,901027,Tarjeta crédito,App móvil,Android,Cali,7,5,No
TXN-0001284,2024-05-17,39328,Moda,90833,Tarjeta crédito,Sitio web,iOS,Bucaramanga,1,5,No
TXN-0007545,2024-01-17,26408,Mascotas,87654,PSE,Sitio web,iOS,Cartagena,4,5,Sí
TXN-0002880,2023-03-13,59418,Electrónica,423830,Tarjeta crédito,App móvil,Desktop,Medellín,7,5,No
TXN-0003754,2022-10-14,31772,Hogar,144921,Contraentrega,App móvil,Android,Cartagena,4,5,No
TXN-0004178,2022-02-08,24009,Moda,175905,Tarjeta crédito,Sitio web,iOS,Medellín,7,5,No
TXN-0002899,2022-11-17,19957,Electrónica,436289,Billetera digital,App móvil,Android,Barranquilla,5,5,No
TXN-0002605,2022-05-19,34041,Alimentos,41091,PSE,App móvil,Android,Bogotá,6,5,No
TXN-0007161,2023-08-18,41395,Moda,100014,Tarjeta débito,Sitio web,Android,Medellín,7,5,No
TXN-0007289,2022-06-01,28906,Juguetes,36069,Tarjeta crédito,App móvil,iOS,Bucaramanga,5,5,No
TXN-0006915,2022-05-26,46471,Electrónica,597157,Tarjeta crédito,App móvil,Android,Bogotá,1,5,No
TXN-0005557,2024-11-15,26549,Juguetes,90242,PSE,App móvil,Desconocido,Medellín,6,5,No
TXN-0000107,2022-01-09,15176,Libros,55971,Tarjeta débito,Sitio web,Android,Bogotá,4,5,No
TXN-0000599,2022-05-19,57458,Hogar,177032,Tarjeta crédito,App móvil,iOS,Barranquilla,5,5,No
TXN-0005998,2024-02-11,18716,Libros,92600,Tarjeta débito,App móvil,Desconocido,Bogotá,4,5,No
TXN-0004163,2023-05-20,10675,Electrónica,595248,Contraentrega,App móvil,Android,Cartagena,7,5,No
TXN-0002474,2023-07-04,42245,Belleza,56469,Tarjeta crédito,App móvil,iOS,Ibagué,2,5,No
TXN-0005027,2022-07-04,-1,Moda,170648,Billetera digital,Sitio web,Desktop,Bogotá,6,5,No
TXN-0000360,,41875,Alimentos,64821,Tarjeta débito,App móvil,Android,Cúcuta,5,5,No
TXN-0002444,2024-03-22,43344,Alimentos,59483,PSE,App móvil,Desconocido,Bogotá,3,5,No
TXN-0003645,2024-11-18,38458,Juguetes,70885,PSE,Sitio web,Android,Medellín,5,5,No
TXN-0000170,2022-04-30,34576,Electrónica,367550,Contraentrega,App móvil,Desktop,Cali,4,5,No
TXN-0005320,2024-02-16,58287,Moda,109764,Tarjeta crédito,Sitio web,Desktop,Cartagena,4,5,No
TXN-0001870,2024-06-02,38348,Deportes,132183,Tarjeta débito,App móvil,iOS,Cali,5,5,No
TXN-0002266,2022-05-07,47183,Juguetes,86299,Tarjeta débito,App móvil,Desktop,Bogotá,6,5,No
TXN-0005289,2024-02-28,43902,Libros,42294,Contraentrega,App móvil,Desktop,Medellín,3,5,No
TXN-0003131,2022-11-12,11589,Deportes,162509,Tarjeta crédito,Sitio web,Android,Medellín,3,5,No
TXN-0002512,2022-04-20,51073,Hogar,292396,Billetera digital,App móvil,Android,Bucaramanga,4,5,No
TXN-0000867,2022-10-26,28774,Tecnología,574755,Contraentrega,App móvil,Android,Bogotá,2,5,No
TXN-0003925,2024-10-07,12107,Deportes,7443,Contraentrega,Sitio web,iOS,Cali,4,5,No
TXN-0006946,2022-07-09,16652,Belleza,119115,Tarjeta débito,App móvil,Android,Bogotá,5,5,No
TXN-0004438,2023-06-14,25315,Alimentos,64744,Tarjeta crédito,Sitio web,Android,Cali,1,5,No
TXN-IMPUTADO-0171,2024-01-06,39760,Moda,88805,Contraentrega,Sitio web,Desconocido,Bogotá,2,5,No
TXN-0002244,2022-06-03,45548,Alimentos,32817,Tarjeta débito,App móvil,Android,Cali,1,5,Sí
TXN-0007323,2023-04-03,20805,Libros,25853,Tarjeta débito,Sitio web,iOS,Ibagué,4,5,No
TXN-0004387,2023-11-17,19948,Libros,65608,Tarjeta crédito,App móvil,Android,Bogotá,5,5,No
TXN-0004160,2024-02-21,33295,Tecnología,547771,Tarjeta débito,App móvil,Desktop,Cali,5,5,No
TXN-0001643,2023-11-01,48426,Electrónica,794730,Tarjeta crédito,App móvil,Android,Bucaramanga,3,5,No
TXN-0003790,2022-05-10,17812,Electrónica,497169,PSE,App móvil,Android,Bogotá,7,5,No
TXN-0003364,2024-09-22,11335,Moda,219439,Tarjeta débito,App móvil,Android,Bogotá,3,5,No
TXN-0006283,2022-08-24,29427,Tecnología,848364,Tarjeta crédito,App móvil,Desktop,Cúcuta,2,5,No
TXN-0002981,2022-10-31,46024,Moda,42307,Contraentrega,App móvil,Desconocido,Medellín,2,5,No
TXN-0007488,2023-02-01,41177,Mascotas,124083,Tarjeta crédito,Sitio web,Desconocido,Medellín,9,4,No
TXN-0002077,2024-10-02,18749,Juguetes,52254,PSE,App móvil,iOS,Manizales,5,5,No
TXN-0007094,2023-07-31,17339,Moda,62963,Tarjeta crédito,Sitio web,Desktop,Medellín,3,5,No
TXN-0005408,2023-02-14,24103,Libros,30604,Billetera digital,App móvil,Desconocido,Cali,5,5,No
TXN-0000601,,14972,Juguetes,98599,Billetera digital,App móvil,Desktop,Cartagena,9,3,No
TXN-0005999,2023-01-02,43419,Electrónica,784782,PSE,App móvil,iOS,Bogotá,5,5,No
TXN-0002623,2024-05-13,39391,Moda,119387,PSE,App móvil,Desktop,Manizales,4,5,No
TXN-0006890,2023-04-29,57742,Moda,107455,Tarjeta débito,App móvil,Desconocido,Bogotá,3,5,No
TXN-0000394,2024-04-28,44187,Tecnología,1309930,Billetera digital,Sitio web,Android,Bogotá,2,5,No
TXN-0003782,2024-03-10,16539,Moda,90966,Billetera digital,App móvil,iOS,Bogotá,4,5,No
TXN-0000766,2023-03-12,-1,Libros,65722,Tarjeta débito,App móvil,Android,Barranquilla,5,5,Sí
TXN-0007877,2024-09-20,17341,Hogar,145834,Contraentrega,App móvil,iOS,Bogotá,2,5,No
TXN-0002680,2024-06-04,52627,Electrónica,1008213,Tarjeta crédito,Sitio web,Android,Bogotá,6,5,No
TXN-0004391,2023-10-06,40620,Mascotas,94619,Contraentrega,Sitio web,Android,Ibagué,8,4,No
TXN-0000689,2023-02-20,50247,Deportes,65039,PSE,App móvil,Android,Bogotá,1,5,No
TXN-0006641,2024-02-10,26502,Mascotas,57220,Tarjeta crédito,App móvil,Android,Bogotá,4,5,No
TXN-0001551,2022-10-17,30339,Moda,96485,PSE,App móvil,iOS,Manizales,6,5,No
TXN-0002161,2024-12-03,20083,Moda,168602,Tarjeta débito,Sitio web,iOS,Bogotá,3,5,No
TXN-0003272,2023-05-20,49492,Juguetes,68263,Contraentrega,Sitio web,iOS,Bogotá,6,5,No
TXN-0003905,2023-10-02,55215,Juguetes,124469,Tarjeta crédito,App móvil,Android,Bogotá,4,5,No
TXN-0004301,2023-11-13,35725,Belleza,97264,Tarjeta crédito,Sitio web,Android,Bogotá,5,5,No
TXN-0007983,2024-08-16,35396,Electrónica,28776,Tarjeta crédito,Sitio web,Android,Cali,4,5,No
TXN-0002349,2024-08-30,41007,Moda,215557,Contraentrega,App móvil,iOS,Barranquilla,3,5,No
TXN-0002721,2022-03-10,37045,Moda,86476,PSE,Sitio web,Android,Ibagué,8,4,No
TXN-0006996,2023-07-09,19955,Belleza,64419,Tarjeta crédito,App móvil,Android,Medellín,5,5,Sí
TXN-0006866,2023-04-02,18762,Tecnología,758094,PSE,Sitio web,Desconocido,Bogotá,4,5,No
TXN-0000700,,15391,Belleza,78649,Tarjeta crédito,App móvil,Android,Pereira,4,5,No
TXN-0007931,2022-05-22,15434,Moda,138952,Tarjeta crédito,App móvil,Android,Medellín,1,5,No
TXN-0006568,2022-12-01,28612,Alimentos,39761,Tarjeta crédito,App móvil,Android,Cartagena,5,5,No
TXN-0002556,2023-01-29,56794,Moda,171068,Billetera digital,App móvil,iOS,Medellín,8,5,No
TXN-0001338,2022-11-20,13010,Electrónica,939576,Billetera digital,App móvil,iOS,Pereira,6,5,No
TXN-0003721,2023-05-18,38321,Electrónica,467333,Billetera digital,App móvil,Android,Cali,3,5,No
TXN-0007399,2022-09-07,14678,Juguetes,112723,Tarjeta débito,App móvil,Android,Medellín,2,5,No
TXN-0001612,2022-07-23,16955,Deportes,187956,Tarjeta crédito,App móvil,Desktop,Bogotá,1,5,No
TXN-0001481,2022-12-08,14946,Electrónica,668348,PSE,Sitio web,Android,Bogotá,5,5,No
TXN-0005116,2024-03-22,21613,Moda,112417,Tarjeta crédito,Sitio web,Android,Barranquilla,3,5,No
TXN-0006130,2022-11-27,38071,Moda,106722,Tarjeta débito,Sitio web,Android,Bucaramanga,5,5,No
TXN-0000458,2022-05-26,21463,Moda,87403,Contraentrega,App móvil,iOS,Cúcuta,5,5,No
TXN-0003930,2022-02-19,11898,Electrónica,646872,Billetera digital,App móvil,iOS,Bogotá,1,5,No
TXN-0000013,2024-02-12,25452,Deportes,153702,PSE,Sitio web,Android,Bogotá,8,4,No
TXN-0006273,2024-12-19,14980,Hogar,103042,Contraentrega,Sitio web,Desktop,Bogotá,1,5,No
TXN-0006780,2024-11-03,59522,Libros,54229,Billetera digital,App móvil,Android,Bogotá,4,5,No
TXN-0007140,2022-05-01,12149,Hogar,231555,Tarjeta débito,App móvil,Android,Medellín,8,5,No
TXN-0003100,2022-11-23,58591,Alimentos,49038,Contraentrega,App móvil,iOS,Cali,6,5,No
TXN-0001553,2024-11-21,46380,Juguetes,39895,Tarjeta débito,App móvil,Android,Barranquilla,3,5,No
TXN-0005465,2022-07-30,57005,Mascotas,76247,PSE,Sitio web,Desconocido,Medellín,3,5,No
TXN-0005633,2024-02-25,11675,Belleza,147190,PSE,App móvil,Desktop,Medellín,4,5,No
TXN-0004948,2023-04-28,45680,Juguetes,5000,Tarjeta débito,App móvil,Desktop,Bogotá,1,5,No
TXN-0003569,2022-04-15,-1,Moda,108501,Contraentrega,App móvil,iOS,Bogotá,4,5,No
TXN-0000793,2022-02-26,17619,Moda,154700,Tarjeta débito,Sitio web,Android,Bogotá,6,5,No
TXN-IMPUTADO-0172,2023-06-08,52536,Tecnología,998422,Tarjeta débito,Sitio web,Desktop,Cartagena,1,5,No
TXN-0000907,2022-02-17,55284,Electrónica,748773,Tarjeta débito,Sitio web,iOS,Pereira,6,5,No
TXN-0002431,2023-07-06,21977,Moda,143873,PSE,App móvil,Desktop,Ibagué,8,4,No
TXN-0004665,2023-11-29,51472,Electrónica,559558,PSE,Sitio web,Android,Bucaramanga,3,5,No
TXN-0005573,2024-08-21,23866,Moda,89627,Tarjeta débito,App móvil,Android,Cartagena,5,5,No
TXN-0002786,2022-07-13,46549,Hogar,199046,Tarjeta débito,Sitio web,Desktop,Medellín,6,5,No
TXN-0005777,2023-02-08,26370,Mascotas,93077,Tarjeta crédito,App móvil,Android,Medellín,6,5,No
TXN-0005532,2023-12-23,-1,Deportes,120416,Billetera digital,App móvil,iOS,Pereira,5,5,No
TXN-0001894,2022-02-18,55923,Deportes,159991,Contraentrega,App móvil,Desktop,Medellín,5,5,No
TXN-0005728,2022-09-18,11940,Belleza,74488,Tarjeta crédito,Sitio web,Desktop,Barranquilla,3,5,No
TXN-0006284,2024-02-26,25853,Deportes,100645,PSE,Sitio web,Android,Manizales,6,5,Sí
TXN-0006071,2024-08-09,18973,Electrónica,439022,Contraentrega,Sitio web,Android,Bogotá,3,5,No
TXN-0000489,2023-05-16,20351,Moda,58402,Tarjeta crédito,App móvil,Android,Bogotá,6,5,No
TXN-0007875,2024-03-07,43428,Libros,39816,Billetera digital,App móvil,Android,Cali,6,5,No
TXN-0000745,2022-08-05,36908,Alimentos,39060,Tarjeta débito,App móvil,iOS,Bogotá,1,5,No
TXN-0000433,2024-03-22,27791,Juguetes,88712,Tarjeta crédito,Sitio web,Desktop,Manizales,4,5,No
TXN-0004784,2023-08-28,36813,Tecnología,727663,Contraentrega,Sitio web,Android,Barranquilla,5,5,No
TXN-0006261,2022-10-09,39019,Moda,147672,Contraentrega,Sitio web,Android,Manizales,3,5,No
TXN-0006730,2023-02-08,22919,Moda,98816,Billetera digital,Sitio web,Desktop,Bogotá,5,5,No
TXN-IMPUTADO-0173,2024-02-11,52303,Alimentos,45735,Tarjeta débito,App móvil,iOS,Cartagena,3,5,No
TXN-0006925,2024-10-01,40097,Libros,41600,Tarjeta débito,Sitio web,Desktop,Cali,6,5,No
TXN-0002757,2024-02-18,57830,Libros,33674,Tarjeta débito,App móvil,Android,Barranquilla,6,5,No
TXN-0001665,,36422,Moda,127360,PSE,Sitio web,Android,Medellín,3,5,No
TXN-0002347,2024-07-25,-1,Hogar,193592,Billetera digital,App móvil,iOS,Medellín,6,5,No
TXN-0001775,2023-05-03,35566,Tecnología,1157260,Contraentrega,App móvil,iOS,Pereira,3,5,No
TXN-0004750,2022-08-14,26972,Belleza,62978,Tarjeta crédito,App móvil,iOS,Cúcuta,8,4,No
TXN-0000508,2023-03-10,17080,Belleza,111213,Tarjeta crédito,App móvil,Android,Manizales,2,5,No
TXN-0000765,2024-05-04,59205,Hogar,106889,Billetera digital,App móvil,Android,Bogotá,6,5,No
TXN-0005848,2024-07-22,19186,Alimentos,42359,Tarjeta crédito,App móvil,Android,Pereira,3,5,No
TXN-0006543,2023-01-06,55669,Belleza,71318,PSE,App móvil,Android,Cali,6,5,No
TXN-0002875,2023-11-11,10570,Deportes,164693,Tarjeta crédito,Sitio web,Android,Barranquilla,2,5,No
TXN-0001771,2022-04-10,25671,Electrónica,424768,Contraentrega,App móvil,iOS,Cúcuta,1,5,No
TXN-0002735,2024-10-01,58886,Hogar,203692,Contraentrega,App móvil,Android,Bogotá,6,5,No
TXN-0004675,2024-07-16,39985,Moda,98470,Tarjeta crédito,Sitio web,Android,Bogotá,3,5,No
TXN-0006127,2024-07-04,25209,Electrónica,571348,PSE,App móvil,Android,Bogotá,4,5,No
TXN-0006787,2023-12-19,38379,Electrónica,515581,PSE,App móvil,Android,Medellín,5,5,No
TXN-0000422,2023-09-20,49537,Electrónica,752006,Contraentrega,App móvil,Android,Bucaramanga,5,5,No
TXN-0007426,2023-11-18,48905,Tecnología,209121,Tarjeta crédito,Sitio web,iOS,Bogotá,7,5,No
TXN-0007384,2024-01-14,55430,Alimentos,70281,Tarjeta débito,Sitio web,iOS,Medellín,6,5,No
TXN-0007567,2023-06-13,35930,Electrónica,778833,PSE,App móvil,Android,Cali,5,5,No
TXN-0001289,2023-08-01,14043,Libros,26681,Tarjeta débito,App móvil,iOS,Medellín,5,5,No
TXN-0004336,2022-11-28,59210,Hogar,237834,Tarjeta crédito,Sitio web,Android,Barranquilla,2,5,No
TXN-0004817,2024-06-04,27956,Libros,52258,Contraentrega,Sitio web,Desktop,Cali,5,5,No
TXN-0002924,2022-07-27,51680,Hogar,168844,Tarjeta crédito,App móvil,Desktop,Bogotá,3,5,No
TXN-0006385,2023-01-03,12171,Electrónica,595734,PSE,App móvil,Android,Bogotá,6,5,No
TXN-0005699,2024-02-26,18666,Electrónica,573978,Tarjeta crédito,App móvil,Desktop,Bogotá,3,5,No
TXN-0003650,2024-06-29,23021,Juguetes,165885,Tarjeta crédito,App móvil,Android,Bogotá,4,5,No
TXN-0002573,2022-07-16,52588,Hogar,159864,Tarjeta crédito,App móvil,Android,Manizales,7,5,No
TXN-0000904,,52655,Hogar,215652,Tarjeta débito,Sitio web,Android,Cúcuta,2,5,No
TXN-0007174,2023-06-11,41989,Libros,60890,Billetera digital,App móvil,Android,Barranquilla,3,5,No
TXN-0001312,2023-06-21,45284,Deportes,67924,Tarjeta débito,App móvil,Android,Cartagena,6,5,No
TXN-0007374,2022-08-14,28654,Moda,48698,Tarjeta crédito,App móvil,iOS,Barranquilla,2,5,No
TXN-0003119,2023-09-11,24360,Moda,144166,Tarjeta débito,App móvil,Android,Pereira,2,5,No
TXN-0000804,2024-07-28,21617,Deportes,214830,Contraentrega,App móvil,Android,Bucaramanga,4,5,No
TXN-0002827,2023-08-06,46297,Electrónica,830046,PSE,App móvil,iOS,Cartagena,5,5,No
TXN-0006949,,33136,Deportes,240263,Contraentrega,Sitio web,Android,Barranquilla,2,5,No
TXN-0004748,2023-08-20,22558,Tecnología,1497142,PSE,Sitio web,Android,Manizales,6,5,No
TXN-0003394,2024-08-28,35466,Juguetes,91254,Tarjeta crédito,App móvil,Android,Bogotá,7,5,No
TXN-0002527,2023-05-27,54118,Belleza,71860,Billetera digital,App móvil,Android,Bogotá,4,5,No
TXN-0000344,2024-09-20,17312,Deportes,230239,PSE,Sitio web,Desconocido,Bogotá,6,5,No
TXN-0001331,2024-06-22,58736,Mascotas,87363,Tarjeta crédito,Sitio web,Android,Cúcuta,1,5,No
TXN-0007763,2023-02-21,44026,Belleza,77328,Tarjeta crédito,Sitio web,Android,Bogotá,8,3,Sí
TXN-0005823,2024-01-11,16093,Deportes,153303,Tarjeta crédito,Sitio web,iOS,Medellín,5,5,No
TXN-0005807,2023-11-19,43443,Belleza,41118,PSE,App móvil,Android,Medellín,3,5,No
TXN-0005509,2022-07-25,40218,Moda,126552,Contraentrega,Sitio web,iOS,Bogotá,7,5,No
TXN-0004984,2023-01-25,43783,Belleza,89020,Contraentrega,App móvil,Android,Bucaramanga,4,5,No
TXN-0004383,2024-04-05,29330,Juguetes,116029,Tarjeta crédito,Sitio web,Android,Bucaramanga,4,5,No
TXN-0005868,2022-10-04,31371,Deportes,199408,Contraentrega,App móvil,Android,Bogotá,1,5,No
TXN-0001941,2024-05-28,32080,Tecnología,820679,Billetera digital,App móvil,Android,Bucaramanga,5,5,No
TXN-0007216,2024-07-19,15462,Alimentos,48669,Contraentrega,App móvil,Android,Medellín,2,5,No
TXN-0006268,2023-09-13,26290,Alimentos,54565,Contraentrega,App móvil,Android,Manizales,5,5,No
TXN-0006117,2024-10-28,33241,Belleza,59682,PSE,App móvil,Android,Cali,2,5,No
TXN-0006697,2022-08-24,38591,Mascotas,81334,PSE,App móvil,Android,Cartagena,7,5,No
TXN-0001577,2023-07-08,17185,Hogar,180869,Contraentrega,App móvil,iOS,Ibagué,6,5,No
TXN-0002192,2022-10-13,35372,Juguetes,80839,Tarjeta crédito,Sitio web,Android,Bogotá,3,5,No
TXN-0005926,2022-07-10,-1,Electrónica,305688,Contraentrega,App móvil,Android,Bogotá,8,3,No
TXN-0002102,2022-07-26,31699,Hogar,198692,PSE,App móvil,Android,Medellín,5,5,Sí
TXN-0001086,2022-11-23,33817,Alimentos,70153,Tarjeta crédito,Sitio web,Desktop,Medellín,6,5,No
TXN-0002470,2022-02-27,-1,Electrónica,591800,Contraentrega,App móvil,Android,Bogotá,6,5,No
TXN-0003328,2023-05-01,34547,Electrónica,822923,Contraentrega,App móvil,Android,Cali,4,5,No
TXN-0006094,2023-02-10,31059,Moda,100432,Tarjeta débito,Sitio web,Android,Bogotá,6,5,No
TXN-0004064,2023-11-20,47024,Belleza,53381,Tarjeta crédito,App móvil,Android,Ibagué,4,5,No
TXN-0007605,2024-05-30,38475,Deportes,154185,Tarjeta crédito,App móvil,Android,Bogotá,4,5,No
TXN-0001123,2022-06-13,36257,Deportes,150099,Tarjeta débito,App móvil,Desktop,Bogotá,2,5,No
TXN-0004264,2022-09-10,45702,Hogar,172616,Billetera digital,Sitio web,Android,Bogotá,5,5,No
TXN-0003490,2022-08-28,19375,Belleza,85819,Tarjeta crédito,App móvil,Android,Cartagena,2,5,No
TXN-0006361,2023-11-20,20893,Alimentos,32545,Tarjeta crédito,App móvil,iOS,Bogotá,3,5,No
TXN-0001805,2023-11-10,41279,Juguetes,53790,PSE,Sitio web,Desktop,Pereira,7,5,No
TXN-0005137,2024-04-10,56502,Libros,39246,Contraentrega,Sitio web,Android,Bogotá,4,5,No
TXN-0000012,2024-01-30,59723,Moda,93649,Tarjeta crédito,Sitio web,Android,Bogotá,5,5,No
TXN-IMPUTADO-0174,2023-08-20,49255,Juguetes,108135,Tarjeta crédito,App móvil,iOS,Cartagena,3,5,No
TXN-0005463,2024-08-08,37426,Hogar,165007,PSE,Sitio web,Android,Bogotá,2,5,No
TXN-0003805,2024-11-16,53430,Electrónica,737442,PSE,App móvil,Android,Pereira,6,5,No
TXN-0003616,2024-11-06,38081,Moda,161814,Tarjeta débito,App móvil,iOS,Barranquilla,3,5,No
TXN-IMPUTADO-0175,2023-06-26,17128,Moda,79752,PSE,App móvil,Android,Bogotá,4,5,No
TXN-0005818,2022-02-02,44668,Libros,75922,Contraentrega,Sitio web,Android,Cali,7,5,No
TXN-0000146,2024-02-21,41206,Hogar,182053,Tarjeta crédito,Sitio web,iOS,Medellín,2,5,No
TXN-0004408,2022-01-03,14816,Belleza,76528,Billetera digital,App móvil,Android,Bogotá,4,5,No
TXN-0001044,2024-01-30,30102,Mascotas,70402,Tarjeta crédito,App móvil,Desktop,Medellín,4,5,No
TXN-0004065,2023-12-28,50440,Moda,135045,Contraentrega,App móvil,Desktop,Pereira,5,5,No
TXN-0003586,2023-02-08,-1,Electrónica,693713,Contraentrega,App móvil,Android,Bogotá,5,5,No
TXN-0004584,2022-03-28,17719,Tecnología,534705,PSE,App móvil,Android,Cali,1,5,No
TXN-0002412,2024-05-31,43052,Moda,126402,PSE,App móvil,Android,Barranquilla,6,5,No
TXN-0007906,2023-07-22,55707,Hogar,193041,Billetera digital,App móvil,Android,Cúcuta,6,5,No
TXN-0005547,2023-08-01,38144,Deportes,116329,Tarjeta débito,Sitio web,iOS,Cali,9,4,No
TXN-0003719,2023-04-01,49473,Deportes,160163,Tarjeta crédito,Sitio web,Desktop,Bogotá,3,5,No
TXN-0002428,2023-12-24,43905,Tecnología,776206,Contraentrega,Sitio web,Android,Barranquilla,2,5,No
TXN-0002738,2024-09-13,33149,Mascotas,86781,Tarjeta crédito,App móvil,iOS,Medellín,3,5,No
TXN-0005318,2023-06-30,35360,Electrónica,267873,Tarjeta crédito,Sitio web,Android,Medellín,5,5,No
TXN-IMPUTADO-0176,2023-09-29,29717,Juguetes,151038,Tarjeta crédito,App móvil,Android,Bucaramanga,4,5,No
TXN-0005334,2022-01-15,21947,Hogar,124079,Tarjeta débito,Sitio web,Android,Bucaramanga,7,5,No
TXN-0001912,2023-09-12,53815,Hogar,81310,Billetera digital,App móvil,iOS,Bucaramanga,8,3,No
TXN-0007093,2022-06-16,54146,Tecnología,1092404,PSE,Sitio web,iOS,Pereira,5,5,No
TXN-0001288,2022-03-07,33008,Electrónica,890844,Tarjeta débito,App móvil,Desktop,Bogotá,7,5,No
TXN-0003232,2023-06-06,53162,Tecnología,120531,Tarjeta débito,App móvil,Android,Cali,6,5,No
TXN-0007104,2023-09-12,25557,Electrónica,454334,Billetera digital,App móvil,Android,Bucaramanga,6,5,No
TXN-0003291,2024-05-18,36541,Electrónica,1120617,Tarjeta crédito,App móvil,iOS,Bogotá,1,5,No
TXN-0007034,2024-06-12,18414,Hogar,355521,Contraentrega,App móvil,Android,Bucaramanga,3,5,No
TXN-0000950,2024-09-14,46406,Tecnología,1247261,Tarjeta débito,App móvil,Android,Cartagena,1,5,No
TXN-0002998,2024-11-04,28256,Electrónica,617047,Billetera digital,App móvil,Android,Bogotá,2,5,No
TXN-0005931,2023-08-07,44090,Electrónica,1471001,Billetera digital,Sitio web,Android,Cali,7,5,No
TXN-0004610,2023-11-18,40061,Hogar,242788,Tarjeta débito,App móvil,Desktop,Bogotá,3,5,No
TXN-0007717,2022-10-19,13809,Deportes,149328,PSE,App móvil,Android,Bogotá,1,5,No
TXN-0000634,2024-01-23,17342,Juguetes,172010,Tarjeta débito,Sitio web,iOS,Bogotá,6,5,No
TXN-0003089,2024-12-21,42154,Tecnología,823393,Tarjeta débito,App móvil,iOS,Medellín,4,5,No
TXN-0003209,2024-06-11,20251,Juguetes,85375,Tarjeta crédito,App móvil,Android,Manizales,2,5,No
TXN-0004843,2022-08-30,10768,Hogar,176357,Contraentrega,App móvil,Android,Cali,4,5,No
TXN-0005014,2022-12-22,48416,Deportes,150311,PSE,Sitio web,Android,Cali,6,5,No
TXN-0007870,2023-08-21,33386,Libros,44524,Tarjeta débito,App móvil,Android,Bogotá,3,5,No
TXN-0000714,2022-02-12,35905,Hogar,116881,Tarjeta crédito,App móvil,Desktop,Cartagena,6,5,No
TXN-0003760,2022-03-26,36695,Juguetes,95802,PSE,App móvil,Desktop,Medellín,3,5,Sí
TXN-0005652,2024-06-07,36688,Belleza,62563,PSE,App móvil,Android,Cartagena,5,5,No
TXN-0004487,2022-03-29,26425,Belleza,77848,PSE,Sitio web,iOS,Medellín,3,5,No
TXN-0006535,2022-03-07,38936,Deportes,36754,Contraentrega,App móvil,Android,Bogotá,5,5,No
TXN-0001590,2024-06-03,34956,Tecnología,1198075,Tarjeta crédito,App móvil,Android,Ibagué,6,5,No
TXN-0003998,2023-09-02,30497,Moda,135617,Tarjeta débito,App móvil,Desktop,Cali,3,5,No
TXN-0003087,2024-12-29,46255,Belleza,45626,Billetera digital,App móvil,Desktop,Bogotá,4,5,No
TXN-0002340,2023-09-04,19793,Alimentos,40300,Tarjeta crédito,App móvil,Android,Barranquilla,2,5,No
TXN-0000908,2022-11-19,23224,Electrónica,192946,Billetera digital,App móvil,Android,Cúcuta,3,5,No
TXN-0000572,2024-05-04,13813,Deportes,177101,Contraentrega,Sitio web,iOS,Ibagué,4,5,No
TXN-0002363,2023-11-07,46116,Hogar,258289,PSE,App móvil,Desktop,Medellín,4,5,No
TXN-0005527,2024-03-27,54790,Hogar,113065,Tarjeta débito,App móvil,Android,Medellín,5,5,No
TXN-0005291,2024-11-02,34720,Moda,111348,Tarjeta crédito,Sitio web,Android,Barranquilla,1,5,No
TXN-0006677,2022-12-21,37569,Tecnología,931693,Tarjeta crédito,App móvil,Desktop,Bogotá,5,5,No
TXN-0001834,2023-10-27,17341,Hogar,136877,Tarjeta débito,App móvil,iOS,Bogotá,4,5,No
TXN-0007915,2023-12-05,11125,Deportes,252809,PSE,App móvil,iOS,Bogotá,5,5,Sí
TXN-0004054,2022-05-21,56742,Hogar,310795,Tarjeta débito,App móvil,Desconocido,Bogotá,4,5,No
TXN-0007828,2024-11-09,35603,Juguetes,56054,PSE,App móvil,iOS,Pereira,1,5,No
TXN-0007380,2022-12-02,37434,Electrónica,946047,Tarjeta crédito,App móvil,Android,Bucaramanga,2,5,Sí
TXN-0005909,2024-12-29,39867,Hogar,243826,Billetera digital,App móvil,Desktop,Bogotá,4,5,No
TXN-0007804,2022-11-10,19625,Moda,145294,PSE,Sitio web,Desktop,Ibagué,4,5,No
TXN-IMPUTADO-0177,2022-01-24,41634,Moda,74072,PSE,App móvil,Android,Medellín,6,5,No
TXN-0001841,2023-02-09,40357,Mascotas,60641,Billetera digital,App móvil,Android,Bucaramanga,4,5,No
TXN-0000163,2024-02-29,-1,Hogar,258582,Tarjeta débito,Sitio web,Android,Cali,3,5,No
TXN-0001751,2024-02-22,20205,Moda,214030,Contraentrega,App móvil,Android,Cali,8,4,No
TXN-0001644,2023-01-01,29864,Electrónica,471953,Billetera digital,App móvil,Desktop,Bogotá,1,5,No
TXN-0000101,2024-03-30,-1,Deportes,129094,PSE,Sitio web,Desktop,Cúcuta,6,5,No
TXN-0002269,2022-03-28,16219,Moda,71397,PSE,App móvil,iOS,Manizales,2,5,No
TXN-0001810,2024-08-02,28671,Mascotas,43421,Tarjeta crédito,App móvil,iOS,Medellín,3,5,No
TXN-0003933,2023-07-13,29718,Moda,92917,Tarjeta crédito,App móvil,Android,Cartagena,4,5,No
TXN-0002483,2024-04-09,30721,Belleza,40098,Tarjeta crédito,App móvil,Android,Cartagena,7,5,No
TXN-0000409,2024-08-03,30344,Mascotas,35990,Tarjeta crédito,App móvil,iOS,Medellín,4,5,No
TXN-0005479,2022-07-16,22854,Deportes,101921,PSE,Sitio web,Desconocido,Cali,7,5,No
TXN-0005739,2022-04-09,39274,Electrónica,637315,Contraentrega,App móvil,iOS,Medellín,5,5,No
TXN-0001347,2022-10-02,13234,Belleza,17551,Tarjeta crédito,Sitio web,Desktop,Cartagena,3,5,No
TXN-0007639,2022-06-20,30091,Moda,148632,Tarjeta crédito,App móvil,iOS,Manizales,4,5,No
TXN-0002451,2024-10-22,51730,Moda,116608,PSE,App móvil,Android,Cartagena,8,4,No
TXN-0005090,2023-03-08,26365,Belleza,117596,Tarjeta crédito,Sitio web,Android,Cúcuta,3,5,No
TXN-0003074,2023-06-14,23485,Electrónica,331501,Billetera digital,Sitio web,Android,Cúcuta,6,5,No
TXN-0003143,2024-01-30,31910,Moda,77756,PSE,Sitio web,Android,Medellín,2,5,No
TXN-0003488,2022-07-06,41027,Tecnología,5000,Tarjeta débito,Sitio web,Android,Bogotá,4,5,No
TXN-0003641,2023-06-02,29182,Alimentos,24236,Tarjeta débito,App móvil,Android,Cali,4,5,No
TXN-0004140,2024-01-31,56291,Mascotas,50081,Tarjeta crédito,Sitio web,iOS,Ibagué,3,5,No
TXN-0007062,2022-09-29,18234,Hogar,175660,Tarjeta crédito,App móvil,Android,Cali,5,5,No
TXN-0001452,2022-06-19,59751,Juguetes,108202,Tarjeta débito,App móvil,Android,Medellín,3,5,No
TXN-0004236,2023-01-24,11141,Libros,51998,Contraentrega,App móvil,Android,Cali,4,5,No
TXN-0000856,2022-04-09,45994,Deportes,142597,Billetera digital,App móvil,Desktop,Medellín,2,5,No
TXN-0005605,2022-01-20,25447,Electrónica,552872,PSE,Sitio web,Android,Pereira,5,5,No
TXN-0000249,2023-06-07,17951,Electrónica,612172,Tarjeta crédito,App móvil,Android,Medellín,10,4,No
TXN-0005444,2024-11-29,51356,Electrónica,667053,Tarjeta débito,Sitio web,Android,Bogotá,3,5,No
TXN-0001850,2022-12-25,58953,Tecnología,883287,Tarjeta crédito,Sitio web,Android,Bogotá,5,5,No
TXN-0007335,2022-07-13,-1,Deportes,230587,Tarjeta crédito,Sitio web,Android,Cali,7,5,No
TXN-0003486,2024-12-06,11127,Moda,92928,Tarjeta débito,App móvil,Android,Barranquilla,5,5,No
TXN-0004256,2023-12-08,41008,Hogar,166472,Tarjeta crédito,App móvil,Android,Cali,1,5,No
TXN-0006494,2022-12-21,24733,Mascotas,108874,Tarjeta débito,Sitio web,Android,Medellín,4,5,No
TXN-0006506,2022-09-10,48544,Alimentos,31701,Tarjeta crédito,App móvil,iOS,Barranquilla,3,5,No
TXN-0002424,2023-09-09,18986,Electrónica,982055,Tarjeta débito,App móvil,Android,Ibagué,5,5,No
TXN-0001079,2023-11-15,38547,Electrónica,1236190,Tarjeta crédito,Sitio web,Desktop,Pereira,6,5,No
TXN-0004268,2022-11-26,29599,Electrónica,650297,Tarjeta débito,App móvil,Desconocido,Cali,4,5,No
TXN-0005674,2023-10-08,48250,Hogar,112150,PSE,Sitio web,Android,Bucaramanga,3,5,No
TXN-0004867,2022-12-01,41993,Hogar,249788,Tarjeta crédito,App móvil,Android,Pereira,2,5,No
TXN-0003197,2023-05-05,22488,Tecnología,526851,PSE,Sitio web,Desktop,Bogotá,4,5,No
TXN-0000562,2022-01-15,28535,Libros,59164,Tarjeta crédito,App móvil,Android,Bogotá,1,5,No
TXN-0006210,2023-09-18,16487,Mascotas,47407,Tarjeta crédito,Sitio web,iOS,Bogotá,6,5,No
TXN-0007894,2024-10-22,50144,Deportes,141104,PSE,App móvil,Android,Bogotá,5,5,No
TXN-0001506,2022-08-25,43749,Mascotas,38874,Contraentrega,App móvil,Android,Cali,4,5,No
TXN-0003248,2023-07-24,54966,Tecnología,5000,Contraentrega,Sitio web,iOS,Cali,4,5,No
TXN-0005941,2023-05-03,13358,Tecnología,1027429,Tarjeta crédito,App móvil,Desktop,Bogotá,1,5,No
TXN-0004615,2023-11-14,21294,Belleza,131573,Contraentrega,App móvil,Desktop,Medellín,8,3,No
TXN-0006754,2024-05-08,51191,Hogar,151687,Tarjeta crédito,App móvil,Desktop,Barranquilla,6,5,No
TXN-0000963,2022-06-05,48159,Belleza,110526,Tarjeta crédito,App móvil,Android,Bogotá,4,5,No
TXN-0000284,2022-07-27,28805,Moda,112540,Tarjeta crédito,App móvil,Android,Manizales,5,5,Sí
TXN-0006597,2023-02-08,48385,Alimentos,39277,Billetera digital,App móvil,iOS,Barranquilla,4,5,No
TXN-0002756,2024-01-31,58981,Electrónica,1227734,Tarjeta crédito,Sitio web,Android,Bogotá,5,5,No
TXN-0000709,2024-08-10,14004,Moda,60218,Tarjeta crédito,App móvil,Desktop,Medellín,2,5,No
TXN-0007780,2022-07-19,44214,Libros,67130,PSE,App móvil,Android,Bogotá,4,5,No
TXN-0006349,2023-07-10,15141,Electrónica,515469,Tarjeta crédito,App móvil,Android,Manizales,1,5,No
TXN-0004617,2024-08-07,38883,Libros,67432,Tarjeta crédito,App móvil,Desktop,Bogotá,4,5,No
TXN-0003508,2022-02-24,28563,Belleza,84703,Tarjeta crédito,App móvil,Android,Pereira,4,5,Sí
TXN-0001776,2024-06-01,20545,Belleza,69108,Tarjeta crédito,Sitio web,Android,Bogotá,4,5,No
TXN-0000760,2022-11-28,29470,Alimentos,28530,Contraentrega,App móvil,Desktop,Medellín,3,5,No
TXN-0007162,2022-03-28,11713,Deportes,263422,Tarjeta débito,App móvil,iOS,Bogotá,7,5,No
TXN-0006049,2022-01-10,26740,Juguetes,138935,Tarjeta crédito,App móvil,iOS,Manizales,2,5,No
TXN-0006920,2022-07-28,47399,Hogar,80475,Tarjeta crédito,Sitio web,iOS,Bucaramanga,3,5,No
TXN-0006060,2022-01-02,35882,Alimentos,37372,Billetera digital,Sitio web,Android,Pereira,2,5,No
TXN-0004133,2023-03-30,13475,Deportes,192738,Tarjeta crédito,App móvil,Desktop,Pereira,3,5,No
TXN-0004123,2022-03-08,28022,Alimentos,52335,Contraentrega,App móvil,Android,Cali,3,5,Sí
TXN-0000897,2022-10-10,16447,Mascotas,105298,Tarjeta crédito,App móvil,Desktop,Medellín,3,5,No
TXN-0004182,2024-11-29,41925,Libros,37598,Contraentrega,App móvil,Android,Medellín,5,5,No
TXN-0007311,2024-03-23,-1,Juguetes,81299,PSE,Sitio web,Desktop,Manizales,4,5,No
TXN-0000805,2024-12-07,29572,Moda,208975,Tarjeta débito,App móvil,Android,Barranquilla,3,5,No
TXN-0002882,2024-04-28,48955,Moda,174688,Contraentrega,Sitio web,Android,Bogotá,4,5,No
TXN-0005913,2023-06-12,40563,Juguetes,97245,Tarjeta crédito,App móvil,iOS,Bogotá,4,5,No
TXN-0006231,2022-01-26,37604,Moda,83499,Tarjeta crédito,Sitio web,Desktop,Medellín,5,5,No
TXN-0001739,2023-02-13,14973,Belleza,109116,Tarjeta débito,App móvil,Android,Medellín,8,4,No
TXN-0002128,2023-09-06,40347,Hogar,133814,Contraentrega,App móvil,Desktop,Medellín,1,5,No
TXN-0004972,2023-05-11,17474,Hogar,218978,Tarjeta débito,App móvil,iOS,Bogotá,6,5,No
TXN-0000148,2023-03-31,58800,Moda,160845,PSE,Sitio web,Android,Bogotá,7,5,No
TXN-0007815,2024-03-14,16284,Mascotas,33985,Tarjeta crédito,App móvil,Android,Barranquilla,7,5,No
TXN-0001701,2023-04-02,30048,Deportes,149472,Tarjeta débito,Sitio web,Desktop,Barranquilla,3,5,No
TXN-0001094,2022-01-17,25965,Juguetes,70347,Tarjeta crédito,Sitio web,Desktop,Cartagena,10,4,No
TXN-0000928,2022-03-22,42328,Electrónica,851039,Tarjeta crédito,App móvil,Android,Medellín,7,5,No
TXN-0003761,2022-08-24,30337,Libros,52560,Tarjeta crédito,Sitio web,Desktop,Barranquilla,2,5,No
TXN-0000528,2024-03-24,48873,Tecnología,519187,PSE,Sitio web,Android,Barranquilla,5,5,No
TXN-0001263,2024-01-04,14261,Belleza,74967,PSE,App móvil,Android,Medellín,3,5,No
TXN-0007864,2023-12-16,24616,Hogar,126640,Tarjeta débito,Sitio web,Desktop,Medellín,4,5,Sí
TXN-0004435,2023-09-04,53840,Libros,65295,PSE,Sitio web,Android,Barranquilla,1,5,Sí
TXN-0002949,2023-03-03,16164,Juguetes,139601,Tarjeta crédito,App móvil,Desktop,Manizales,8,4,No
TXN-0004896,2024-04-03,11635,Moda,159610,Billetera digital,Sitio web,Android,Bogotá,6,5,No
TXN-0002614,2023-09-24,42092,Deportes,74380,Tarjeta débito,App móvil,Android,Bucaramanga,2,5,No
TXN-0005819,2023-02-02,11187,Electrónica,664899,PSE,App móvil,Android,Medellín,7,5,No
TXN-0006950,2024-03-08,32109,Alimentos,40452,Tarjeta crédito,Sitio web,Desktop,Medellín,5,5,No
TXN-0007581,2022-11-21,-1,Hogar,197606,PSE,App móvil,iOS,Cartagena,7,5,No
TXN-0000382,2023-01-10,43083,Hogar,5000,Tarjeta débito,Sitio web,Android,Cali,4,5,No
TXN-0000486,2024-03-13,13108,Deportes,189144,Tarjeta débito,Sitio web,iOS,Bucaramanga,3,5,No
TXN-0007818,2024-08-20,24097,Moda,142329,PSE,App móvil,Android,Cali,3,5,No
TXN-0002329,2023-07-09,11355,Electrónica,371980,Billetera digital,App móvil,Android,Medellín,3,5,Sí
TXN-0005199,2024-11-01,10086,Juguetes,71641,Tarjeta crédito,App móvil,Android,Bogotá,3,5,No
TXN-0000597,2022-01-11,20292,Moda,145627,Contraentrega,Sitio web,Android,Bogotá,7,5,No
TXN-0001414,2023-07-06,57013,Moda,91612,Tarjeta crédito,App móvil,Desconocido,Barranquilla,7,5,No
TXN-0005395,2023-08-02,36795,Tecnología,949080,Tarjeta débito,Sitio web,Desconocido,Bogotá,5,5,No
TXN-0003685,2023-12-05,47987,Moda,169227,Tarjeta crédito,Sitio web,iOS,Bogotá,8,3,No
TXN-0004589,2024-10-26,49600,Electrónica,915620,Tarjeta crédito,App móvil,Android,Cartagena,5,5,No
TXN-0002627,2022-06-30,19797,Juguetes,5829,Tarjeta crédito,Sitio web,iOS,Pereira,7,5,No
TXN-0000580,2023-01-18,33775,Belleza,22119,Contraentrega,App móvil,iOS,Cúcuta,1,5,No
TXN-0002656,2023-04-09,45611,Alimentos,46172,Billetera digital,Sitio web,iOS,Bogotá,5,5,No
TXN-0004703,2023-06-06,58993,Juguetes,132842,Tarjeta débito,Sitio web,Android,Pereira,6,5,No
TXN-0006570,2024-05-01,58128,Alimentos,45411,Tarjeta crédito,App móvil,Desconocido,Medellín,4,5,No
TXN-0007269,2024-04-09,58519,Moda,145838,Contraentrega,Sitio web,Android,Bogotá,7,5,No
TXN-0003778,2024-11-26,50020,Belleza,80475,Contraentrega,Sitio web,Android,Barranquilla,3,5,No
TXN-0004739,2022-03-13,41433,Alimentos,60619,Tarjeta débito,App móvil,iOS,Cartagena,7,5,No
TXN-0007366,2022-04-06,59212,Libros,44113,Billetera digital,App móvil,Android,Barranquilla,3,5,No
TXN-0004881,2022-01-10,44515,Electrónica,789098,Tarjeta crédito,App móvil,Android,Bogotá,3,5,No
TXN-0003795,2023-07-03,49758,Moda,91356,PSE,App móvil,Android,Medellín,2,5,No
TXN-0002469,2023-12-08,-1,Deportes,132343,Tarjeta crédito,App móvil,Android,Bogotá,2,5,No
TXN-0006272,2023-04-29,21674,Moda,137226,Tarjeta crédito,Sitio web,Android,Medellín,5,5,No
TXN-0001830,2024-03-30,25752,Electrónica,1079188,Contraentrega,App móvil,Android,Barranquilla,1,5,No
TXN-0006735,2022-10-02,31696,Deportes,72282,Tarjeta crédito,Sitio web,Android,Bogotá,5,5,No
TXN-0002722,2022-11-09,43163,Libros,63095,Contraentrega,App móvil,Android,Bogotá,5,5,No
TXN-0002193,2023-12-23,17076,Belleza,96455,Tarjeta débito,App móvil,iOS,Medellín,6,5,No
TXN-0002138,2023-12-10,18081,Tecnología,1713095,PSE,App móvil,Android,Bogotá,5,5,No
TXN-IMPUTADO-0178,2024-12-18,15276,Moda,129600,Tarjeta crédito,App móvil,Android,Cali,5,5,No
TXN-0007043,2023-12-17,27221,Tecnología,810966,Tarjeta crédito,Sitio web,Desktop,Medellín,4,5,No
TXN-0001982,2023-11-08,34843,Alimentos,25753,Tarjeta crédito,App móvil,Desktop,Bogotá,3,5,No
TXN-0001437,2023-01-30,31421,Alimentos,57478,PSE,App móvil,Android,Bogotá,2,5,No
TXN-0001179,2022-08-03,20462,Mascotas,80925,Tarjeta crédito,Sitio web,iOS,Pereira,2,5,No
TXN-0006267,2023-03-14,59591,Libros,100665,Tarjeta débito,App móvil,iOS,Medellín,4,5,No
TXN-0006873,2024-10-15,35066,Belleza,120780,Tarjeta crédito,App móvil,Desktop,Bogotá,4,5,No
TXN-IMPUTADO-0179,2022-08-17,24364,Moda,117138,Contraentrega,App móvil,Android,Bogotá,3,5,No
TXN-0002969,2024-12-22,42629,Moda,121437,Contraentrega,App móvil,Android,Cali,3,5,No
TXN-0004547,2023-07-01,35970,Hogar,243983,PSE,App móvil,iOS,Bucaramanga,4,5,No
TXN-0003729,2024-11-12,24511,Mascotas,28610,PSE,App móvil,Android,Manizales,7,5,No
TXN-0000931,2022-05-04,10101,Belleza,50593,PSE,App móvil,Android,Bogotá,3,5,No
TXN-0003886,2023-07-19,16865,Moda,200331,Tarjeta crédito,App móvil,Android,Pereira,1,5,No
TXN-0003846,2023-07-04,24960,Electrónica,671265,Billetera digital,App móvil,Android,Cali,2,5,No
TXN-0006350,2024-04-11,13238,Belleza,6118,PSE,App móvil,Desktop,Bogotá,4,5,No
TXN-0007624,,29213,Belleza,60786,Tarjeta débito,Sitio web,Desktop,Cartagena,2,5,No
TXN-0004491,2022-06-03,51519,Electrónica,866947,PSE,App móvil,Android,Barranquilla,4,5,No
TXN-0007341,2024-11-22,59234,Electrónica,161928,PSE,Sitio web,Android,Bogotá,3,5,No
TXN-0007604,2022-06-08,13351,Juguetes,131113,Billetera digital,Sitio web,Android,Cartagena,8,5,No
TXN-0000328,2024-06-07,58924,Moda,98464,Billetera digital,Sitio web,iOS,Medellín,1,5,No
TXN-0007084,2023-04-03,14237,Tecnología,804276,Billetera digital,App móvil,iOS,Cartagena,5,5,No
TXN-0001937,2024-03-13,58491,Deportes,185155,Tarjeta crédito,App móvil,Desktop,Pereira,2,5,No
TXN-0005534,2022-10-17,19974,Electrónica,310531,Tarjeta crédito,App móvil,Android,Cartagena,9,3,No
TXN-0005469,2022-10-23,23032,Alimentos,63731,PSE,Sitio web,Desconocido,Bogotá,2,5,No
TXN-0007477,2023-06-04,58076,Hogar,232687,Contraentrega,App móvil,Android,Barranquilla,3,5,No
TXN-0007603,2024-12-02,52397,Mascotas,56568,PSE,Sitio web,Android,Manizales,2,5,No
TXN-0001666,2022-01-21,42374,Juguetes,131632,Tarjeta débito,Sitio web,iOS,Bucaramanga,8,4,No
TXN-0002256,2022-07-04,20615,Electrónica,606737,Tarjeta débito,Sitio web,Android,Bogotá,2,5,No
TXN-0006156,2022-09-27,15207,Libros,41652,Tarjeta crédito,App móvil,Desktop,Cúcuta,2,5,No
TXN-0003793,2023-03-01,49227,Moda,84626,Tarjeta crédito,App móvil,iOS,Bogotá,2,5,No
TXN-IMPUTADO-0180,2024-04-27,47460,Deportes,226595,Billetera digital,App móvil,Desktop,Cúcuta,5,5,No
TXN-0007578,2022-11-05,52830,Mascotas,45212,PSE,App móvil,Android,Bogotá,7,5,No
TXN-0005790,2024-08-22,10662,Alimentos,25976,Tarjeta débito,App móvil,Android,Cali,7,5,No
TXN-0005278,2024-11-01,59743,Electrónica,392072,Tarjeta débito,App móvil,Android,Ibagué,5,5,No
TXN-0007715,2023-05-27,20757,Deportes,120829,Contraentrega,App móvil,Android,Manizales,3,5,Sí
TXN-0001539,2023-07-28,43712,Tecnología,1413826,Tarjeta crédito,App móvil,Android,Barranquilla,2,5,No
TXN-0005769,2022-11-15,55513,Libros,5000,PSE,Sitio web,Android,Bogotá,2,5,No
TXN-0003575,2024-03-03,36445,Deportes,59592,Tarjeta débito,App móvil,Android,Bogotá,8,3,No
TXN-0005045,2024-12-08,32860,Alimentos,56063,PSE,App móvil,Desktop,Bogotá,7,5,No
TXN-0003927,2024-11-07,29785,Hogar,134165,Tarjeta crédito,Sitio web,Android,Ibagué,7,5,No
TXN-0006258,2024-06-19,30081,Deportes,212097,Tarjeta crédito,App móvil,Desconocido,Bogotá,6,5,No
TXN-0001323,2022-04-24,32599,Moda,166150,Tarjeta débito,App móvil,Android,Manizales,6,5,No
TXN-0003889,2022-10-24,20687,Belleza,59557,PSE,App móvil,Desconocido,Barranquilla,1,5,No
TXN-0001509,2023-02-19,13726,Tecnología,582753,PSE,App móvil,Android,Barranquilla,4,5,No
TXN-0002069,2023-02-20,28133,Libros,34798,Tarjeta crédito,Sitio web,Android,Bogotá,1,5,No
TXN-0004073,2022-04-09,30446,Hogar,79181,Contraentrega,App móvil,Android,Medellín,5,5,No
TXN-0001865,2022-12-26,13475,Belleza,88439,Billetera digital,Sitio web,Android,Cali,8,4,No
TXN-0000869,2022-09-21,17497,Electrónica,746521,Tarjeta crédito,App móvil,iOS,Cúcuta,2,5,No
TXN-0007556,2024-06-17,57307,Hogar,259465,Contraentrega,App móvil,Android,Bogotá,4,5,No
TXN-0002170,2022-11-07,35054,Hogar,201062,Tarjeta crédito,App móvil,Android,Cúcuta,5,5,No
TXN-0004731,2023-12-20,43692,Belleza,104084,Contraentrega,Sitio web,iOS,Bogotá,4,5,No
TXN-0002248,2023-12-03,-1,Belleza,100236,Contraentrega,App móvil,Android,Manizales,7,5,Sí
TXN-0000221,2022-08-12,58202,Moda,105473,Billetera digital,App móvil,iOS,Pereira,5,5,No
TXN-0003000,2022-06-14,10222,Alimentos,36313,Tarjeta débito,App móvil,iOS,Bogotá,3,5,No
TXN-IMPUTADO-0181,2024-04-13,34198,Alimentos,59855,Billetera digital,Sitio web,Android,Pereira,3,5,No
TXN-0006767,2024-09-23,49046,Hogar,297083,Tarjeta crédito,App móvil,iOS,Bogotá,9,3,No
TXN-0003213,2022-07-09,29145,Moda,178797,Tarjeta crédito,App móvil,Android,Medellín,6,5,No
TXN-0006956,2024-07-23,40790,Alimentos,46416,Tarjeta crédito,App móvil,Desktop,Bucaramanga,4,5,No
TXN-0000305,,44628,Moda,83647,Contraentrega,App móvil,iOS,Bogotá,5,5,No
TXN-0003098,2023-09-10,23550,Libros,52103,Tarjeta crédito,App móvil,Android,Cali,5,5,No
TXN-0007842,2024-11-01,22833,Belleza,6031,Tarjeta crédito,App móvil,Android,Bucaramanga,4,5,No
TXN-0001852,2022-12-07,32934,Deportes,221022,Tarjeta crédito,App móvil,Android,Cali,4,5,No
TXN-0006008,2024-05-19,47796,Tecnología,935724,Contraentrega,Sitio web,Android,Bogotá,4,5,No
TXN-0001097,2022-02-19,18130,Hogar,151850,Tarjeta crédito,Sitio web,iOS,Cúcuta,4,5,No
TXN-0005954,2023-09-08,39244,Belleza,61971,Billetera digital,App móvil,Android,Cúcuta,3,5,No
TXN-0000047,2024-10-23,27256,Tecnología,862043,Billetera digital,App móvil,Android,Bucaramanga,6,5,No
TXN-0003212,2022-11-17,-1,Alimentos,28357,Billetera digital,App móvil,Android,Barranquilla,6,5,No
TXN-0001146,,27750,Juguetes,19552,Tarjeta débito,Sitio web,iOS,Cartagena,3,5,No
TXN-0004709,2023-08-30,21794,Hogar,149533,Tarjeta crédito,App móvil,Android,Manizales,5,5,No
TXN-0006014,2024-05-08,26117,Deportes,189882,PSE,App móvil,iOS,Barranquilla,6,5,No
TXN-0002534,2023-11-18,13041,Deportes,62331,Tarjeta débito,App móvil,iOS,Cali,5,5,No
TXN-0003771,2023-04-10,52195,Electrónica,339842,Contraentrega,App móvil,iOS,Cali,4,5,No
TXN-0000718,2022-06-23,56955,Alimentos,45543,Tarjeta crédito,Sitio web,iOS,Pereira,6,5,No
TXN-0001495,2023-03-08,47385,Alimentos,36141,Tarjeta crédito,Sitio web,iOS,Cali,4,5,No
TXN-0003111,2022-09-02,46503,Moda,149953,Tarjeta crédito,App móvil,Desktop,Bogotá,1,5,No
TXN-0000596,,29297,Hogar,180238,Tarjeta crédito,App móvil,iOS,Medellín,4,5,No
TXN-0000590,2024-12-13,-1,Moda,5000,Tarjeta crédito,Sitio web,Desktop,Barranquilla,3,5,No
TXN-0000523,2024-09-29,15763,Alimentos,47443,Billetera digital,Sitio web,Android,Bogotá,3,5,No
TXN-0002751,2023-12-06,35958,Electrónica,794595,Tarjeta crédito,App móvil,Desktop,Medellín,5,5,No
TXN-0001589,2023-06-02,54345,Alimentos,19178,Tarjeta crédito,App móvil,Desktop,Cali,5,5,No
TXN-0006897,2023-04-20,57453,Hogar,63519,PSE,App móvil,iOS,Bogotá,9,4,No
TXN-0007416,2024-04-16,45888,Belleza,46432,Tarjeta crédito,App móvil,iOS,Bogotá,3,5,No
TXN-0004175,2023-09-26,30617,Belleza,83517,Contraentrega,Sitio web,Android,Bogotá,3,5,Sí
TXN-0003247,2024-02-28,49709,Hogar,348965,Tarjeta débito,App móvil,Android,Bogotá,6,5,No
TXN-0001069,,57532,Alimentos,76854,Tarjeta crédito,Sitio web,Android,Bogotá,4,5,No
TXN-0007483,2023-10-01,42321,Electrónica,1166123,Tarjeta débito,Sitio web,Android,Medellín,2,5,No
TXN-0005810,,24546,Hogar,157660,PSE,Sitio web,iOS,Bogotá,3,5,No
TXN-0001532,2024-01-22,14845,Electrónica,293494,PSE,App móvil,Android,Barranquilla,3,5,No
TXN-0002781,2023-04-30,56085,Juguetes,139537,Tarjeta débito,Sitio web,Android,Bogotá,3,5,No
TXN-0007447,2024-04-24,37249,Electrónica,733348,Contraentrega,App móvil,Desktop,Bogotá,7,5,No
TXN-0004645,2024-12-13,53362,Juguetes,64474,Tarjeta crédito,Sitio web,Android,Barranquilla,1,5,No
TXN-0006150,2024-07-18,52291,Belleza,111670,Contraentrega,App móvil,Android,Barranquilla,5,5,No
TXN-0003804,2022-07-09,11729,Electrónica,665018,Tarjeta crédito,Sitio web,Android,Manizales,4,5,No
TXN-0005314,2024-07-23,37595,Moda,117684,Tarjeta crédito,App móvil,Desktop,Bucaramanga,6,5,No
TXN-0007455,2023-09-12,12248,Deportes,201373,Tarjeta débito,Sitio web,iOS,Cúcuta,3,5,No
TXN-0005826,2022-03-14,57491,Mascotas,29298,PSE,Sitio web,Desktop,Barranquilla,6,5,No
TXN-0004403,2023-09-22,54710,Mascotas,30619,PSE,App móvil,Desktop,Cali,8,4,No
TXN-0007811,2024-07-11,45341,Belleza,101079,Tarjeta crédito,App móvil,Desktop,Cali,3,5,No
TXN-0006859,2023-11-18,43041,Electrónica,715955,Tarjeta débito,App móvil,Android,Bogotá,1,5,No
TXN-0000416,2024-05-28,42362,Electrónica,494062,Billetera digital,App móvil,Desktop,Ibagué,2,5,No
TXN-0005834,2023-10-17,11788,Electrónica,804716,Billetera digital,Sitio web,Android,Bogotá,5,5,No
TXN-0003753,2023-02-22,33143,Electrónica,564384,Tarjeta crédito,App móvil,iOS,Cali,4,5,No
TXN-0001684,2023-12-09,49449,Belleza,87988,Tarjeta débito,App móvil,Android,Cartagena,6,5,No
TXN-0005690,,58646,Moda,153731,Tarjeta crédito,Sitio web,iOS,Bogotá,5,5,No
TXN-0000431,2024-05-24,55425,Belleza,72613,Contraentrega,Sitio web,Android,Medellín,1,5,No
TXN-0002591,2022-05-22,51773,Electrónica,1056775,Tarjeta crédito,App móvil,Android,Bucaramanga,6,5,No
TXN-0003023,2023-09-03,42490,Moda,53147,Tarjeta crédito,App móvil,Android,Bogotá,1,5,No
TXN-0002586,2023-10-14,48901,Belleza,114208,Billetera digital,App móvil,Android,Manizales,2,5,No
TXN-0003014,2023-05-07,49943,Moda,111350,Contraentrega,App móvil,Android,Bogotá,3,5,No
TXN-0001958,2023-06-14,52116,Moda,153476,Tarjeta crédito,App móvil,iOS,Medellín,1,5,No
TXN-0006042,2022-08-06,35445,Hogar,240691,Tarjeta crédito,Sitio web,iOS,Cali,4,5,No
TXN-0003982,2022-09-10,54295,Hogar,164639,PSE,Sitio web,Android,Bogotá,4,5,No
TXN-0005793,2023-09-13,-1,Hogar,109612,Tarjeta crédito,Sitio web,Android,Bogotá,1,5,No
TXN-0003758,2022-08-28,43922,Electrónica,703751,PSE,App móvil,Desktop,Medellín,5,5,No
TXN-0004287,2023-08-03,26660,Alimentos,12465,PSE,App móvil,Android,Medellín,5,5,No
TXN-0003006,2022-12-30,23372,Electrónica,1127769,Tarjeta crédito,App móvil,Desktop,Bogotá,1,5,No
TXN-0004849,2024-07-11,36216,Tecnología,1210729,PSE,Sitio web,iOS,Bogotá,8,3,Sí
TXN-0002292,2022-09-08,16117,Electrónica,916488,Tarjeta crédito,Sitio web,Android,Bogotá,8,4,No
TXN-0004233,2022-03-26,40342,Electrónica,872732,PSE,App móvil,iOS,Medellín,1,5,No
TXN-0005774,2023-08-02,23044,Hogar,288196,Contraentrega,Sitio web,Android,Cartagena,5,5,No
TXN-0006556,2023-12-29,41740,Hogar,143725,Tarjeta débito,App móvil,Desktop,Barranquilla,4,5,No
TXN-0004623,2022-02-25,43904,Electrónica,549064,Tarjeta débito,App móvil,Android,Cartagena,8,5,No
TXN-0000355,2024-01-13,32209,Belleza,52594,PSE,Sitio web,Desktop,Medellín,4,5,No
TXN-0007393,2024-04-26,43368,Electrónica,234655,Tarjeta crédito,App móvil,Desktop,Medellín,3,5,No
TXN-0005393,2024-04-23,19249,Mascotas,15361,PSE,Sitio web,Desktop,Cali,2,5,No
TXN-0007314,2023-09-07,27018,Moda,103917,Contraentrega,Sitio web,Desktop,Cali,2,5,No
TXN-IMPUTADO-0182,2023-01-22,52840,Alimentos,55642,Contraentrega,App móvil,Android,Medellín,3,5,No
TXN-0002942,2022-01-31,34121,Moda,144740,Contraentrega,App móvil,Desktop,Cartagena,6,5,No
TXN-0003571,2022-02-09,16710,Mascotas,71166,Tarjeta crédito,App móvil,Android,Cartagena,3,5,No
TXN-0005420,2024-08-30,21788,Electrónica,511005,Contraentrega,App móvil,Android,Bucaramanga,1,5,No
TXN-0001476,2022-10-13,24253,Hogar,159230,PSE,App móvil,Android,Medellín,6,5,No
TXN-0006763,2024-03-13,13887,Moda,71756,PSE,App móvil,Android,Bogotá,7,5,No
TXN-0007965,2023-05-27,21171,Moda,166735,Billetera digital,Sitio web,Desktop,Bogotá,6,5,No
TXN-0006580,2024-03-19,53245,Moda,171474,Billetera digital,App móvil,Desconocido,Medellín,3,5,No
TXN-0003661,2023-04-27,47151,Hogar,180889,Tarjeta débito,App móvil,Android,Medellín,1,5,No
TXN-0000003,2024-02-24,19405,Tecnología,583425,Contraentrega,App móvil,Android,Bogotá,1,5,No
TXN-0002098,2023-03-07,56349,Moda,196458,Tarjeta crédito,Sitio web,Android,Bogotá,5,5,No
TXN-0002616,2023-04-15,11911,Alimentos,56598,PSE,App móvil,Desktop,Cali,4,5,No
TXN-0001068,2022-08-15,12826,Electrónica,743698,Tarjeta débito,App móvil,Desktop,Barranquilla,7,5,No
TXN-0000181,2022-04-02,27817,Moda,56212,Tarjeta crédito,App móvil,Android,Bogotá,4,5,No
TXN-IMPUTADO-0183,2022-06-24,28132,Hogar,199195,Tarjeta crédito,App móvil,Android,Cali,4,5,No
TXN-0004089,2022-06-30,30125,Belleza,26305,Tarjeta crédito,App móvil,Desktop,Ibagué,3,5,No
TXN-0004726,2023-01-16,56277,Belleza,55322,Tarjeta débito,App móvil,Android,Barranquilla,4,5,No
TXN-0000402,2023-09-18,53356,Belleza,54084,Billetera digital,App móvil,Android,Bogotá,5,5,No
TXN-0005201,2022-08-12,17768,Moda,73024,Tarjeta débito,Sitio web,Desktop,Ibagué,5,5,No
TXN-0002908,2024-04-14,28929,Deportes,105560,PSE,App móvil,Desktop,Bogotá,6,5,No
TXN-0001450,2022-04-03,31827,Hogar,46546,PSE,Sitio web,Android,Cali,4,5,No
TXN-0006483,2022-09-01,19312,Belleza,33380,Tarjeta débito,App móvil,Desktop,Bogotá,5,5,No
TXN-0000173,2024-12-09,45407,Hogar,157746,PSE,App móvil,Desktop,Bogotá,5,5,No
TXN-IMPUTADO-0184,2024-01-11,33101,Electrónica,657045,Contraentrega,App móvil,iOS,Bogotá,5,5,No
TXN-0004764,2024-02-29,36019,Libros,58221,Tarjeta crédito,Sitio web,Android,Manizales,5,5,No
TXN-0007648,2024-08-01,38431,Moda,138218,Tarjeta crédito,Sitio web,Android,Cali,5,5,No
TXN-0007028,2022-01-14,14084,Libros,68689,Tarjeta crédito,Sitio web,Desktop,Medellín,3,5,Sí
TXN-0003857,2022-10-10,19832,Belleza,107759,Contraentrega,Sitio web,Android,Barranquilla,6,5,No
TXN-0002524,2022-09-16,35621,Deportes,273491,Billetera digital,Sitio web,iOS,Bogotá,7,5,No
TXN-0001917,2023-01-11,47256,Tecnología,1622955,Tarjeta crédito,App móvil,Desktop,Cali,3,5,No
TXN-0005010,2022-10-19,11455,Mascotas,59861,PSE,App móvil,Android,Barranquilla,1,5,No
TXN-0002536,2023-11-08,41383,Mascotas,98098,Contraentrega,App móvil,Android,Manizales,9,4,No
TXN-0007644,2022-03-12,20541,Moda,189110,Tarjeta débito,App móvil,Android,Cali,3,5,No
TXN-0002691,2023-08-28,26871,Moda,102775,Tarjeta crédito,App móvil,iOS,Ibagué,7,5,No
TXN-0003300,2023-02-19,11342,Tecnología,515230,Tarjeta crédito,Sitio web,Android,Cali,1,5,No
TXN-0002029,2023-12-04,21398,Hogar,212536,Tarjeta débito,App móvil,Android,Cartagena,3,5,No
TXN-0000776,2024-08-01,25200,Hogar,227746,PSE,Sitio web,Android,Bogotá,6,5,No
TXN-0006586,2022-10-15,23194,Alimentos,5000,Contraentrega,Sitio web,Android,Bogotá,6,5,No
TXN-0001005,2022-06-01,15133,Deportes,89415,PSE,App móvil,Android,Bogotá,4,5,No
TXN-0000412,2024-02-22,59496,Alimentos,55102,Tarjeta crédito,App móvil,Android,Cúcuta,4,5,No
TXN-0000259,2022-10-12,34712,Alimentos,24701,Tarjeta crédito,Sitio web,Android,Ibagué,3,5,Sí
TXN-0000901,2022-10-25,25043,Deportes,272521,PSE,App móvil,Android,Cali,4,5,No
TXN-0005669,2024-05-28,21945,Hogar,183327,PSE,Sitio web,Android,Bogotá,6,5,No
TXN-0003837,2024-08-11,25491,Hogar,134482,Contraentrega,App móvil,iOS,Ibagué,4,5,No
TXN-0005703,2024-10-21,27295,Hogar,146519,Tarjeta débito,App móvil,Android,Medellín,5,5,No
TXN-0006290,2024-03-15,51829,Tecnología,1638434,Tarjeta débito,App móvil,Android,Pereira,2,5,No
TXN-0006896,2023-03-12,29680,Belleza,66341,Tarjeta débito,App móvil,iOS,Medellín,3,5,No
TXN-0004059,2024-04-21,-1,Alimentos,64101,Contraentrega,App móvil,iOS,Bogotá,7,5,No
TXN-0005620,2024-12-15,38291,Belleza,41926,Tarjeta débito,Sitio web,Android,Medellín,2,5,No
TXN-0001416,2023-04-20,14532,Hogar,182215,Tarjeta crédito,App móvil,Android,Pereira,6,5,No
TXN-0006606,2023-10-24,51680,Belleza,77871,Contraentrega,App móvil,Android,Cali,7,5,No
TXN-0000792,2024-12-18,11525,Tecnología,865414,Billetera digital,App móvil,Android,Barranquilla,3,5,No
TXN-0000531,2024-07-04,55019,Libros,66809,Tarjeta débito,App móvil,Android,Bogotá,6,5,No
TXN-0000898,2023-12-12,47088,Belleza,44205,Tarjeta crédito,App móvil,iOS,Medellín,5,5,No
TXN-IMPUTADO-0185,2023-11-08,14282,Moda,139500,Tarjeta débito,Sitio web,iOS,Medellín,10,5,No
TXN-0003290,2023-07-03,38697,Juguetes,65880,Tarjeta débito,Sitio web,Desktop,Ibagué,5,5,No
TXN-0007152,2024-05-03,-1,Juguetes,135163,Tarjeta crédito,App móvil,Android,Cali,3,5,No
TXN-0007550,2024-08-13,36172,Alimentos,48240,Tarjeta débito,App móvil,Android,Pereira,7,5,No
TXN-0000966,2022-03-27,32978,Hogar,138597,PSE,Sitio web,Android,Ibagué,2,5,No
TXN-0002515,2022-11-18,15880,Electrónica,906880,Billetera digital,App móvil,Android,Bogotá,3,5,No
TXN-0000834,,50540,Electrónica,584437,Tarjeta débito,App móvil,Desktop,Pereira,4,5,No
TXN-0005492,2023-11-28,23830,Mascotas,96272,Tarjeta crédito,App móvil,Android,Medellín,6,5,No
TXN-0004480,2024-05-07,49091,Belleza,98540,PSE,App móvil,Android,Cali,5,5,No
TXN-IMPUTADO-0186,2024-12-14,41487,Electrónica,26517,PSE,App móvil,Android,Bogotá,2,5,No
TXN-0004887,2023-02-28,45194,Belleza,39469,Billetera digital,Sitio web,iOS,Cali,8,4,No
TXN-0005881,2022-05-20,55162,Electrónica,777137,Billetera digital,App móvil,Android,Bogotá,6,5,No
TXN-0002599,2023-06-10,23693,Alimentos,31311,Tarjeta crédito,App móvil,Android,Cali,5,5,No
TXN-0003884,2023-09-18,36241,Hogar,185083,Contraentrega,App móvil,Desktop,Bogotá,2,5,No
TXN-0000781,2022-06-26,53888,Moda,167634,Contraentrega,App móvil,Android,Bucaramanga,3,5,No
TXN-0006241,2023-12-17,40365,Deportes,202344,Tarjeta crédito,App móvil,Android,Barranquilla,2,5,Sí
TXN-0001180,2023-12-28,46809,Electrónica,397677,Billetera digital,Sitio web,iOS,Bogotá,5,5,No
TXN-0001109,2024-01-28,55103,Deportes,147093,Billetera digital,Sitio web,Android,Cali,4,5,No
TXN-0002852,2022-01-26,43754,Tecnología,979934,Tarjeta crédito,App móvil,Android,Bogotá,2,5,No
TXN-0005925,2023-06-01,56074,Belleza,94271,Tarjeta crédito,App móvil,Android,Bogotá,5,5,No
TXN-0005241,2023-10-10,58274,Belleza,109966,Contraentrega,Sitio web,Desktop,Cartagena,1,5,Sí
TXN-0000133,2023-07-30,35081,Alimentos,49215,Contraentrega,App móvil,Android,Bogotá,1,5,No
TXN-0002477,,27559,Electrónica,555742,Tarjeta débito,Sitio web,Android,Ibagué,3,5,No
TXN-0005299,2024-08-24,20860,Libros,72602,PSE,Sitio web,iOS,Cartagena,2,5,No
TXN-0007845,2023-09-13,46373,Mascotas,41331,PSE,Sitio web,Android,Bogotá,1,5,No
TXN-0002868,2023-08-10,53756,Moda,78890,Billetera digital,App móvil,Android,Ibagué,6,5,No
TXN-0002320,2023-09-19,58255,Deportes,91910,Billetera digital,App móvil,Android,Bogotá,2,5,No
TXN-0005554,2024-05-04,53288,Moda,146608,Contraentrega,App móvil,Android,Barranquilla,3,5,No
TXN-0002881,2022-12-31,10694,Juguetes,120819,Tarjeta crédito,App móvil,Desktop,Cartagena,1,5,No
TXN-0004150,2023-09-06,57299,Hogar,187806,Tarjeta crédito,App móvil,Desconocido,Barranquilla,1,5,No
TXN-0000620,2023-04-30,55883,Belleza,97871,Tarjeta crédito,Sitio web,iOS,Bogotá,4,5,Sí
TXN-0001016,2022-10-03,38807,Libros,57771,Tarjeta débito,Sitio web,Android,Bogotá,3,5,No
TXN-0004381,2022-08-24,59654,Electrónica,567695,Tarjeta débito,App móvil,iOS,Bogotá,2,5,No
TXN-0003501,2022-11-04,40576,Belleza,76175,Billetera digital,App móvil,Desktop,Manizales,4,5,No
TXN-0004799,2024-05-06,58801,Moda,167125,Tarjeta crédito,App móvil,Desktop,Bogotá,5,5,No
TXN-0001552,2024-03-28,29591,Electrónica,898631,Contraentrega,App móvil,iOS,Cúcuta,4,5,No
TXN-0001297,2024-05-31,45067,Moda,44727,Contraentrega,Sitio web,Android,Bogotá,3,5,No
TXN-0003734,2023-06-06,50799,Tecnología,667058,Tarjeta crédito,App móvil,Android,Bogotá,1,5,No
TXN-0001953,2024-03-15,14665,Belleza,39952,Tarjeta crédito,App móvil,Android,Bogotá,8,3,No
TXN-0002828,2022-10-21,18074,Libros,65118,PSE,Sitio web,Desktop,Bogotá,1,5,No
TXN-0004518,2023-11-08,28716,Hogar,301881,Contraentrega,Sitio web,Android,Manizales,4,5,Sí
TXN-0007750,2022-04-11,45844,Deportes,79208,Tarjeta crédito,App móvil,Android,Barranquilla,5,5,No
TXN-0007382,2023-02-07,21238,Belleza,110237,PSE,Sitio web,Android,Barranquilla,1,5,No
TXN-0005584,2024-02-14,47741,Moda,118150,Billetera digital,Sitio web,Android,Bogotá,3,5,No
TXN-0003066,2023-02-26,56591,Libros,53361,Tarjeta crédito,App móvil,Desktop,Barranquilla,4,5,No
TXN-0004707,2023-06-04,54397,Moda,84073,Tarjeta crédito,App móvil,iOS,Bogotá,2,5,No
TXN-0000475,2022-09-12,24579,Electrónica,721477,PSE,App móvil,Android,Medellín,5,5,No
TXN-0004656,2024-09-20,50440,Belleza,42638,Tarjeta crédito,App móvil,iOS,Bogotá,3,5,No
TXN-0003050,2023-01-21,44496,Deportes,122525,Contraentrega,App móvil,iOS,Bogotá,1,5,No
TXN-0002298,2023-04-06,44990,Electrónica,779807,Tarjeta débito,App móvil,iOS,Cúcuta,7,5,No
TXN-0006013,2024-09-05,52021,Libros,54078,Contraentrega,App móvil,Android,Cali,7,5,No
TXN-0005676,2022-07-19,33421,Hogar,140775,Tarjeta crédito,Sitio web,Desktop,Barranquilla,2,5,No
TXN-0002682,2022-05-06,-1,Electrónica,1110410,Tarjeta crédito,App móvil,iOS,Barranquilla,3,5,No
TXN-0007904,2024-10-19,59433,Alimentos,20086,Billetera digital,App móvil,Android,Bucaramanga,7,5,No
TXN-0007878,2023-05-22,47682,Deportes,178085,Contraentrega,App móvil,Desconocido,Medellín,3,5,No
TXN-0007207,2022-10-27,28151,Libros,66962,Tarjeta débito,App móvil,Android,Cartagena,3,5,No
TXN-0005596,2024-02-09,32416,Juguetes,74393,Tarjeta débito,Sitio web,Android,Bogotá,2,5,No
TXN-0002907,2022-12-15,48846,Deportes,149411,Tarjeta crédito,App móvil,Desconocido,Medellín,8,4,No
TXN-0005236,2023-09-12,45999,Belleza,82806,Tarjeta débito,App móvil,Android,Bogotá,5,5,No
TXN-0007621,2022-10-14,14785,Belleza,97323,Tarjeta débito,Sitio web,iOS,Cúcuta,3,5,No
TXN-0003443,2022-11-19,39857,Hogar,140710,Tarjeta crédito,App móvil,Android,Bogotá,8,3,No
TXN-0002802,2022-10-13,31413,Belleza,78452,Tarjeta crédito,App móvil,Desktop,Medellín,7,5,No
TXN-0007003,2023-10-21,12758,Belleza,100258,Tarjeta crédito,App móvil,Android,Cali,3,5,No
TXN-0003199,,29729,Moda,90407,Billetera digital,App móvil,iOS,Cali,4,5,No
TXN-0003897,2023-09-29,19238,Belleza,78016,PSE,App móvil,Android,Cali,2,5,No
TXN-0001458,2024-11-08,39612,Moda,161690,Tarjeta crédito,App móvil,Desktop,Bogotá,4,5,No
TXN-0000770,2022-01-20,25682,Alimentos,74980,Contraentrega,Sitio web,Android,Bogotá,7,5,No
TXN-0003548,2024-07-10,40658,Tecnología,1286752,Tarjeta crédito,Sitio web,Android,Cali,5,5,No
TXN-0001991,2023-12-08,32865,Tecnología,1271588,Tarjeta débito,App móvil,Android,Barranquilla,8,4,No
TXN-0004034,2022-01-08,16793,Mascotas,27325,Tarjeta débito,App móvil,Android,Medellín,3,5,No
TXN-0001303,2023-09-23,49224,Moda,132241,Tarjeta débito,Sitio web,Desktop,Medellín,5,5,No
TXN-0003307,2022-07-30,34041,Tecnología,588722,Contraentrega,Sitio web,Android,Barranquilla,8,4,No
TXN-0006760,2023-08-03,33227,Belleza,101516,Tarjeta crédito,App móvil,Android,Medellín,2,5,No
TXN-0001134,2023-09-23,24541,Moda,159420,Tarjeta débito,App móvil,Desktop,Barranquilla,3,5,No
TXN-0004101,2023-04-05,57771,Moda,129995,Tarjeta crédito,App móvil,Android,Manizales,4,5,No
TXN-0000439,2022-04-16,13577,Alimentos,32156,Tarjeta débito,App móvil,Android,Bucaramanga,3,5,No
TXN-0005766,2022-04-21,13353,Moda,146755,PSE,App móvil,iOS,Bogotá,6,5,No
TXN-0000250,2024-04-04,11722,Moda,108816,Tarjeta débito,App móvil,iOS,Barranquilla,5,5,No
TXN-0003191,2022-08-09,18555,Electrónica,429472,Billetera digital,App móvil,iOS,Bucaramanga,5,5,No
TXN-0007292,2024-10-29,21019,Juguetes,73803,Contraentrega,App móvil,iOS,Cali,1,5,No
TXN-0004198,2024-04-17,32921,Libros,31206,Contraentrega,Sitio web,Desconocido,Medellín,10,4,No
TXN-IMPUTADO-0187,2023-07-04,14242,Belleza,69031,Billetera digital,App móvil,Desconocido,Bucaramanga,4,5,No
TXN-0000610,2022-10-27,23434,Mascotas,100715,Tarjeta crédito,App móvil,Android,Ibagué,4,5,No
TXN-0006101,2024-12-12,57582,Deportes,144560,Billetera digital,App móvil,Desktop,Bogotá,1,5,No
TXN-0001310,2022-05-13,45753,Electrónica,336160,Tarjeta débito,Sitio web,iOS,Bogotá,5,5,No
TXN-0001155,2023-05-04,50326,Belleza,125545,Billetera digital,App móvil,Android,Barranquilla,3,5,No
TXN-0007192,2023-02-19,25047,Alimentos,74100,Tarjeta débito,App móvil,Android,Medellín,4,5,No
TXN-0005585,2023-03-23,49863,Libros,75552,Contraentrega,App móvil,Android,Barranquilla,4,5,No
TXN-0000735,2023-04-05,42866,Deportes,235091,Tarjeta crédito,Sitio web,Desconocido,Bogotá,4,5,No
TXN-0002968,2022-03-02,28921,Alimentos,67405,Tarjeta débito,Sitio web,Android,Barranquilla,4,5,No
TXN-0005878,2022-09-27,56263,Electrónica,529969,PSE,App móvil,iOS,Bucaramanga,4,5,No
TXN-0004047,2022-05-14,59017,Moda,104091,Tarjeta crédito,Sitio web,Android,Bucaramanga,4,5,No
TXN-0001522,2023-03-03,54740,Tecnología,860085,Tarjeta crédito,Sitio web,Android,Barranquilla,4,5,No
TXN-0003614,2024-08-05,38902,Belleza,58356,Contraentrega,Sitio web,iOS,Pereira,3,5,Sí
TXN-0004564,2022-06-04,28336,Libros,74902,Tarjeta crédito,App móvil,Android,Cali,5,5,No
TXN-0007226,2024-05-14,52681,Hogar,162815,Tarjeta crédito,App móvil,Desktop,Bogotá,3,5,No
TXN-0003175,2024-08-11,33081,Moda,85333,PSE,App móvil,Android,Bogotá,3,5,No
TXN-0003468,2022-05-16,16909,Electrónica,480948,Contraentrega,Sitio web,Android,Medellín,4,5,No
TXN-0007951,2024-03-16,-1,Belleza,93528,Billetera digital,Sitio web,Desconocido,Bogotá,4,5,No
TXN-0007150,2024-06-13,50828,Belleza,91284,Contraentrega,App móvil,Desktop,Ibagué,3,5,No
TXN-0006379,2022-07-16,37674,Moda,111817,Tarjeta crédito,App móvil,iOS,Bogotá,3,5,No
TXN-0005207,2023-02-06,28907,Moda,91255,Billetera digital,Sitio web,Android,Bogotá,4,5,No
TXN-0002018,2023-06-14,37193,Hogar,216510,Tarjeta débito,App móvil,Desconocido,Bogotá,4,5,No
TXN-0006694,2024-01-16,14410,Hogar,148092,Tarjeta crédito,App móvil,Desktop,Bogotá,4,5,No
TXN-0000471,2023-09-03,30239,Moda,124147,PSE,App móvil,Android,Cartagena,6,5,No
TXN-0002719,2022-08-11,10137,Hogar,223973,Tarjeta crédito,App móvil,Android,Bogotá,4,5,No
TXN-0001806,2024-10-26,57142,Electrónica,725583,Tarjeta crédito,Sitio web,Android,Cali,5,5,No
TXN-0005865,2022-09-18,20379,Hogar,104010,Tarjeta débito,App móvil,Android,Bogotá,4,5,No
TXN-0003055,2022-12-17,34017,Deportes,127931,Tarjeta débito,App móvil,Android,Cartagena,2,5,No
TXN-0003781,2024-10-03,36237,Alimentos,61170,Tarjeta débito,App móvil,Android,Manizales,7,5,No
TXN-IMPUTADO-0188,2022-12-03,48247,Hogar,289540,Tarjeta crédito,Sitio web,iOS,Cartagena,4,5,No
TXN-0000757,2023-04-21,37697,Mascotas,93651,Tarjeta crédito,Sitio web,iOS,Bogotá,5,5,No
TXN-0002750,2022-01-03,45748,Deportes,262786,PSE,Sitio web,Android,Cúcuta,3,5,No
TXN-0000285,2023-08-02,19021,Hogar,318970,PSE,Sitio web,Android,Medellín,1,5,No
TXN-0006213,2023-12-24,39135,Deportes,58087,Contraentrega,App móvil,iOS,Barranquilla,3,5,No
TXN-0004139,2022-12-20,25596,Electrónica,127369,Tarjeta débito,App móvil,Android,Barranquilla,2,5,No
TXN-0006672,2022-05-14,10936,Belleza,103132,Billetera digital,App móvil,Desktop,Bogotá,4,5,No
TXN-0003235,2023-04-28,20983,Mascotas,33174,Tarjeta débito,Sitio web,Android,Bucaramanga,8,5,No
TXN-0000636,2023-10-07,46895,Moda,5428,Contraentrega,App móvil,Android,Cúcuta,3,5,No
TXN-0006519,2024-06-09,20469,Electrónica,808729,Tarjeta crédito,Sitio web,iOS,Bogotá,3,5,Sí
TXN-0000081,2024-12-31,27287,Electrónica,963076,Tarjeta crédito,App móvil,Android,Cali,6,5,No
TXN-0002314,2024-01-08,59146,Alimentos,29916,Tarjeta débito,App móvil,Desktop,Bogotá,4,5,No
TXN-0005924,2022-11-01,37024,Electrónica,777082,PSE,Sitio web,iOS,Bogotá,2,5,No
TXN-0007400,2022-12-31,11113,Moda,182535,Tarjeta débito,App móvil,Android,Ibagué,6,5,No
TXN-0004290,2022-12-28,27008,Hogar,157440,PSE,Sitio web,iOS,Cúcuta,6,5,No
TXN-0007041,2023-03-15,53185,Deportes,125485,Tarjeta crédito,App móvil,Android,Bogotá,6,5,No
TXN-0000783,2023-04-09,45650,Alimentos,49430,Contraentrega,Sitio web,Desktop,Bogotá,7,5,Sí
TXN-0006966,2023-03-24,19637,Mascotas,101723,Contraentrega,App móvil,Desktop,Cali,6,5,No
TXN-0000138,2023-03-10,21562,Belleza,77954,Tarjeta crédito,App móvil,Desktop,Bogotá,1,5,No
TXN-0007176,2024-11-06,56501,Electrónica,743265,Tarjeta débito,App móvil,Android,Barranquilla,6,5,No
TXN-0000734,2022-03-23,14459,Tecnología,254158,Billetera digital,Sitio web,Android,Pereira,3,5,Sí
TXN-0002690,2023-01-17,58756,Libros,63994,PSE,App móvil,Android,Bogotá,3,5,No
TXN-0005043,2022-03-07,30427,Moda,200351,Tarjeta crédito,App móvil,Android,Medellín,2,5,No
TXN-0000736,2023-02-16,46047,Hogar,176127,PSE,App móvil,Android,Bogotá,4,5,No
TXN-0002860,2022-05-21,15702,Moda,139255,PSE,App móvil,iOS,Bogotá,5,5,No
TXN-IMPUTADO-0189,2024-08-20,23299,Libros,49080,Tarjeta crédito,App móvil,Android,Cartagena,4,5,No
TXN-0003607,2024-06-05,58362,Belleza,94599,Billetera digital,App móvil,iOS,Cartagena,1,5,No
TXN-0006024,2022-03-06,22087,Electrónica,250857,Tarjeta crédito,App móvil,iOS,Bogotá,6,5,No
TXN-0001499,2023-02-17,51084,Belleza,17005,Tarjeta crédito,App móvil,Desktop,Bogotá,3,5,No
TXN-0007464,2024-06-03,47273,Alimentos,55047,Tarjeta crédito,App móvil,iOS,Bogotá,3,5,No
TXN-0001694,,10453,Belleza,85144,Tarjeta débito,App móvil,Desktop,Bogotá,4,5,No
TXN-0002859,2024-04-25,24440,Electrónica,420990,Tarjeta crédito,Sitio web,Android,Bucaramanga,4,5,No
TXN-0006983,2023-02-06,12257,Electrónica,679533,Tarjeta crédito,App móvil,Desconocido,Cali,5,5,No
TXN-0005119,2022-01-28,31216,Moda,298134,Tarjeta débito,Sitio web,Desktop,Bogotá,5,5,No
TXN-0004962,2022-01-28,39445,Deportes,133023,PSE,App móvil,Android,Cali,2,5,No
TXN-0001406,2023-06-08,30065,Electrónica,719167,PSE,App móvil,Android,Bogotá,2,5,No
TXN-0001754,2024-05-28,27710,Hogar,105191,PSE,Sitio web,iOS,Medellín,4,5,No
TXN-0005771,2023-01-08,18956,Mascotas,95478,Tarjeta débito,Sitio web,iOS,Cali,6,5,No
TXN-0005391,2023-11-11,42251,Electrónica,560294,Tarjeta crédito,App móvil,Desktop,Bogotá,4,5,No
TXN-0000269,2023-03-21,20290,Electrónica,984548,Tarjeta crédito,App móvil,Android,Cali,4,5,No
TXN-0006684,2024-12-05,27500,Juguetes,87910,Tarjeta crédito,Sitio web,Android,Bogotá,1,5,No
TXN-0004818,2023-05-20,44416,Hogar,241186,PSE,App móvil,Android,Cali,6,5,No
TXN-0004202,2022-07-09,22124,Alimentos,47272,Tarjeta débito,Sitio web,Android,Bucaramanga,2,5,No
TXN-0006823,2024-05-29,21758,Juguetes,71064,PSE,App móvil,Desktop,Bogotá,4,5,No
TXN-0000875,2023-05-12,31338,Mascotas,40616,Contraentrega,App móvil,Android,Medellín,3,5,No
TXN-0002174,2023-05-04,51064,Juguetes,76832,Tarjeta crédito,Sitio web,Android,Bogotá,5,5,No
TXN-0003331,2022-09-24,48555,Hogar,301911,Tarjeta crédito,Sitio web,Android,Cali,6,5,No
TXN-0002915,2022-07-08,55605,Tecnología,933230,Tarjeta débito,Sitio web,Desktop,Ibagué,1,5,No
TXN-0004095,2024-12-12,59516,Tecnología,1091586,Tarjeta débito,App móvil,iOS,Bogotá,6,5,No
TXN-0001899,2024-06-17,57688,Belleza,116626,Tarjeta débito,App móvil,Android,Cali,2,5,No
TXN-0001837,2023-08-01,33392,Alimentos,60930,Tarjeta crédito,App móvil,Android,Bogotá,6,5,No
TXN-0001078,2023-05-08,22770,Alimentos,22167,PSE,Sitio web,iOS,Barranquilla,3,5,No
TXN-0002791,2024-12-11,22442,Moda,92904,Tarjeta crédito,App móvil,Android,Cartagena,4,5,No
TXN-0007945,2023-10-19,12740,Tecnología,1394283,Contraentrega,App móvil,Android,Bogotá,1,5,No
TXN-IMPUTADO-0190,2022-06-19,13365,Electrónica,694862,Tarjeta crédito,Sitio web,Android,Medellín,3,5,No
TXN-0004776,2022-08-18,53840,Hogar,283007,Billetera digital,App móvil,Android,Bogotá,3,5,No
TXN-0003514,2022-11-27,52926,Deportes,131312,Tarjeta crédito,Sitio web,iOS,Medellín,1,5,No
TXN-0006721,2022-08-31,16862,Electrónica,733994,Tarjeta crédito,Sitio web,Android,Medellín,4,5,No
TXN-0000960,2024-03-29,50585,Moda,189010,Contraentrega,Sitio web,Android,Cali,4,5,No
TXN-0007674,2023-03-14,43712,Electrónica,816154,PSE,Sitio web,Android,Bogotá,5,5,No
TXN-0007730,2024-09-24,58798,Deportes,90758,Tarjeta crédito,Sitio web,iOS,Bucaramanga,4,5,No
TXN-0007868,2023-11-26,13000,Moda,228496,Tarjeta crédito,Sitio web,Android,Bogotá,3,5,No
TXN-0002142,2022-04-13,21740,Hogar,200109,Tarjeta crédito,App móvil,Android,Bogotá,2,5,No
TXN-0006191,2022-03-25,33434,Deportes,71008,Tarjeta crédito,Sitio web,iOS,Medellín,6,5,No
TXN-0005618,2023-07-25,48982,Tecnología,935476,Tarjeta crédito,Sitio web,Desktop,Bogotá,4,5,No
TXN-0001428,2022-01-15,29517,Tecnología,1105589,Tarjeta crédito,App móvil,Android,Bogotá,5,5,No
TXN-0004186,2023-12-21,59696,Electrónica,1138022,Tarjeta crédito,Sitio web,iOS,Bogotá,2,5,No
TXN-0004017,2024-09-19,39264,Deportes,164999,Tarjeta crédito,Sitio web,iOS,Pereira,9,4,No
TXN-0000272,2024-11-10,58152,Alimentos,16537,PSE,Sitio web,Android,Cali,6,5,No
TXN-0004196,2022-11-24,32697,Deportes,216936,Tarjeta débito,Sitio web,Android,Bogotá,5,5,No
TXN-0005879,2024-08-23,22213,Mascotas,104048,Contraentrega,Sitio web,Android,Medellín,4,5,No
TXN-0006244,2022-05-12,26617,Moda,165035,Tarjeta crédito,Sitio web,Desktop,Pereira,4,5,No
TXN-0005665,2024-04-12,35873,Belleza,112998,Contraentrega,Sitio web,Android,Pereira,2,5,No
TXN-0005830,2024-01-17,47901,Moda,201101,PSE,App móvil,Android,Medellín,3,5,No
TXN-0004044,2023-04-29,55454,Libros,72155,Tarjeta crédito,Sitio web,Android,Bucaramanga,5,5,No
TXN-0005762,2023-07-26,44776,Juguetes,57073,Tarjeta crédito,Sitio web,iOS,Bogotá,3,5,No
TXN-0001996,2023-06-18,23022,Alimentos,32041,Tarjeta crédito,App móvil,iOS,Bogotá,3,5,No
TXN-0001583,2022-11-04,17988,Belleza,70802,Tarjeta crédito,App móvil,Android,Bogotá,7,5,No
TXN-0002717,2024-06-24,26006,Electrónica,249219,Billetera digital,App móvil,Android,Bogotá,6,5,No
TXN-0007389,2024-12-13,45529,Hogar,89039,Tarjeta débito,App móvil,Android,Bogotá,4,5,No
TXN-0004344,2024-10-26,59908,Moda,110248,Tarjeta débito,App móvil,Android,Bogotá,4,5,No
TXN-0000746,2022-09-03,10163,Mascotas,104571,Contraentrega,App móvil,Android,Bogotá,3,5,No
TXN-0001765,2023-03-29,30885,Electrónica,715392,Tarjeta crédito,Sitio web,Desktop,Bogotá,5,5,No
TXN-0004524,2023-02-03,17563,Moda,111007,PSE,Sitio web,Android,Bogotá,6,5,No
TXN-0007024,2024-03-28,13989,Tecnología,510109,Tarjeta débito,App móvil,Android,Bogotá,1,5,No
TXN-0005095,2022-06-22,32546,Moda,127600,PSE,App móvil,Desktop,Barranquilla,4,5,No
TXN-0005604,2022-06-11,33046,Electrónica,855094,Tarjeta débito,Sitio web,Android,Bogotá,3,5,No
TXN-0000154,2024-07-25,13720,Belleza,94978,Tarjeta débito,App móvil,Android,Bogotá,5,5,No
TXN-0006745,2024-07-20,10269,Mascotas,75999,Tarjeta crédito,App móvil,iOS,Medellín,7,5,No
TXN-0002408,2023-12-14,25260,Tecnología,1008895,Tarjeta crédito,Sitio web,Android,Bogotá,5,5,No
TXN-0004107,2024-07-26,-1,Electrónica,1154148,Tarjeta crédito,App móvil,Android,Cúcuta,3,5,No
TXN-0002045,2024-05-22,38892,Electrónica,1035280,Contraentrega,App móvil,iOS,Bogotá,3,5,Sí
TXN-0000826,2023-10-09,-1,Alimentos,50529,Tarjeta débito,App móvil,iOS,Barranquilla,4,5,No
TXN-0001364,2024-08-09,18030,Hogar,179934,Contraentrega,App móvil,Desktop,Medellín,1,5,No
TXN-0004904,2024-12-05,55956,Mascotas,128163,Billetera digital,Sitio web,Android,Medellín,5,5,No
TXN-0007542,2022-09-25,44865,Electrónica,351887,Tarjeta débito,App móvil,Android,Medellín,3,5,No
TXN-0007327,2023-01-29,56242,Tecnología,816286,PSE,App móvil,iOS,Cúcuta,5,5,No
TXN-0000922,2024-04-30,57450,Electrónica,884131,PSE,App móvil,Desktop,Bogotá,1,5,No
TXN-0006096,2023-02-13,40161,Moda,113996,PSE,Sitio web,Android,Bogotá,1,5,No
TXN-0004926,2024-12-16,38567,Deportes,129679,Billetera digital,App móvil,iOS,Barranquilla,1,5,No
TXN-0006801,2022-03-30,30094,Deportes,246351,Tarjeta débito,App móvil,Desktop,Cartagena,5,5,No
TXN-0003549,2022-12-18,20419,Deportes,140972,PSE,App móvil,Desktop,Cúcuta,3,5,No
TXN-0006728,2022-03-26,17848,Moda,66357,Tarjeta débito,App móvil,iOS,Medellín,4,5,No
TXN-0001573,,13688,Moda,121094,Tarjeta crédito,App móvil,Android,Cúcuta,2,5,No
TXN-0004057,2024-06-15,47937,Mascotas,82798,Tarjeta crédito,Sitio web,iOS,Bogotá,4,5,No
TXN-0005059,2022-07-19,39569,Belleza,98099,PSE,Sitio web,iOS,Medellín,5,5,No
TXN-0005354,2022-10-16,49089,Alimentos,57037,Tarjeta crédito,App móvil,Desktop,Ibagué,5,5,No
TXN-0005733,2022-05-17,24218,Belleza,25331,PSE,Sitio web,iOS,Cúcuta,5,5,No
TXN-0000844,2022-01-25,59875,Juguetes,165250,PSE,Sitio web,Android,Bogotá,3,5,No
TXN-0004517,2023-02-07,50744,Libros,21800,Tarjeta crédito,Sitio web,iOS,Bogotá,8,3,No
TXN-0005808,2023-04-18,10137,Moda,125777,Tarjeta débito,App móvil,Desktop,Bogotá,5,5,No
TXN-0002465,,35306,Electrónica,523084,Tarjeta débito,Sitio web,Android,Barranquilla,4,5,No
TXN-0003910,2024-09-20,45537,Deportes,84358,Tarjeta crédito,App móvil,Android,Bogotá,3,5,No
TXN-0005432,2024-08-12,14672,Moda,120545,Contraentrega,Sitio web,iOS,Medellín,3,5,No
TXN-0005244,2023-04-14,51127,Belleza,114916,Contraentrega,App móvil,Desktop,Cali,4,5,No
TXN-0006310,2023-10-26,39700,Mascotas,127647,Contraentrega,Sitio web,Android,Cúcuta,2,5,No
TXN-0000361,2023-11-01,22276,Juguetes,76649,PSE,App móvil,Android,Bogotá,3,5,No
TXN-0005628,2022-01-22,17969,Deportes,149452,Tarjeta débito,App móvil,iOS,Cartagena,1,5,No
TXN-0004943,2024-05-13,59591,Moda,82793,Tarjeta crédito,Sitio web,iOS,Bogotá,4,5,No
TXN-0000942,2024-02-17,41301,Moda,175926,Tarjeta crédito,App móvil,Android,Pereira,1,5,No
TXN-0006456,2022-07-22,53398,Mascotas,12007,PSE,Sitio web,iOS,Barranquilla,6,5,No
TXN-0000254,2023-01-30,48029,Moda,203018,Tarjeta crédito,App móvil,iOS,Bogotá,5,5,Sí
TXN-0001893,2023-08-22,32840,Mascotas,83449,Contraentrega,App móvil,Android,Bogotá,1,5,No
TXN-0004091,,57509,Electrónica,608488,PSE,Sitio web,Android,Bogotá,8,3,No
TXN-0004979,2023-12-13,39113,Belleza,119478,Tarjeta crédito,App móvil,Desktop,Medellín,6,5,Sí
TXN-0000469,2024-02-21,-1,Tecnología,1059416,Contraentrega,App móvil,Android,Medellín,5,5,No
TXN-0003578,,47464,Belleza,60888,Contraentrega,App móvil,Android,Barranquilla,5,5,Sí
TXN-0006200,2024-10-28,22712,Alimentos,43052,Billetera digital,App móvil,iOS,Barranquilla,5,5,No
TXN-0002186,2022-09-01,17319,Moda,168473,Tarjeta crédito,App móvil,iOS,Bogotá,4,5,No
TXN-0003494,2024-06-25,43722,Electrónica,527732,PSE,Sitio web,iOS,Bogotá,6,5,No
TXN-0005126,2023-05-15,20402,Juguetes,117665,Contraentrega,App móvil,Android,Bogotá,7,5,No
TXN-0001491,2023-06-11,49557,Electrónica,1034471,Contraentrega,App móvil,iOS,Cúcuta,4,5,No
TXN-0003576,2024-07-08,36620,Moda,93787,PSE,App móvil,Android,Cali,5,5,No
TXN-0001117,2023-09-10,54607,Hogar,275713,PSE,App móvil,Android,Barranquilla,4,5,No
TXN-0004049,2022-12-28,42237,Belleza,85958,Billetera digital,Sitio web,Desktop,Cali,5,5,No
TXN-0001900,2022-02-13,30039,Moda,106952,PSE,Sitio web,Android,Medellín,4,5,No
TXN-0003642,2023-01-27,33324,Electrónica,905736,Billetera digital,App móvil,Android,Cali,3,5,No
TXN-0003123,2022-08-23,49456,Alimentos,71329,Billetera digital,App móvil,iOS,Pereira,3,5,No
TXN-0007727,2022-07-30,15280,Deportes,104724,Tarjeta crédito,App móvil,iOS,Bogotá,8,3,No
TXN-0007470,2024-05-27,58585,Alimentos,51642,Tarjeta débito,App móvil,Desktop,Cúcuta,8,4,No
TXN-0001839,2022-03-05,16143,Electrónica,842257,Tarjeta débito,App móvil,Desktop,Bogotá,3,5,No
TXN-0001845,2024-10-09,39096,Hogar,242402,Tarjeta débito,App móvil,Android,Cartagena,4,5,No
TXN-0005092,2023-07-22,23713,Electrónica,232349,Tarjeta crédito,App móvil,Android,Cúcuta,5,5,No
TXN-0006115,2022-08-28,53397,Electrónica,885482,Contraentrega,Sitio web,Android,Bogotá,1,5,No
TXN-0002273,2023-10-11,34374,Alimentos,36299,Tarjeta crédito,App móvil,Desktop,Bucaramanga,4,5,No
TXN-0001617,2022-06-18,52417,Tecnología,435812,Contraentrega,App móvil,Android,Manizales,6,5,No
TXN-0003651,,52751,Hogar,245950,Tarjeta crédito,Sitio web,Desktop,Bogotá,5,5,No
TXN-0001190,2023-03-24,52773,Juguetes,44932,Tarjeta crédito,Sitio web,Android,Cali,6,5,No
TXN-0005985,2023-11-05,13691,Juguetes,165655,Tarjeta crédito,Sitio web,Android,Bogotá,5,5,No
TXN-0000346,2022-08-07,47585,Belleza,73376,Tarjeta crédito,Sitio web,iOS,Bogotá,5,5,No
TXN-0005742,2024-10-23,29622,Hogar,112850,Tarjeta crédito,Sitio web,Android,Bogotá,2,5,No
TXN-0001989,2024-06-18,21918,Libros,85459,Tarjeta débito,Sitio web,Android,Medellín,7,5,No
TXN-0001574,2022-03-15,54327,Hogar,262278,Tarjeta débito,Sitio web,Android,Cali,4,5,No
TXN-0005555,2023-08-11,53362,Moda,95515,Tarjeta débito,App móvil,Android,Pereira,3,5,No
TXN-IMPUTADO-0191,2022-09-30,41914,Belleza,71554,PSE,Sitio web,Android,Bogotá,6,5,No
TXN-0007231,2024-08-21,19099,Tecnología,978296,PSE,Sitio web,Desktop,Medellín,7,5,No
TXN-0006279,2022-10-04,28814,Deportes,248955,Contraentrega,App móvil,Android,Bogotá,4,5,No
TXN-0006521,2022-01-08,30294,Hogar,85854,Tarjeta crédito,Sitio web,Android,Bucaramanga,9,5,No
TXN-0003941,2022-03-22,-1,Moda,23295,PSE,App móvil,Android,Ibagué,2,5,Sí
TXN-0004958,2022-09-23,54723,Deportes,83478,PSE,Sitio web,Android,Medellín,3,5,No
TXN-0002035,2024-08-30,44539,Moda,99413,Tarjeta crédito,Sitio web,Android,Bogotá,3,5,No
TXN-0002129,2022-03-14,36385,Juguetes,71502,PSE,App móvil,iOS,Bogotá,5,5,No
TXN-0003224,2022-06-03,25260,Belleza,88724,Contraentrega,Sitio web,Android,Barranquilla,3,5,No
TXN-0001895,2023-07-30,51007,Tecnología,956188,Tarjeta crédito,App móvil,Android,Cartagena,1,5,No
TXN-IMPUTADO-0192,2022-06-18,15366,Moda,70773,Tarjeta crédito,App móvil,Desktop,Bogotá,5,5,No
TXN-0006025,2022-09-26,18655,Electrónica,450883,Contraentrega,App móvil,Desktop,Medellín,5,5,No
TXN-0001356,2022-01-04,15951,Electrónica,1165498,Tarjeta débito,App móvil,Android,Medellín,4,5,No
TXN-0001064,2022-10-16,24185,Juguetes,153578,PSE,Sitio web,Android,Pereira,3,5,No
TXN-0007684,2023-12-19,21296,Electrónica,300899,PSE,App móvil,Desktop,Manizales,3,5,No
TXN-0003289,2023-12-11,17765,Tecnología,693704,Tarjeta débito,App móvil,Desktop,Manizales,8,4,No
TXN-0003950,2023-05-04,-1,Hogar,214054,Tarjeta débito,Sitio web,iOS,Cali,6,5,No
TXN-0007472,2022-01-27,12972,Deportes,120614,Tarjeta crédito,Sitio web,Android,Bucaramanga,5,5,No
TXN-0004769,2022-09-13,39226,Electrónica,637403,PSE,Sitio web,iOS,Bogotá,6,5,No
TXN-0005096,2024-05-14,12587,Deportes,64916,Tarjeta crédito,Sitio web,iOS,Bogotá,2,5,No
TXN-0002386,2022-07-26,51823,Deportes,156213,Tarjeta débito,App móvil,Android,Bogotá,1,5,No
TXN-0000096,2023-10-16,30847,Belleza,107535,Contraentrega,App móvil,Desktop,Bucaramanga,4,5,No
TXN-0001714,2023-06-20,45356,Alimentos,41928,Tarjeta crédito,App móvil,Android,Bogotá,7,5,No
TXN-0004901,2022-04-30,20826,Moda,108091,Tarjeta débito,App móvil,Android,Medellín,6,5,No
TXN-0002183,2022-12-06,35654,Juguetes,132209,Tarjeta crédito,App móvil,Android,Cartagena,4,5,No
TXN-0004421,2023-10-02,24219,Moda,135720,PSE,App móvil,Desconocido,Pereira,1,5,No
TXN-0004201,2022-10-19,39350,Alimentos,16411,PSE,App móvil,iOS,Manizales,4,5,No
TXN-0001773,2024-12-17,19553,Moda,138572,Tarjeta débito,Sitio web,Android,Bogotá,6,5,No
TXN-0002928,2024-02-28,-1,Hogar,278205,Tarjeta crédito,Sitio web,Desktop,Manizales,6,5,No
TXN-0005825,2022-03-18,12693,Mascotas,83667,Tarjeta crédito,App móvil,Android,Pereira,3,5,No
TXN-0000914,2022-05-20,48528,Moda,76710,Tarjeta crédito,App móvil,Android,Medellín,2,5,No
TXN-0001113,2024-05-30,55849,Electrónica,1048889,Tarjeta débito,App móvil,Android,Bucaramanga,3,5,No
TXN-0002648,2024-04-02,20278,Electrónica,847100,Tarjeta crédito,Sitio web,Desktop,Bucaramanga,4,5,No
TXN-0007964,2022-12-28,56824,Tecnología,1354159,Tarjeta crédito,App móvil,iOS,Cali,5,5,No
TXN-0004978,2024-09-19,58855,Tecnología,916257,Tarjeta crédito,Sitio web,iOS,Cali,5,5,No
TXN-0005549,2024-08-01,53041,Alimentos,65358,Tarjeta crédito,Sitio web,iOS,Cali,9,3,No
TXN-0003592,2023-03-13,30802,Moda,166376,Tarjeta débito,App móvil,iOS,Cali,4,5,No
TXN-0006631,2024-12-22,49471,Belleza,72285,Contraentrega,App móvil,Android,Bogotá,7,5,No
TXN-0006585,,22325,Alimentos,33269,Tarjeta crédito,App móvil,Android,Cali,5,5,No
TXN-0006311,2024-11-05,45551,Tecnología,324551,Tarjeta crédito,App móvil,Android,Medellín,5,5,No
TXN-0001346,2023-05-28,26390,Tecnología,1117072,Tarjeta débito,App móvil,Desktop,Cartagena,6,5,No
TXN-0004960,2023-08-11,39375,Juguetes,122581,Tarjeta crédito,App móvil,Android,Cartagena,6,5,No
TXN-0007595,2024-10-17,56028,Hogar,188674,Billetera digital,App móvil,Android,Cali,3,5,No
TXN-0002197,2022-10-08,20333,Tecnología,1121019,PSE,Sitio web,Desconocido,Pereira,6,5,No
TXN-0004189,2022-11-14,46041,Deportes,160512,Tarjeta crédito,Sitio web,Android,Ibagué,4,5,No
TXN-IMPUTADO-0193,2024-10-18,23293,Tecnología,1016859,Tarjeta crédito,Sitio web,Android,Bogotá,3,5,No
TXN-0007869,2023-12-23,47798,Alimentos,25976,Billetera digital,Sitio web,Desktop,Bogotá,1,5,Sí
TXN-0000831,2023-04-29,59398,Electrónica,716895,Tarjeta débito,Sitio web,Android,Medellín,5,5,No
TXN-0004151,2022-01-19,13441,Moda,106443,Contraentrega,Sitio web,Desktop,Bogotá,3,5,No
TXN-0003694,2024-12-06,53798,Moda,91399,Tarjeta débito,App móvil,Android,Barranquilla,2,5,No
TXN-0002979,2024-10-22,44043,Electrónica,813804,Contraentrega,App móvil,Android,Bogotá,5,5,No
TXN-0002407,2024-07-29,50003,Mascotas,118806,Tarjeta débito,Sitio web,Desktop,Cartagena,6,5,No
TXN-0006442,2023-03-13,53927,Alimentos,36760,PSE,App móvil,Android,Bogotá,1,5,No
TXN-0005454,2024-01-26,19495,Alimentos,61461,Billetera digital,Sitio web,Desconocido,Cali,10,5,No
TXN-0002068,2022-03-18,42178,Juguetes,69019,PSE,App móvil,Android,Medellín,8,3,No
TXN-0007569,2022-09-01,59019,Moda,138949,PSE,App móvil,Android,Medellín,4,5,No
TXN-IMPUTADO-0194,2022-05-02,54520,Electrónica,1112558,Tarjeta débito,App móvil,iOS,Barranquilla,1,5,No
TXN-0007599,2022-05-26,19976,Deportes,134742,PSE,App móvil,Android,Cali,5,5,No
TXN-0001067,2024-05-24,39589,Electrónica,667165,Tarjeta crédito,App móvil,Android,Manizales,4,5,No
TXN-0007856,2023-09-13,48505,Tecnología,1236622,PSE,App móvil,Android,Cúcuta,6,5,No
TXN-0006976,2023-08-16,43842,Tecnología,1078385,Tarjeta crédito,App móvil,Android,Medellín,4,5,No
TXN-0006669,2023-08-15,46524,Electrónica,489071,Tarjeta crédito,App móvil,iOS,Pereira,2,5,No
TXN-0002549,2023-08-04,41509,Hogar,5000,PSE,App móvil,Android,Bucaramanga,7,5,No
TXN-0006734,,11801,Deportes,194209,Tarjeta crédito,Sitio web,Android,Ibagué,3,5,No
TXN-0006733,,36952,Moda,83993,Tarjeta crédito,App móvil,Android,Bogotá,2,5,No
TXN-0002554,,57381,Mascotas,72861,Tarjeta crédito,Sitio web,iOS,Bogotá,6,5,No
TXN-0007737,2024-04-25,15431,Deportes,224183,Tarjeta débito,Sitio web,Android,Bogotá,3,5,No
TXN-0005786,2022-09-11,47887,Tecnología,1191117,Tarjeta débito,App móvil,iOS,Bogotá,5,5,No
TXN-0005245,2022-09-26,40719,Alimentos,10942,Billetera digital,Sitio web,Android,Ibagué,4,5,No
TXN-0002785,2024-01-03,59726,Moda,34815,Billetera digital,App móvil,Android,Cúcuta,6,5,No
TXN-0005054,2023-05-12,22396,Libros,20976,Contraentrega,App móvil,Android,Bogotá,3,5,No
TXN-0003024,2023-06-05,16324,Belleza,109935,PSE,Sitio web,Desconocido,Barranquilla,3,5,No
TXN-0000166,2023-06-23,54788,Alimentos,40529,Contraentrega,App móvil,Android,Cartagena,4,5,No
TXN-0000202,2024-10-24,58686,Tecnología,1592880,PSE,App móvil,Desktop,Bogotá,2,5,No
TXN-0006434,2024-02-26,40352,Juguetes,84397,Tarjeta crédito,Sitio web,Android,Cartagena,3,5,No
TXN-0004335,2024-07-19,58259,Moda,140381,Tarjeta crédito,App móvil,Android,Cartagena,3,5,No
TXN-0006074,2022-08-16,40508,Electrónica,625243,Tarjeta crédito,Sitio web,Android,Medellín,4,5,No
TXN-0000986,2023-01-08,23826,Moda,81788,PSE,App móvil,iOS,Barranquilla,6,5,No
TXN-0004649,2022-08-29,49339,Tecnología,522266,Tarjeta débito,App móvil,Android,Cartagena,2,5,No
TXN-IMPUTADO-0195,2024-06-07,51468,Belleza,90710,Tarjeta débito,Sitio web,Android,Ibagué,6,5,No
TXN-0001992,2023-12-14,35649,Hogar,186592,Billetera digital,App móvil,Desktop,Medellín,5,5,No
TXN-0000799,2022-03-20,43031,Alimentos,16267,Tarjeta débito,Sitio web,iOS,Bogotá,7,5,No
TXN-0007298,2022-10-13,50920,Tecnología,1184877,Contraentrega,Sitio web,Android,Ibagué,5,5,No
TXN-0007375,2023-03-06,33798,Belleza,101736,PSE,Sitio web,Android,Bucaramanga,5,5,No
TXN-0003470,2022-09-23,51784,Deportes,142816,Tarjeta crédito,Sitio web,Android,Barranquilla,7,5,No
TXN-0001820,2023-02-16,42224,Libros,47606,Tarjeta débito,App móvil,iOS,Cali,3,5,No
TXN-0005616,2022-12-07,27951,Hogar,122882,Tarjeta débito,App móvil,Desktop,Ibagué,5,5,No
TXN-0001645,2022-10-18,32331,Moda,132014,PSE,Sitio web,Android,Cúcuta,1,5,No
TXN-0006820,2022-01-06,26177,Electrónica,1154646,Tarjeta débito,Sitio web,Android,Ibagué,1,5,No
TXN-0001281,2024-09-15,41507,Juguetes,59695,Tarjeta crédito,App móvil,Android,Bucaramanga,1,5,No
TXN-0001400,2024-04-17,55581,Moda,161415,Billetera digital,Sitio web,Android,Medellín,8,4,No
TXN-0002672,2023-11-22,53724,Alimentos,44742,Contraentrega,Sitio web,Android,Cali,3,5,No
TXN-0002040,2023-07-02,44095,Deportes,101012,PSE,App móvil,Desktop,Manizales,3,5,No
TXN-0000049,2022-05-18,16862,Electrónica,654095,Tarjeta débito,App móvil,iOS,Cali,4,5,No
TXN-0005081,2022-10-23,28222,Moda,32187,Tarjeta crédito,Sitio web,Desktop,Bogotá,3,5,No
TXN-0001255,2023-07-17,44858,Electrónica,110842,Contraentrega,App móvil,iOS,Barranquilla,2,5,No
TXN-0007291,2022-10-05,47552,Moda,84018,PSE,App móvil,Desconocido,Manizales,5,5,No
TXN-0007848,2023-04-04,55357,Belleza,126272,PSE,Sitio web,iOS,Bucaramanga,5,5,No
TXN-0003264,2023-05-11,10442,Moda,134441,Tarjeta crédito,App móvil,Android,Cartagena,7,5,No
TXN-0000367,2024-04-05,40292,Hogar,63307,Tarjeta débito,App móvil,Desconocido,Medellín,2,5,No
TXN-0002163,2023-04-23,53823,Electrónica,467874,Tarjeta débito,App móvil,Desktop,Cartagena,4,5,No
TXN-0007199,2023-04-18,27552,Libros,55660,Tarjeta débito,Sitio web,Android,Bogotá,3,5,No
TXN-0001379,2024-01-14,15415,Hogar,107833,Contraentrega,App móvil,Desktop,Manizales,3,5,No
TXN-0002844,2022-08-18,11478,Belleza,46740,PSE,Sitio web,Android,Bogotá,3,5,No
TXN-0004837,2023-11-01,59558,Hogar,170176,Billetera digital,Sitio web,Desktop,Bogotá,3,5,Sí
TXN-0002945,2023-03-03,28641,Juguetes,103648,PSE,Sitio web,Android,Pereira,3,5,No
TXN-0003145,2022-04-17,21767,Alimentos,47460,Tarjeta crédito,App móvil,Android,Bogotá,3,5,No
TXN-0003875,2022-08-23,38942,Libros,61766,Tarjeta débito,App móvil,Desktop,Manizales,5,5,Sí
TXN-0006016,2024-07-07,37331,Mascotas,40100,PSE,Sitio web,Android,Barranquilla,8,3,No
TXN-0003184,2024-08-15,43467,Tecnología,772844,Tarjeta crédito,App móvil,iOS,Cali,6,5,No
TXN-0006943,2023-04-10,43500,Mascotas,36210,Billetera digital,Sitio web,iOS,Ibagué,4,5,No
TXN-0007356,2023-12-19,12936,Tecnología,695299,PSE,App móvil,Android,Cali,4,5,No
TXN-0004611,2023-11-02,11197,Belleza,109985,Tarjeta débito,App móvil,iOS,Pereira,6,5,No
TXN-0005836,2024-02-12,10331,Deportes,244522,Billetera digital,App móvil,iOS,Bogotá,7,5,No
TXN-IMPUTADO-0196,2024-06-21,43248,Belleza,60246,Tarjeta crédito,Sitio web,iOS,Medellín,4,5,No
TXN-0002764,2024-06-29,41951,Deportes,79639,PSE,App móvil,Desktop,Barranquilla,4,5,No
TXN-0001700,2024-07-30,18222,Belleza,60615,Tarjeta crédito,App móvil,Desktop,Barranquilla,5,5,No
TXN-0007536,2022-07-22,43930,Moda,61677,PSE,App móvil,iOS,Bogotá,6,5,No
TXN-0004573,2024-04-29,19593,Deportes,145210,Tarjeta crédito,Sitio web,Android,Barranquilla,7,5,No
TXN-0005225,2024-03-17,53057,Juguetes,99615,Billetera digital,App móvil,Desktop,Ibagué,8,4,No
TXN-0003144,2022-04-19,44260,Libros,83539,Contraentrega,App móvil,Desktop,Cartagena,2,5,No
TXN-0003002,2022-01-03,28498,Deportes,174527,Tarjeta crédito,Sitio web,Android,Ibagué,5,5,No
TXN-0002911,2022-11-10,16815,Belleza,52674,Tarjeta crédito,App móvil,iOS,Barranquilla,6,5,No
TXN-0007321,2023-02-22,27788,Moda,116674,PSE,App móvil,Android,Medellín,5,5,No
TXN-0005906,2022-05-30,28089,Libros,75969,Contraentrega,App móvil,Desktop,Cali,7,5,No
TXN-0006388,2024-03-08,55716,Tecnología,1248088,PSE,Sitio web,iOS,Medellín,6,5,No
TXN-0000504,2023-09-20,30291,Belleza,101248,PSE,App móvil,iOS,Bogotá,3,5,No
TXN-0001696,2023-12-26,29637,Tecnología,1491623,Tarjeta débito,App móvil,Desktop,Bucaramanga,3,5,No
TXN-0007580,2022-03-08,46453,Tecnología,968831,Contraentrega,App móvil,Android,Bogotá,2,5,No
TXN-0002237,2022-01-11,38549,Moda,96255,Billetera digital,App móvil,Android,Manizales,3,5,No
TXN-0005650,,30817,Hogar,132297,Tarjeta crédito,Sitio web,iOS,Cúcuta,4,5,No
TXN-0005020,2022-06-12,53872,Belleza,162496,PSE,App móvil,Desktop,Manizales,4,5,No
TXN-0006289,2023-09-19,20319,Tecnología,569030,Tarjeta crédito,App móvil,Android,Ibagué,5,5,No
TXN-0000938,2023-04-24,16994,Juguetes,104316,Tarjeta crédito,App móvil,Android,Cartagena,5,5,No
TXN-0007700,2022-08-13,29424,Electrónica,506464,Tarjeta crédito,App móvil,Android,Medellín,5,5,No
TXN-0007659,2023-03-23,21692,Electrónica,553768,PSE,App móvil,iOS,Medellín,2,5,No
TXN-0003716,2022-07-05,22005,Libros,81055,Tarjeta crédito,Sitio web,Desktop,Cali,3,5,No
TXN-0001658,2023-10-28,55120,Tecnología,846662,Contraentrega,App móvil,Android,Cartagena,6,5,No
TXN-0004365,2022-01-26,56657,Tecnología,1003187,Tarjeta crédito,App móvil,Android,Manizales,4,5,No
TXN-0002357,2024-03-24,21049,Electrónica,614056,Contraentrega,App móvil,Android,Cúcuta,5,5,No
TXN-0003381,2023-02-13,27133,Libros,14079,Contraentrega,App móvil,Desktop,Barranquilla,7,5,No
TXN-0005311,2022-05-25,32034,Electrónica,756744,Tarjeta crédito,App móvil,Desktop,Cartagena,3,5,No
TXN-0005841,2024-07-17,49866,Hogar,127028,PSE,App móvil,Desktop,Cúcuta,7,5,No
TXN-0001003,2022-03-25,22556,Moda,184363,Tarjeta débito,App móvil,Android,Cali,7,5,No
TXN-0005339,2024-08-04,32566,Tecnología,735532,Billetera digital,Sitio web,Desktop,Bogotá,8,3,No
TXN-0001648,2022-08-30,29904,Moda,84164,Contraentrega,App móvil,Android,Barranquilla,4,5,No
TXN-0000979,2022-06-28,41628,Electrónica,576180,Tarjeta débito,Sitio web,Desktop,Medellín,5,5,No
TXN-0006491,2024-01-10,45858,Moda,138180,PSE,Sitio web,Android,Bogotá,8,3,No
TXN-0002674,2024-12-20,26054,Moda,152480,Contraentrega,Sitio web,Android,Bucaramanga,3,5,No
TXN-0004204,2024-06-23,48811,Belleza,67529,Billetera digital,Sitio web,Android,Bogotá,4,5,No
TXN-0003856,2022-12-16,13615,Moda,91305,Tarjeta crédito,App móvil,Android,Cali,3,5,No
TXN-0006034,2023-11-19,57407,Deportes,225823,Contraentrega,App móvil,Desktop,Cali,1,5,No
TXN-0005510,2023-03-09,43587,Moda,125583,Contraentrega,App móvil,Android,Cartagena,4,5,No
TXN-0005353,2024-02-20,58578,Mascotas,40817,Billetera digital,Sitio web,Desktop,Barranquilla,4,5,No
TXN-0007037,2023-05-02,48174,Moda,178658,PSE,Sitio web,Desktop,Barranquilla,5,5,No
TXN-0003824,2022-03-01,43567,Alimentos,53345,Contraentrega,App móvil,Android,Ibagué,4,5,No
TXN-0006880,2022-08-11,56643,Moda,90685,Billetera digital,Sitio web,iOS,Bogotá,4,5,No
TXN-0004554,2023-08-18,42047,Electrónica,327568,PSE,App móvil,iOS,Pereira,5,5,No
TXN-0003324,2024-04-02,56531,Libros,55161,Tarjeta crédito,Sitio web,Android,Bogotá,4,5,No
TXN-0002755,2024-07-27,51661,Mascotas,61142,PSE,App móvil,iOS,Medellín,3,5,No
TXN-0000577,2023-10-12,53795,Moda,156778,Tarjeta crédito,Sitio web,iOS,Bogotá,2,5,No
TXN-0003343,2023-04-19,12227,Moda,74081,Tarjeta crédito,Sitio web,Android,Bogotá,4,5,No
TXN-0002141,2022-06-26,46674,Hogar,186389,Tarjeta débito,Sitio web,Desktop,Medellín,3,5,No
TXN-0000817,2022-04-25,43304,Moda,167170,PSE,App móvil,Android,Bogotá,6,5,Sí
TXN-0006500,2024-03-25,39442,Moda,116534,Tarjeta crédito,App móvil,Android,Cartagena,4,5,No
TXN-0004460,2022-01-04,43555,Mascotas,88396,Tarjeta débito,App móvil,Desktop,Cúcuta,1,5,No
TXN-0004952,2023-06-26,36727,Belleza,104852,Billetera digital,Sitio web,Android,Medellín,3,5,No
TXN-0002918,2023-04-28,49785,Alimentos,52412,PSE,App móvil,Android,Bogotá,5,5,No
TXN-0005122,2024-05-09,13289,Tecnología,1300835,Tarjeta crédito,Sitio web,Android,Medellín,2,5,No
TXN-0000143,2024-03-18,40190,Belleza,138714,Billetera digital,App móvil,iOS,Ibagué,8,5,No
TXN-0002025,2022-09-30,27822,Alimentos,44286,Tarjeta débito,Sitio web,Android,Medellín,2,5,No
TXN-0005570,2024-04-23,36482,Libros,69901,Tarjeta crédito,App móvil,Desktop,Bogotá,4,5,No
TXN-0002211,2022-02-14,42809,Libros,58414,Billetera digital,Sitio web,Android,Cúcuta,3,5,No
TXN-0000334,2023-09-27,57271,Electrónica,955268,Tarjeta débito,App móvil,Android,Manizales,7,5,No
TXN-0000862,2023-01-30,20046,Electrónica,727931,PSE,App móvil,Android,Bogotá,3,5,No
TXN-0004713,2022-04-29,13808,Belleza,87441,Tarjeta débito,App móvil,Android,Manizales,4,5,No
TXN-0005498,2024-12-29,-1,Moda,35531,Tarjeta crédito,App móvil,iOS,Bogotá,2,5,No
TXN-0003711,2023-11-07,32043,Deportes,197277,Tarjeta débito,App móvil,Android,Bucaramanga,6,5,No
TXN-0005515,2023-09-06,35534,Deportes,165976,Billetera digital,App móvil,iOS,Cali,5,5,No
TXN-0003355,,35151,Mascotas,23409,PSE,App móvil,Desktop,Cali,1,5,No
TXN-0000571,2022-12-07,58689,Tecnología,412543,Tarjeta crédito,App móvil,Android,Barranquilla,6,5,No
TXN-0005028,2022-03-12,52566,Moda,120258,Tarjeta crédito,Sitio web,Android,Pereira,7,5,No
TXN-0004424,2023-08-14,17780,Moda,182618,Tarjeta débito,App móvil,Android,Cartagena,3,5,No
TXN-0001815,2023-07-09,16961,Mascotas,88429,Billetera digital,App móvil,Android,Bogotá,3,5,No
TXN-0001181,,48278,Hogar,301896,Tarjeta crédito,App móvil,Android,Ibagué,5,5,No
TXN-0002628,2023-06-13,33969,Tecnología,1497411,Tarjeta débito,Sitio web,iOS,Cartagena,6,5,Sí
TXN-0001402,2023-12-12,18225,Libros,78427,Billetera digital,App móvil,Desktop,Bogotá,6,5,No
TXN-0006714,2024-09-01,31352,Moda,167092,Contraentrega,Sitio web,Desktop,Barranquilla,6,5,No
TXN-0001579,2024-09-01,27643,Electrónica,885250,Tarjeta crédito,Sitio web,Android,Cali,3,5,Sí
TXN-0002906,2023-12-12,17156,Electrónica,482929,Tarjeta crédito,App móvil,Android,Cali,1,5,No
TXN-0003582,2022-03-30,39243,Hogar,266266,Billetera digital,App móvil,Desktop,Bogotá,5,5,No
TXN-0000926,2024-05-04,17136,Electrónica,456972,Tarjeta crédito,App móvil,iOS,Manizales,5,5,Sí
TXN-0000952,2024-08-07,55227,Alimentos,46321,Tarjeta crédito,Sitio web,Android,Cartagena,2,5,No
TXN-0006487,2024-01-10,34439,Mascotas,54414,Contraentrega,Sitio web,Desktop,Bogotá,6,5,No
TXN-0003644,2024-01-21,41191,Deportes,142515,PSE,App móvil,iOS,Manizales,5,5,No
TXN-0000788,2023-06-25,31359,Moda,257827,Billetera digital,Sitio web,Desktop,Cali,1,5,No
TXN-0004951,2022-04-11,46816,Hogar,80996,Tarjeta crédito,App móvil,Android,Medellín,3,5,No
TXN-0006445,2022-06-20,49319,Mascotas,63866,Tarjeta débito,App móvil,Android,Cali,1,5,No
TXN-0004650,2022-05-10,27463,Belleza,109893,PSE,Sitio web,Android,Bogotá,3,5,No
TXN-0003500,2023-12-23,25970,Electrónica,1064498,Billetera digital,App móvil,Android,Medellín,5,5,No
TXN-0004819,2022-03-18,43089,Moda,161798,Tarjeta crédito,Sitio web,Android,Pereira,2,5,No
TXN-IMPUTADO-0197,2022-07-25,14956,Tecnología,580000,Tarjeta crédito,Sitio web,Android,Cali,3,5,No
TXN-0005929,2022-05-25,46503,Electrónica,575651,Tarjeta crédito,Sitio web,Android,Bogotá,8,3,No
TXN-0000281,2022-05-19,29845,Deportes,142269,Tarjeta crédito,Sitio web,Android,Bogotá,1,5,No
TXN-0005221,2024-01-20,59633,Moda,128351,Contraentrega,App móvil,Android,Cali,4,5,No
TXN-0002696,2023-08-23,27408,Moda,139754,PSE,Sitio web,iOS,Bogotá,6,5,No
TXN-0005967,2024-02-03,14172,Juguetes,61792,Tarjeta crédito,App móvil,iOS,Pereira,3,5,No
TXN-0003165,2022-08-29,18490,Hogar,202468,Tarjeta crédito,App móvil,Android,Bogotá,4,5,No
TXN-0005127,2023-05-10,49149,Deportes,136041,Tarjeta crédito,App móvil,Android,Medellín,7,5,No
TXN-0002234,2024-07-30,38211,Juguetes,120926,Tarjeta crédito,Sitio web,Desktop,Medellín,3,5,No
TXN-0001319,2024-07-27,10297,Belleza,148748,Tarjeta crédito,App móvil,Android,Medellín,5,5,No
TXN-0003155,2022-02-20,56077,Juguetes,126674,Tarjeta crédito,App móvil,iOS,Manizales,4,5,No
TXN-0000057,2022-04-29,57389,Libros,79672,Tarjeta crédito,App móvil,Desktop,Bogotá,2,5,No
TXN-0003200,2023-07-18,56357,Moda,177643,Tarjeta débito,App móvil,Android,Bogotá,6,5,No
TXN-0000845,2024-05-12,59850,Juguetes,47921,Tarjeta débito,App móvil,Android,Ibagué,3,5,No
TXN-0002331,2022-08-14,19717,Belleza,87392,Contraentrega,App móvil,iOS,Barranquilla,1,5,No
TXN-0000190,2024-10-16,46581,Moda,41118,Tarjeta crédito,App móvil,Desktop,Cúcuta,2,5,No
TXN-0004868,2024-09-10,32769,Hogar,316523,PSE,App móvil,Android,Bogotá,4,5,No
TXN-0001354,2023-02-17,12971,Moda,94509,Tarjeta crédito,App móvil,iOS,Medellín,4,5,No
TXN-0002284,2023-10-16,43596,Alimentos,61331,Contraentrega,App móvil,Desktop,Ibagué,2,5,No
TXN-0007883,2024-12-30,59228,Tecnología,319201,PSE,Sitio web,Desktop,Barranquilla,5,5,No
TXN-0003613,2024-03-10,23200,Moda,113088,Tarjeta crédito,Sitio web,Desktop,Barranquilla,8,5,No
TXN-0001287,2023-05-21,28501,Belleza,72598,Tarjeta débito,Sitio web,Android,Bogotá,7,5,No
TXN-0005908,2022-02-08,32261,Mascotas,91769,Contraentrega,App móvil,Desktop,Barranquilla,3,5,No
TXN-0000339,2024-12-29,55885,Tecnología,629933,Tarjeta débito,App móvil,iOS,Medellín,5,5,No
TXN-0001429,2023-10-13,-1,Electrónica,606332,PSE,App móvil,Android,Bogotá,4,5,No
TXN-0007058,2022-07-14,52129,Tecnología,1063762,Tarjeta crédito,Sitio web,Android,Pereira,2,5,No
TXN-0006205,2022-09-11,16339,Alimentos,30068,Contraentrega,Sitio web,iOS,Bogotá,4,5,No
TXN-0000316,2022-10-20,43911,Alimentos,34726,PSE,Sitio web,Android,Cartagena,1,5,No
TXN-IMPUTADO-0198,2022-12-02,13660,Tecnología,1131278,Billetera digital,App móvil,Android,Cali,4,5,No
TXN-0001443,2023-08-21,27990,Hogar,217411,PSE,App móvil,Desktop,Bucaramanga,4,5,No
TXN-0007944,2024-01-06,31604,Electrónica,606626,Tarjeta crédito,App móvil,Android,Medellín,1,5,No
TXN-0002642,2024-02-05,54417,Alimentos,63280,Tarjeta crédito,App móvil,Android,Cali,5,5,No
TXN-0002705,2024-04-19,12818,Libros,29331,Tarjeta crédito,App móvil,Android,Bogotá,5,5,No
TXN-0005478,2024-12-20,-1,Tecnología,1223167,PSE,App móvil,iOS,Bogotá,8,5,No
TXN-0001035,2023-01-13,29319,Moda,49310,Tarjeta crédito,Sitio web,Android,Medellín,2,5,No
TXN-0003609,2023-04-07,53093,Deportes,150346,PSE,App móvil,Android,Bogotá,3,5,No
TXN-0006800,2024-04-06,-1,Electrónica,1489197,PSE,App móvil,iOS,Medellín,5,5,No
TXN-0005002,2023-04-25,27733,Alimentos,57435,Contraentrega,Sitio web,Android,Pereira,5,5,No
TXN-0002845,2024-01-30,46843,Alimentos,24231,Tarjeta crédito,App móvil,Android,Ibagué,3,5,No
TXN-0002723,2022-02-01,39977,Mascotas,50314,Billetera digital,Sitio web,iOS,Barranquilla,1,5,No
TXN-0004275,2022-10-26,26126,Electrónica,719408,Tarjeta crédito,App móvil,Desktop,Medellín,6,5,No
TXN-0005103,2022-01-26,59152,Deportes,75437,PSE,App móvil,Desktop,Bucaramanga,7,5,No
TXN-0002584,2022-09-23,18382,Deportes,151093,Tarjeta crédito,App móvil,Android,Bogotá,3,5,No
TXN-0004705,2024-10-15,25650,Tecnología,1189333,Tarjeta crédito,App móvil,Desktop,Cali,3,5,No
TXN-0000002,2022-07-01,42107,Moda,148679,Tarjeta débito,Sitio web,Android,Cali,6,5,No
TXN-0002384,2023-03-22,51333,Deportes,158994,Billetera digital,Sitio web,Android,Medellín,1,5,No
TXN-0003186,2024-05-27,11359,Mascotas,116782,Tarjeta crédito,App móvil,iOS,Bogotá,7,5,No
TXN-0004164,2024-03-15,36859,Juguetes,132782,Tarjeta débito,App móvil,Android,Barranquilla,4,5,No
TXN-0001641,2024-09-04,48136,Moda,148209,Tarjeta crédito,App móvil,Android,Cali,5,5,No
TXN-0006410,2023-08-18,35176,Electrónica,370140,Contraentrega,Sitio web,Android,Manizales,3,5,No
TXN-0001423,2024-10-26,27154,Electrónica,419432,PSE,App móvil,Desktop,Medellín,10,4,No
TXN-0000649,2024-10-31,44737,Moda,110856,Tarjeta crédito,Sitio web,Desconocido,Cali,5,5,No
TXN-0002608,2024-10-20,57736,Moda,169062,Tarjeta crédito,Sitio web,Desktop,Bogotá,3,5,No
TXN-0005099,2024-06-02,40871,Moda,113094,Tarjeta débito,App móvil,Android,Bogotá,4,5,No
TXN-0006933,2024-07-21,55134,Juguetes,81760,Contraentrega,App móvil,Android,Cali,3,5,No
TXN-0004284,2024-03-17,43464,Alimentos,40774,Tarjeta crédito,Sitio web,Desktop,Pereira,1,5,No
TXN-0003928,2022-06-17,17163,Alimentos,61141,Tarjeta crédito,App móvil,Desktop,Bucaramanga,4,5,No
TXN-0005211,2023-08-11,52816,Electrónica,821535,Tarjeta débito,App móvil,iOS,Barranquilla,3,5,No
TXN-0006376,2024-01-30,30401,Hogar,84305,PSE,App móvil,Desktop,Bogotá,3,5,No
TXN-0001311,2022-11-21,56792,Moda,58572,Tarjeta débito,App móvil,iOS,Medellín,7,5,No
TXN-0001025,2022-04-28,22036,Moda,78491,Tarjeta crédito,App móvil,iOS,Bucaramanga,3,5,No
TXN-0001613,2023-10-05,13946,Tecnología,1049380,Tarjeta crédito,Sitio web,Android,Bucaramanga,2,5,No
TXN-0004871,2023-07-31,39201,Moda,172364,Contraentrega,App móvil,Desconocido,Bucaramanga,2,5,No
TXN-0005369,2023-09-19,15532,Electrónica,669671,Tarjeta débito,App móvil,Android,Manizales,5,5,No
TXN-0007120,2024-07-04,46247,Deportes,129763,Billetera digital,App móvil,Android,Bogotá,1,5,No
TXN-0002848,2023-09-06,13611,Alimentos,19752,Tarjeta crédito,App móvil,iOS,Medellín,8,4,No
TXN-0007108,2022-12-23,50302,Moda,132860,Contraentrega,App móvil,Desktop,Ibagué,5,5,No
TXN-0003673,2024-02-12,13985,Tecnología,1050059,Tarjeta crédito,App móvil,Desktop,Bogotá,4,5,Sí
TXN-0002804,2023-10-13,22048,Belleza,67796,Contraentrega,App móvil,iOS,Ibagué,5,5,No
TXN-0001717,2022-05-15,28761,Tecnología,1635202,Contraentrega,App móvil,Android,Bogotá,5,5,No
TXN-0006561,2023-07-10,27463,Hogar,164733,Tarjeta crédito,Sitio web,Desktop,Cali,3,5,No
TXN-0006938,2024-08-22,27229,Moda,135732,Tarjeta crédito,App móvil,Android,Cúcuta,3,5,No
TXN-0005346,2022-03-16,56881,Belleza,72241,Tarjeta crédito,App móvil,iOS,Barranquilla,3,5,No
TXN-0002663,2022-10-19,37759,Deportes,47816,Tarjeta débito,Sitio web,Android,Bogotá,5,5,No
TXN-0002763,2022-01-12,48222,Moda,131924,Billetera digital,Sitio web,Android,Barranquilla,5,5,No
TXN-IMPUTADO-0199,2023-08-05,41473,Moda,167275,Tarjeta débito,App móvil,Android,Medellín,6,5,No
TXN-0004661,2022-07-18,53462,Tecnología,912045,Tarjeta crédito,App móvil,Desconocido,Ibagué,5,5,No
TXN-0004483,2024-12-20,26297,Hogar,165812,PSE,App móvil,Android,Bogotá,4,5,No
TXN-0002235,,22128,Moda,131315,Tarjeta débito,Sitio web,iOS,Medellín,5,5,No
TXN-0007626,2023-08-19,35733,Hogar,244582,Billetera digital,App móvil,Android,Cúcuta,1,5,No
TXN-0003656,2024-09-18,43729,Hogar,212466,Tarjeta crédito,Sitio web,Android,Ibagué,4,5,No
TXN-0004041,2022-08-10,33792,Libros,101732,Tarjeta crédito,App móvil,Android,Barranquilla,5,5,No
TXN-0006124,2024-03-28,31224,Electrónica,269671,Contraentrega,App móvil,iOS,Bogotá,4,5,No
TXN-0005610,2024-12-31,42939,Electrónica,999501,Tarjeta débito,App móvil,Android,Bucaramanga,5,5,No
TXN-0007127,2024-01-20,33825,Mascotas,93408,PSE,App móvil,iOS,Bogotá,6,5,No
TXN-0002310,2023-08-09,13684,Moda,120526,Tarjeta débito,Sitio web,Desktop,Bogotá,7,5,No
TXN-0003728,2024-01-09,15891,Hogar,172565,Tarjeta crédito,App móvil,Desktop,Cartagena,2,5,No
TXN-0000386,2022-01-02,26392,Belleza,71915,Tarjeta crédito,App móvil,Android,Cali,5,5,No
TXN-0002301,2023-09-28,38111,Moda,152278,Tarjeta débito,App móvil,Android,Pereira,3,5,No
TXN-0004927,2023-09-06,43453,Moda,54995,Contraentrega,App móvil,Android,Medellín,5,5,No
TXN-0005755,2023-06-04,20439,Moda,110509,Billetera digital,App móvil,Android,Bogotá,4,5,No
TXN-0004775,2024-11-03,17728,Juguetes,113842,Tarjeta crédito,App móvil,Android,Bogotá,3,5,No
TXN-0000075,2024-08-17,10361,Libros,52416,Tarjeta crédito,App móvil,Android,Bogotá,7,5,No
TXN-0004695,2023-08-19,59367,Electrónica,248298,Tarjeta crédito,App móvil,Android,Manizales,3,5,No
TXN-0005822,2022-10-23,50873,Mascotas,59834,Tarjeta crédito,Sitio web,Android,Ibagué,7,5,No
TXN-0000317,2024-06-22,-1,Belleza,111130,Tarjeta crédito,App móvil,Desktop,Pereira,5,5,No
TXN-0005034,2022-09-17,27679,Electrónica,922953,Contraentrega,App móvil,Android,Bucaramanga,5,5,No
TXN-0001469,2023-02-13,20411,Moda,48349,Tarjeta débito,Sitio web,Android,Cali,4,5,No
TXN-0001455,2024-09-13,19803,Tecnología,1333319,PSE,Sitio web,Desktop,Cali,4,5,Sí
TXN-0001148,2023-12-26,48424,Moda,145454,PSE,App móvil,iOS,Bogotá,3,5,No
TXN-0003088,2023-02-22,54324,Alimentos,56249,Billetera digital,App móvil,Android,Medellín,5,5,No
TXN-0004022,2022-07-07,27573,Alimentos,50413,Tarjeta crédito,App móvil,iOS,Bogotá,7,5,No
TXN-0001307,2022-09-14,34401,Moda,85663,PSE,Sitio web,Android,Bogotá,5,5,No
TXN-0003811,2023-02-27,43539,Moda,83673,PSE,App móvil,Android,Cali,5,5,No
TXN-0003937,2022-12-13,50236,Juguetes,70434,Tarjeta crédito,App móvil,Desktop,Bogotá,5,5,No
TXN-0000424,2024-10-27,42193,Electrónica,691538,Tarjeta crédito,Sitio web,Android,Pereira,7,5,No
TXN-0002372,2024-10-10,16655,Hogar,218932,Tarjeta débito,Sitio web,Android,Bogotá,5,5,No
TXN-0003590,2023-07-17,40298,Electrónica,363595,Tarjeta débito,Sitio web,Android,Medellín,6,5,No
TXN-0007406,2024-08-17,48596,Electrónica,897815,Tarjeta débito,Sitio web,Desktop,Cúcuta,6,5,No
TXN-0005942,2022-05-24,10599,Tecnología,1393452,Contraentrega,Sitio web,Android,Medellín,4,5,No
TXN-0005364,2023-09-18,34807,Mascotas,79170,Tarjeta crédito,App móvil,Android,Cartagena,7,5,No
TXN-0005382,2024-01-13,-1,Mascotas,37481,PSE,App móvil,Android,Bogotá,2,5,No
TXN-0001473,2022-12-25,36115,Moda,41515,Contraentrega,Sitio web,Android,Cali,1,5,No
TXN-0007474,2022-09-20,19741,Moda,127290,PSE,App móvil,Desktop,Cartagena,2,5,No
TXN-0002433,2024-09-18,35961,Hogar,245619,Tarjeta crédito,Sitio web,Android,Ibagué,5,5,No
TXN-0002792,2024-11-23,36511,Alimentos,56731,PSE,Sitio web,Android,Barranquilla,5,5,No
TXN-0000287,2024-05-06,38251,Moda,133223,PSE,App móvil,Desktop,Bogotá,2,5,No
TXN-0005052,2023-04-21,50128,Electrónica,523059,Billetera digital,Sitio web,Android,Barranquilla,1,5,No
TXN-0004249,2023-08-13,46608,Alimentos,23207,Tarjeta crédito,Sitio web,Android,Bogotá,4,5,No
TXN-0002838,2022-07-15,23146,Electrónica,591811,Contraentrega,App móvil,Desktop,Cali,5,5,No
TXN-IMPUTADO-0200,2023-07-29,45972,Electrónica,876484,Tarjeta débito,App móvil,Android,Pereira,6,5,No
TXN-0004858,2023-10-06,10986,Belleza,108796,Tarjeta débito,Sitio web,Android,Ibagué,8,4,No
TXN-0004574,2024-10-26,10507,Belleza,84768,Contraentrega,App móvil,Desconocido,Bogotá,3,5,No
TXN-0000985,2024-08-05,52795,Moda,125512,Tarjeta débito,App móvil,Desktop,Barranquilla,7,5,No
TXN-IMPUTADO-0201,2024-09-22,39111,Alimentos,57118,Tarjeta crédito,Sitio web,Android,Cali,4,5,No
TXN-0000263,2024-05-13,28748,Deportes,104659,PSE,App móvil,iOS,Bogotá,3,5,No
TXN-0000430,2023-07-08,20074,Electrónica,1049840,Tarjeta débito,Sitio web,Android,Bogotá,6,5,No
TXN-0006111,2023-08-02,18443,Belleza,69578,Billetera digital,App móvil,Android,Bogotá,4,5,No
TXN-0006394,2023-03-17,29133,Deportes,83365,Contraentrega,Sitio web,Desktop,Cali,2,5,No
TXN-0006061,2024-06-03,43179,Belleza,69462,Billetera digital,App móvil,Android,Cúcuta,5,5,No
TXN-0001793,2022-06-14,14822,Alimentos,46297,PSE,App móvil,iOS,Medellín,4,5,No
TXN-0004116,2024-12-08,59015,Mascotas,53835,Contraentrega,App móvil,Android,Bogotá,3,5,No
TXN-0007879,2024-12-29,54076,Tecnología,893148,Tarjeta crédito,App móvil,Desktop,Pereira,2,5,No
TXN-0007137,2023-04-11,41307,Belleza,29144,Tarjeta débito,Sitio web,Desktop,Cúcuta,1,5,Sí
TXN-0006928,2023-09-23,42334,Electrónica,790171,Contraentrega,App móvil,Desktop,Barranquilla,3,5,No
TXN-0000807,2022-10-11,53461,Alimentos,5000,PSE,App móvil,iOS,Medellín,8,4,No
TXN-0005606,2024-04-23,38177,Moda,128910,PSE,App móvil,Android,Bogotá,4,5,No
TXN-0002772,2022-05-22,48915,Deportes,174193,Tarjeta débito,App móvil,Android,Bogotá,4,5,No
TXN-0002970,2023-07-12,42191,Electrónica,635863,PSE,App móvil,iOS,Pereira,2,5,No
TXN-0003475,2023-08-08,17893,Mascotas,51399,Tarjeta crédito,App móvil,Android,Cali,6,5,No
TXN-0002036,2022-08-23,46355,Electrónica,516094,Tarjeta crédito,App móvil,Android,Bucaramanga,1,5,No
TXN-0000343,2023-03-12,45732,Tecnología,63911,Tarjeta crédito,Sitio web,Android,Medellín,6,5,No
TXN-0004450,2024-09-24,13053,Juguetes,137203,Tarjeta débito,App móvil,Desktop,Bogotá,2,5,No
TXN-0003975,2023-01-29,24380,Hogar,171855,Tarjeta débito,Sitio web,Desktop,Bogotá,3,5,No
TXN-0002726,2023-09-07,20242,Belleza,117421,Tarjeta crédito,App móvil,Desktop,Bogotá,4,5,No
TXN-0004112,2024-05-04,43540,Tecnología,1022470,Tarjeta crédito,App móvil,Android,Cali,4,5,No
TXN-0005023,2022-10-03,23681,Electrónica,388427,Tarjeta débito,App móvil,Android,Bogotá,8,5,No
TXN-0007185,2023-08-08,56697,Belleza,75966,Tarjeta crédito,Sitio web,Android,Bogotá,4,5,No
TXN-0000843,2024-06-30,18039,Electrónica,768179,Tarjeta crédito,Sitio web,Android,Barranquilla,6,5,No
TXN-0006993,2022-07-12,24419,Moda,137720,Tarjeta débito,Sitio web,iOS,Bogotá,3,5,No
TXN-0007007,2024-03-16,41973,Moda,112987,Tarjeta crédito,Sitio web,iOS,Cúcuta,3,5,No
TXN-0000052,2022-03-04,53685,Tecnología,1315741,Billetera digital,App móvil,Android,Bogotá,3,5,No
TXN-0007159,,52842,Hogar,141050,Tarjeta crédito,App móvil,Android,Manizales,5,5,No
TXN-0006678,2022-03-08,42588,Alimentos,64652,Tarjeta crédito,App móvil,Android,Medellín,7,5,No
TXN-0003133,2022-07-09,28888,Belleza,76681,Tarjeta débito,Sitio web,Android,Bogotá,6,5,No
TXN-0003968,2023-02-14,35138,Tecnología,1457414,Tarjeta débito,App móvil,Android,Cali,1,5,No
TXN-0003643,2024-09-24,51878,Deportes,115862,Tarjeta crédito,Sitio web,iOS,Cali,5,5,No
TXN-0005594,2022-10-27,45855,Mascotas,80094,Contraentrega,Sitio web,Android,Cali,3,5,No
TXN-0000832,2022-04-24,13283,Belleza,85182,Tarjeta crédito,Sitio web,Desconocido,Bogotá,4,5,No
TXN-0001324,2022-01-09,11546,Deportes,101435,Billetera digital,Sitio web,Desktop,Cartagena,2,5,No
TXN-0000561,2024-06-19,35186,Electrónica,492004,Billetera digital,Sitio web,Desktop,Bogotá,6,5,No
TXN-0006336,2024-10-11,12124,Deportes,166285,Tarjeta débito,App móvil,Desktop,Medellín,1,5,No
TXN-0001856,2024-07-25,36513,Libros,38971,Tarjeta crédito,App móvil,iOS,Bogotá,3,5,No
TXN-0006187,2023-05-25,-1,Moda,50801,Contraentrega,App móvil,iOS,Medellín,5,5,No
TXN-0007774,,25836,Moda,163452,Tarjeta crédito,App móvil,iOS,Bogotá,6,5,No
TXN-0006002,2022-09-25,29690,Hogar,324003,Tarjeta débito,Sitio web,iOS,Bucaramanga,3,5,No
TXN-0003436,2022-09-03,52172,Hogar,206876,Contraentrega,Sitio web,Android,Bogotá,6,5,No
TXN-0001759,2024-09-07,52571,Moda,63088,Contraentrega,App móvil,iOS,Manizales,3,5,No
TXN-0001384,2023-10-10,31280,Moda,89326,Tarjeta débito,Sitio web,Desktop,Medellín,4,5,Sí
TXN-0003425,2022-01-16,57002,Belleza,28100,Tarjeta crédito,App móvil,Android,Barranquilla,2,5,No
TXN-0006128,2022-03-29,19301,Electrónica,520658,Tarjeta débito,Sitio web,Desconocido,Bogotá,3,5,No
TXN-0000327,2022-10-12,58574,Belleza,26550,Tarjeta crédito,App móvil,Desconocido,Cali,5,5,No
TXN-0004527,2022-02-17,20163,Hogar,202329,Tarjeta crédito,App móvil,Android,Cali,4,5,No
TXN-0000076,2022-01-09,40435,Tecnología,906928,PSE,App móvil,Desconocido,Medellín,6,5,No
TXN-0000639,2023-09-30,26184,Moda,127705,Tarjeta débito,App móvil,iOS,Medellín,4,5,No
TXN-0006607,2024-11-26,11383,Electrónica,458621,Tarjeta crédito,App móvil,Android,Ibagué,4,5,No
TXN-0006192,2022-11-10,58497,Moda,150705,Tarjeta débito,App móvil,iOS,Cali,7,5,No
TXN-0004252,2023-07-08,12022,Tecnología,890426,Tarjeta débito,App móvil,Android,Cali,3,5,No
TXN-0003225,2023-08-23,43515,Alimentos,54149,Tarjeta crédito,App móvil,Android,Cali,7,5,No
TXN-0002401,2024-03-11,50559,Alimentos,40441,Billetera digital,App móvil,Desktop,Bogotá,6,5,No
TXN-0007486,2024-10-16,24354,Electrónica,1011022,PSE,App móvil,Android,Ibagué,3,5,No
TXN-0002975,2024-03-25,52177,Belleza,67098,Tarjeta débito,App móvil,Android,Bucaramanga,1,5,No
TXN-IMPUTADO-0202,2023-06-30,18347,Moda,184441,Tarjeta crédito,App móvil,Android,Cúcuta,3,5,No
TXN-0005964,2023-05-08,25967,Alimentos,56424,Tarjeta crédito,App móvil,Android,Bogotá,6,5,No
TXN-IMPUTADO-0203,2022-12-27,39245,Moda,115000,PSE,Sitio web,Desktop,Bogotá,5,5,No
TXN-0000695,2022-11-03,27869,Deportes,264817,Tarjeta débito,Sitio web,Desktop,Barranquilla,7,5,No
TXN-0000814,2022-04-15,30555,Alimentos,40768,Tarjeta crédito,Sitio web,Desktop,Cartagena,1,5,No
TXN-0003546,2024-05-12,38650,Electrónica,730095,PSE,App móvil,iOS,Medellín,4,5,No
TXN-0003842,2022-04-25,44541,Juguetes,124080,Tarjeta débito,Sitio web,Android,Cartagena,1,5,No
TXN-0002168,2023-04-02,54716,Moda,87042,PSE,Sitio web,iOS,Barranquilla,5,5,No
TXN-0005920,2024-08-20,28810,Alimentos,12552,PSE,App móvil,iOS,Medellín,1,5,No
TXN-0006560,2023-03-01,52856,Hogar,117676,Tarjeta crédito,App móvil,Android,Medellín,3,5,No
TXN-0004255,2024-05-14,16792,Alimentos,66098,Tarjeta crédito,App móvil,Android,Bogotá,5,5,No
TXN-0000747,2023-04-15,39651,Moda,101948,Tarjeta crédito,App móvil,Desktop,Bogotá,4,5,No
TXN-0004286,2022-06-22,25709,Tecnología,867127,Tarjeta débito,App móvil,iOS,Cúcuta,4,5,No
TXN-0003036,2023-02-25,21942,Moda,118407,Billetera digital,App móvil,Desktop,Bucaramanga,5,5,No
TXN-0005288,2022-06-08,33260,Electrónica,549071,Contraentrega,App móvil,Android,Pereira,1,5,No
TXN-0000957,2024-06-02,19693,Hogar,138284,PSE,App móvil,Android,Cali,6,5,No
TXN-0006198,2022-01-05,26328,Belleza,113358,Tarjeta crédito,Sitio web,Desktop,Cartagena,4,5,No
TXN-0005663,2022-01-14,32456,Tecnología,1479211,Contraentrega,App móvil,Android,Manizales,5,5,No
TXN-0007170,2024-03-10,33628,Belleza,159806,Tarjeta crédito,Sitio web,Desktop,Medellín,5,5,No
TXN-0007204,2022-03-20,17157,Belleza,68274,Tarjeta crédito,App móvil,Android,Cartagena,5,5,No
TXN-0000048,2023-12-29,33628,Moda,115147,PSE,App móvil,Android,Manizales,2,5,No
TXN-0001226,2024-04-30,35321,Juguetes,56793,Tarjeta débito,Sitio web,Desktop,Cali,6,5,No
TXN-0005516,2023-11-15,26686,Electrónica,1099188,Tarjeta crédito,Sitio web,Desktop,Bucaramanga,2,5,No
TXN-0002007,2024-04-09,45329,Hogar,352062,Billetera digital,App móvil,Android,Cúcuta,6,5,No
TXN-0006829,2022-04-16,16448,Belleza,125413,Contraentrega,App móvil,Android,Pereira,4,5,No
TXN-0003963,2023-03-15,58377,Moda,132190,Tarjeta crédito,App móvil,Android,Pereira,5,5,No
TXN-0004161,,58496,Moda,36416,PSE,App móvil,Android,Manizales,2,5,No
TXN-0005898,2024-03-15,46335,Juguetes,76957,Tarjeta débito,Sitio web,Desktop,Bogotá,3,5,No
TXN-0000987,2024-04-20,31896,Electrónica,459111,Billetera digital,App móvil,Android,Bucaramanga,6,5,No
TXN-0000524,2022-04-05,40191,Moda,139471,PSE,Sitio web,Android,Cali,6,5,No
TXN-0005051,2022-10-23,29230,Moda,116893,Tarjeta crédito,Sitio web,Android,Bogotá,4,5,No
TXN-0000462,2023-08-22,23407,Electrónica,649665,PSE,App móvil,Android,Cartagena,4,5,No
TXN-0003510,2023-06-05,44662,Libros,83870,Tarjeta débito,App móvil,iOS,Bogotá,4,5,No
TXN-0003665,2022-04-24,34066,Mascotas,96181,Tarjeta crédito,Sitio web,Android,Pereira,6,5,No
TXN-0001215,2022-11-19,38242,Electrónica,732615,PSE,Sitio web,Desktop,Manizales,4,5,No
TXN-0001419,2024-01-13,12701,Alimentos,45455,Tarjeta débito,App móvil,Android,Medellín,4,5,No
TXN-0005481,2024-02-17,16459,Moda,134474,Tarjeta débito,App móvil,Android,Bogotá,2,5,No
TXN-0006986,2023-05-02,27775,Electrónica,465108,Tarjeta débito,Sitio web,Android,Bogotá,4,5,No
TXN-IMPUTADO-0204,2022-12-28,15409,Moda,104269,Tarjeta crédito,Sitio web,Desktop,Barranquilla,2,5,No
TXN-0004983,2023-06-19,48403,Moda,123959,Contraentrega,App móvil,Desktop,Medellín,4,5,No
TXN-0004031,2024-08-03,16250,Deportes,115480,PSE,Sitio web,iOS,Bogotá,2,5,No
TXN-0004936,2023-08-26,35634,Moda,89739,Billetera digital,App móvil,Android,Medellín,3,5,No
TXN-0005335,2022-12-21,31031,Moda,182127,PSE,App móvil,Desktop,Bogotá,2,5,No
TXN-0004406,2022-10-27,11142,Moda,165366,Contraentrega,Sitio web,iOS,Bogotá,6,5,No
TXN-0004684,2023-09-26,11352,Tecnología,395992,Contraentrega,App móvil,iOS,Cali,2,5,No
TXN-0000064,2023-01-21,16130,Moda,127321,Billetera digital,Sitio web,iOS,Bogotá,4,5,No
TXN-0002345,2022-02-18,29989,Alimentos,51031,PSE,App móvil,Android,Bucaramanga,1,5,Sí
TXN-0004016,2024-03-19,11036,Hogar,98856,Tarjeta crédito,Sitio web,Android,Ibagué,7,5,No
TXN-0003147,2022-05-02,59589,Deportes,151810,PSE,App móvil,Android,Bogotá,3,5,No
TXN-IMPUTADO-0205,,11947,Libros,48397,PSE,App móvil,Desconocido,Bogotá,4,5,No
TXN-0005218,,15462,Alimentos,36804,Billetera digital,Sitio web,Desconocido,Medellín,2,5,No
TXN-0005404,2023-03-22,27976,Mascotas,92835,PSE,App móvil,iOS,Cali,4,5,No
TXN-0000678,2022-11-03,32721,Alimentos,7018,Contraentrega,App móvil,Desktop,Cali,7,5,No
TXN-0005118,2023-12-17,32294,Hogar,165624,Tarjeta débito,App móvil,Android,Bogotá,5,5,No
TXN-0005417,2024-08-15,57050,Juguetes,89970,PSE,App móvil,Android,Bogotá,3,5,No
TXN-0005040,2022-11-17,12162,Moda,115498,Contraentrega,App móvil,iOS,Barranquilla,3,5,No
TXN-0002543,2023-07-15,46144,Alimentos,55593,Tarjeta débito,Sitio web,Android,Cali,5,5,No
TXN-0003215,2022-03-22,20424,Hogar,231228,PSE,Sitio web,Desktop,Ibagué,7,5,No
TXN-0006240,2023-11-16,51195,Electrónica,447835,Contraentrega,App móvil,Desktop,Medellín,8,4,No
TXN-0000443,2022-05-29,36533,Moda,180846,Tarjeta crédito,App móvil,Android,Bogotá,3,5,No
TXN-0001555,2023-02-13,-1,Moda,141710,Contraentrega,App móvil,Android,Medellín,1,5,No
TXN-0002021,2022-09-19,59386,Deportes,113332,Tarjeta débito,App móvil,Android,Medellín,4,5,No
TXN-0002212,2023-04-01,43328,Tecnología,722936,Tarjeta débito,App móvil,Android,Cali,4,5,No
TXN-0002610,2024-07-30,51324,Belleza,71754,Tarjeta crédito,Sitio web,iOS,Cali,3,5,No
TXN-0007056,2024-02-05,13011,Juguetes,59059,Billetera digital,App móvil,Desktop,Bogotá,5,5,No
TXN-0003497,2022-06-14,27536,Belleza,69032,Contraentrega,App móvil,iOS,Cartagena,4,5,No
TXN-0005518,2023-03-30,59612,Hogar,183559,Contraentrega,App móvil,iOS,Manizales,4,5,No
TXN-0005857,2023-02-14,11476,Moda,152025,Billetera digital,App móvil,iOS,Bogotá,7,5,No
TXN-0001220,2023-07-30,18549,Electrónica,301808,Tarjeta crédito,Sitio web,Android,Cartagena,1,5,No
TXN-0005168,2024-09-12,18978,Electrónica,1096616,Billetera digital,App móvil,Android,Ibagué,3,5,No
TXN-0007151,2024-08-28,13198,Hogar,185076,Billetera digital,Sitio web,Android,Bogotá,2,5,No
TXN-0004229,2023-01-30,48948,Juguetes,81779,Contraentrega,Sitio web,Android,Cali,6,5,No
TXN-0003620,2023-04-30,-1,Moda,136684,PSE,Sitio web,iOS,Ibagué,1,5,No
TXN-0007802,2023-04-23,25952,Moda,139091,Tarjeta débito,App móvil,iOS,Bucaramanga,1,5,No
TXN-0001609,2023-05-08,13225,Belleza,59480,Tarjeta crédito,App móvil,Desktop,Ibagué,4,5,No
TXN-0003403,2023-09-26,37463,Electrónica,618088,PSE,App móvil,Android,Medellín,3,5,No
TXN-0000144,2023-06-30,12266,Hogar,152442,Tarjeta débito,Sitio web,iOS,Barranquilla,4,5,No
TXN-0006939,2022-08-23,37964,Juguetes,77509,PSE,App móvil,Desktop,Barranquilla,1,5,No
TXN-0002081,2022-04-17,12834,Libros,82316,Billetera digital,Sitio web,Desktop,Cúcuta,2,5,No
TXN-0002351,2022-07-26,21418,Moda,134223,Tarjeta débito,Sitio web,iOS,Medellín,1,5,No
TXN-0000454,,20800,Juguetes,143378,PSE,App móvil,Android,Medellín,7,5,No
TXN-0004348,2022-02-21,48078,Deportes,52827,Billetera digital,App móvil,iOS,Cali,5,5,No
TXN-0004477,2022-02-06,44866,Moda,86676,Contraentrega,Sitio web,iOS,Barranquilla,6,5,No
TXN-0003399,2022-03-25,31656,Belleza,47953,PSE,Sitio web,Android,Bogotá,3,5,No
TXN-0004898,2022-05-16,28933,Electrónica,706983,Tarjeta crédito,App móvil,Desktop,Cali,6,5,No
TXN-0006459,2023-05-11,31679,Moda,105274,PSE,App móvil,Android,Barranquilla,2,5,No
TXN-0000036,2022-04-16,36615,Moda,168307,Contraentrega,App móvil,iOS,Barranquilla,9,5,No
TXN-0006504,2024-02-11,48477,Electrónica,552805,Tarjeta débito,App móvil,Desktop,Cartagena,5,5,No
TXN-0004351,2023-01-27,-1,Electrónica,945654,PSE,App móvil,Android,Medellín,5,5,No
TXN-0003727,2022-08-19,12580,Moda,67064,Contraentrega,App móvil,Android,Bucaramanga,2,5,No
TXN-0004079,2022-01-31,40236,Electrónica,264209,Tarjeta crédito,App móvil,Android,Cartagena,6,5,No
TXN-0000721,,11419,Electrónica,898100,Tarjeta crédito,Sitio web,Android,Manizales,7,5,No
TXN-0005375,2023-07-02,57100,Deportes,258613,Contraentrega,App móvil,iOS,Bogotá,4,5,No
TXN-IMPUTADO-0206,2023-02-16,56224,Electrónica,955790,Tarjeta débito,App móvil,iOS,Barranquilla,1,5,No
TXN-0001018,2022-07-26,42120,Juguetes,68348,Contraentrega,App móvil,Android,Bogotá,8,3,No
TXN-0002179,2022-12-07,46390,Hogar,194958,Tarjeta débito,App móvil,Desktop,Bogotá,5,5,No
TXN-0003739,2023-12-04,45619,Moda,86450,Tarjeta crédito,App móvil,Android,Bogotá,7,5,No
TXN-0003802,2022-02-24,58930,Hogar,15076,Contraentrega,Sitio web,Android,Bogotá,4,5,No
TXN-0000008,2023-12-01,29498,Alimentos,79723,PSE,Sitio web,Android,Bogotá,3,5,No
TXN-0006919,2024-08-16,41434,Electrónica,1063160,Billetera digital,Sitio web,Android,Medellín,6,5,No
TXN-0001878,2022-12-28,19873,Electrónica,541078,Tarjeta crédito,Sitio web,iOS,Medellín,7,5,No
TXN-0002165,2024-03-18,18754,Tecnología,1183122,Tarjeta crédito,Sitio web,Android,Cali,4,5,No
TXN-0007798,2024-08-06,32102,Hogar,244202,Tarjeta crédito,App móvil,iOS,Bogotá,5,5,No
TXN-0005075,2024-11-06,37726,Moda,143714,Tarjeta crédito,App móvil,iOS,Bogotá,3,5,No
TXN-0001571,,45227,Belleza,73077,Tarjeta crédito,App móvil,iOS,Bogotá,4,5,No
TXN-0005359,2022-06-23,40108,Electrónica,758812,Tarjeta crédito,App móvil,iOS,Bogotá,4,5,No
TXN-0002127,2023-11-25,39059,Alimentos,50836,Billetera digital,App móvil,iOS,Bogotá,4,5,No
TXN-0005860,2024-07-07,20433,Belleza,65673,Tarjeta débito,App móvil,Android,Medellín,3,5,No
TXN-0005485,2022-03-14,55148,Moda,77667,Tarjeta crédito,Sitio web,Android,Pereira,2,5,No
TXN-0005237,2024-08-03,36426,Juguetes,113026,Tarjeta crédito,App móvil,Android,Medellín,7,5,No
TXN-0006468,2022-11-19,45158,Juguetes,100214,Tarjeta crédito,App móvil,Desktop,Bogotá,1,5,No
TXN-0005779,2024-09-11,25882,Electrónica,544356,Tarjeta crédito,App móvil,Android,Manizales,5,5,No
TXN-0005560,2023-06-22,26959,Deportes,47021,Tarjeta débito,App móvil,Android,Barranquilla,1,5,No
TXN-0000549,2022-03-15,24026,Tecnología,1228625,Billetera digital,Sitio web,Desktop,Barranquilla,2,5,No
TXN-0005021,2023-04-20,56101,Deportes,136370,Tarjeta crédito,App móvil,iOS,Pereira,6,5,No
TXN-0002222,2023-10-18,43517,Libros,39424,Tarjeta crédito,App móvil,iOS,Bogotá,7,5,No
TXN-IMPUTADO-0207,2023-05-05,47749,Libros,47053,Tarjeta crédito,Sitio web,Android,Medellín,4,5,No
TXN-0003631,2023-01-01,53060,Libros,64586,Billetera digital,App móvil,Android,Bogotá,4,5,No
TXN-0006212,2023-04-02,18761,Moda,76394,Tarjeta crédito,App móvil,Desktop,Medellín,5,5,No
TXN-0007762,2024-06-04,20873,Mascotas,114880,Tarjeta crédito,App móvil,Android,Bucaramanga,3,5,No
TXN-0007761,2024-11-17,54825,Deportes,153612,Tarjeta débito,App móvil,Android,Cartagena,6,5,No
TXN-0007735,2023-11-11,12574,Hogar,154677,Tarjeta crédito,App móvil,iOS,Bucaramanga,4,5,No
TXN-0001690,2024-07-06,36274,Hogar,192015,Tarjeta crédito,App móvil,Desktop,Bucaramanga,4,5,No
TXN-0006795,,55017,Hogar,159761,Billetera digital,App móvil,Android,Manizales,6,5,No
TXN-0002855,2022-11-09,57532,Juguetes,48821,PSE,App móvil,Android,Pereira,5,5,No
TXN-0002988,2024-02-21,13186,Electrónica,758993,PSE,App móvil,Android,Barranquilla,4,5,No
TXN-0000053,2023-03-24,51094,Juguetes,112345,Tarjeta crédito,Sitio web,Android,Bucaramanga,6,5,No
TXN-0001248,2022-11-12,-1,Belleza,50436,Tarjeta crédito,App móvil,Android,Cúcuta,5,5,No
TXN-0002159,2022-10-26,40328,Deportes,181915,Tarjeta crédito,App móvil,iOS,Bogotá,2,5,No
TXN-0000238,2022-10-30,43289,Belleza,89325,Tarjeta débito,Sitio web,Android,Barranquilla,4,5,No
TXN-0002300,2022-12-12,46909,Moda,88375,Tarjeta crédito,App móvil,iOS,Medellín,6,5,Sí
TXN-0000260,2023-12-26,48306,Moda,38444,Tarjeta crédito,App móvil,Android,Ibagué,5,5,No
TXN-0004844,2023-04-27,38509,Belleza,113262,Tarjeta crédito,App móvil,iOS,Bogotá,5,5,No
TXN-0004192,2022-06-28,45615,Juguetes,135535,Tarjeta crédito,Sitio web,Android,Bucaramanga,6,5,No
TXN-0007586,2022-03-13,34602,Electrónica,506048,Tarjeta crédito,App móvil,Android,Medellín,3,5,No
TXN-0004142,,48425,Libros,87211,PSE,App móvil,Android,Bucaramanga,3,5,No
TXN-0000728,2024-12-14,31941,Belleza,62668,Tarjeta crédito,Sitio web,iOS,Cartagena,4,5,No
TXN-0003747,2022-11-01,19137,Moda,210686,Tarjeta débito,Sitio web,Android,Bogotá,2,5,No
TXN-0007698,2024-07-06,53800,Deportes,109509,Tarjeta débito,App móvil,Desktop,Barranquilla,2,5,No
TXN-0006103,2022-09-12,20357,Moda,138139,Tarjeta débito,Sitio web,iOS,Bogotá,6,5,No
TXN-0000971,2024-06-22,50597,Alimentos,5000,PSE,Sitio web,Android,Bogotá,6,5,No
TXN-0003049,2023-01-21,57702,Juguetes,98626,Tarjeta crédito,App móvil,iOS,Bucaramanga,5,5,No
TXN-0004994,2024-08-06,19471,Mascotas,79211,Tarjeta débito,Sitio web,Desktop,Bogotá,5,5,No
TXN-0003836,2023-03-08,52136,Hogar,196143,PSE,App móvil,Android,Bogotá,1,5,No
TXN-0000953,2022-10-16,43840,Moda,191103,Contraentrega,App móvil,iOS,Pereira,6,5,No
TXN-0000818,2024-11-14,51089,Electrónica,5000,Tarjeta crédito,Sitio web,Android,Manizales,6,5,No
TXN-0007102,2022-02-15,42399,Hogar,259988,Tarjeta crédito,App móvil,Android,Bogotá,2,5,No
TXN-0000191,2024-12-02,33148,Tecnología,1146635,Tarjeta crédito,App móvil,iOS,Bogotá,2,5,No
TXN-0002532,2023-03-27,24639,Belleza,36657,PSE,App móvil,Desconocido,Barranquilla,6,5,No
TXN-0001752,2023-01-23,47728,Juguetes,92978,PSE,App móvil,Android,Cúcuta,1,5,No
TXN-0001019,2024-05-15,59159,Mascotas,95087,Tarjeta crédito,Sitio web,Android,Bogotá,5,5,No
TXN-0002263,2023-12-19,35175,Moda,20552,Tarjeta crédito,Sitio web,Desktop,Cartagena,8,5,No
TXN-0006351,2023-12-19,39204,Juguetes,78745,Tarjeta crédito,App móvil,Desktop,Bogotá,6,5,No
TXN-0005801,,54641,Electrónica,715660,Billetera digital,Sitio web,Android,Cali,4,5,No
TXN-0006236,2023-07-07,33624,Juguetes,103397,Tarjeta crédito,Sitio web,Android,Cali,3,5,No
TXN-0003798,2022-05-19,28249,Moda,161801,Tarjeta débito,Sitio web,iOS,Cúcuta,1,5,No
TXN-0006683,2023-11-04,25956,Electrónica,289513,Tarjeta crédito,Sitio web,Android,Bucaramanga,6,5,No
TXN-0006036,2022-03-29,12007,Libros,61171,PSE,Sitio web,Android,Pereira,5,5,No
TXN-0007015,2023-01-30,57351,Juguetes,109811,Tarjeta crédito,App móvil,Desktop,Bogotá,2,5,No
TXN-0005533,2022-10-20,49316,Moda,185751,Tarjeta crédito,Sitio web,Android,Bogotá,4,5,No
TXN-0003506,2024-11-11,46869,Electrónica,263602,PSE,Sitio web,Desktop,Cartagena,2,5,No
TXN-0004859,2024-01-19,-1,Moda,156756,Tarjeta crédito,App móvil,iOS,Cali,4,5,No
TXN-0000503,2024-05-14,29653,Deportes,108986,Billetera digital,Sitio web,iOS,Bogotá,5,5,No
TXN-0006513,2023-01-17,55444,Deportes,166090,Tarjeta débito,App móvil,Android,Cúcuta,8,5,No
TXN-0000682,2023-05-02,12581,Hogar,116389,Tarjeta crédito,App móvil,Desktop,Medellín,1,5,No
TXN-0004682,2022-10-02,47969,Tecnología,1157934,Tarjeta crédito,Sitio web,Android,Bogotá,3,5,No
TXN-0007747,2024-07-20,10668,Belleza,67252,PSE,Sitio web,Desktop,Bogotá,7,5,No
TXN-0003625,2024-10-18,50636,Hogar,192525,PSE,App móvil,Android,Bogotá,5,5,No
TXN-0007166,2022-10-25,48506,Tecnología,897166,Tarjeta crédito,App móvil,iOS,Pereira,6,5,No
TXN-0002954,2023-09-03,39698,Tecnología,711403,Tarjeta crédito,Sitio web,Android,Cali,4,5,No
TXN-0006894,2022-09-05,33866,Hogar,188135,Tarjeta débito,App móvil,iOS,Medellín,8,4,No
TXN-0006789,2023-09-11,38737,Juguetes,76259,Contraentrega,App móvil,Android,Pereira,3,5,No
TXN-0003865,2024-02-03,44106,Electrónica,564290,Billetera digital,Sitio web,Android,Pereira,3,5,No
TXN-0004520,2022-07-20,50004,Tecnología,1713059,Billetera digital,App móvil,iOS,Bucaramanga,5,5,No
TXN-0006154,2023-02-23,29580,Hogar,161553,Tarjeta débito,App móvil,Desconocido,Manizales,4,5,Sí
TXN-0007985,2024-04-14,36602,Hogar,143915,Tarjeta débito,Sitio web,iOS,Cali,5,5,No
TXN-0002570,2022-01-20,24764,Belleza,9146,Tarjeta crédito,Sitio web,iOS,Medellín,4,5,No
TXN-0004146,2023-02-07,12999,Juguetes,104029,Tarjeta débito,Sitio web,iOS,Cali,6,5,No
TXN-0006301,2024-07-03,49835,Electrónica,965582,Tarjeta débito,Sitio web,Desktop,Bogotá,3,5,No
TXN-0001485,2022-08-26,26330,Moda,91721,PSE,Sitio web,Android,Bogotá,1,5,No
TXN-0000128,2024-06-18,26085,Belleza,102086,Tarjeta débito,App móvil,Android,Cartagena,8,3,Sí
TXN-0001267,2024-06-29,11688,Juguetes,111598,PSE,Sitio web,Android,Bogotá,5,5,No
TXN-0005130,2023-06-30,21722,Tecnología,1010080,PSE,App móvil,iOS,Cali,3,5,No
TXN-0006441,2023-10-12,25115,Electrónica,432436,PSE,App móvil,Desktop,Bucaramanga,5,5,No
TXN-0007897,2024-06-17,34910,Belleza,105609,Billetera digital,App móvil,Android,Bucaramanga,2,5,No
TXN-0006102,,26325,Electrónica,784788,Tarjeta crédito,App móvil,Android,Cartagena,3,5,No
TXN-IMPUTADO-0208,2024-10-30,42768,Libros,46610,Billetera digital,Sitio web,Android,Bucaramanga,5,5,No
TXN-0003881,2022-09-19,47864,Moda,173666,PSE,Sitio web,Desktop,Cúcuta,3,5,No
TXN-0006329,2024-03-06,23861,Mascotas,102446,Billetera digital,App móvil,Android,Cali,1,5,No
TXN-0006171,2024-02-05,26609,Electrónica,701836,Billetera digital,App móvil,Android,Barranquilla,5,5,No
TXN-0006613,2023-04-30,58629,Moda,160733,Contraentrega,Sitio web,Android,Ibagué,6,5,No
TXN-0002737,2024-06-03,36423,Deportes,220492,Tarjeta débito,App móvil,iOS,Medellín,8,3,No
TXN-0002328,2023-07-11,53773,Electrónica,599181,Tarjeta crédito,App móvil,Android,Cali,8,3,No
TXN-0005571,2022-11-30,31597,Moda,54111,Tarjeta débito,App móvil,Android,Medellín,4,5,No
TXN-0001871,2024-05-25,38146,Deportes,211395,PSE,App móvil,Desktop,Bucaramanga,4,5,No
TXN-0004636,2024-02-02,43849,Moda,106681,Tarjeta débito,App móvil,Desktop,Cali,4,5,No
TXN-0001285,2023-04-28,36291,Hogar,197570,Tarjeta débito,App móvil,Android,Cali,3,5,No
TXN-0002552,2024-07-05,13801,Hogar,340184,Tarjeta crédito,App móvil,Desktop,Bogotá,5,5,No
TXN-0002223,2022-11-10,48180,Belleza,64521,Contraentrega,App móvil,Desktop,Ibagué,4,5,No
TXN-0005042,2022-09-29,16779,Deportes,187554,Tarjeta crédito,Sitio web,iOS,Bogotá,6,5,No
TXN-0003587,2024-11-16,-1,Alimentos,38049,Tarjeta débito,App móvil,Android,Bogotá,3,5,No
TXN-0007650,2023-07-18,44553,Moda,155584,Tarjeta crédito,Sitio web,Android,Bogotá,7,5,No
TXN-0004671,2024-08-28,21325,Deportes,252499,Tarjeta débito,Sitio web,iOS,Cartagena,4,5,No
TXN-0003347,2024-06-08,28353,Electrónica,986043,Tarjeta crédito,Sitio web,iOS,Bogotá,3,5,No
TXN-0004215,,-1,Electrónica,922626,Tarjeta crédito,Sitio web,Desktop,Bogotá,7,5,No
TXN-0003517,2023-08-27,12383,Belleza,68677,Contraentrega,App móvil,Android,Bogotá,7,5,No
TXN-0000787,2024-10-02,36210,Electrónica,808445,Tarjeta crédito,Sitio web,Android,Pereira,4,5,No
TXN-0001227,2023-05-21,25179,Electrónica,592927,Contraentrega,App móvil,Desktop,Medellín,3,5,No
TXN-0007790,2024-10-05,50878,Electrónica,783622,PSE,App móvil,iOS,Cali,1,5,No
TXN-0002577,2022-10-23,44353,Hogar,168708,Tarjeta crédito,Sitio web,Desktop,Manizales,4,5,No
TXN-0006235,2023-01-10,13625,Electrónica,531452,Tarjeta crédito,App móvil,Android,Medellín,5,5,No
TXN-0000110,2024-06-23,58040,Belleza,62356,Tarjeta crédito,Sitio web,Android,Pereira,5,5,No
TXN-0007328,2022-02-22,30833,Electrónica,715141,Tarjeta crédito,App móvil,Desktop,Bucaramanga,3,5,No
TXN-0004880,2022-04-26,29836,Deportes,90907,Tarjeta débito,App móvil,Android,Bogotá,7,5,No
TXN-0006048,2024-01-26,11092,Electrónica,572226,PSE,Sitio web,Desktop,Bogotá,4,5,Sí
TXN-0006853,2023-06-06,20324,Tecnología,640861,Billetera digital,App móvil,Android,Bogotá,3,5,No
TXN-0006546,2023-03-28,30680,Hogar,150034,Billetera digital,Sitio web,Android,Bogotá,6,5,No
TXN-0002207,2022-09-03,42385,Moda,90193,Tarjeta débito,App móvil,Desktop,Bogotá,8,3,No
TXN-0006590,,15394,Moda,84628,Tarjeta débito,App móvil,iOS,Bogotá,6,5,No
TXN-0000557,2023-05-02,53354,Moda,147376,Tarjeta débito,App móvil,Android,Medellín,2,5,No
TXN-0002620,2024-01-17,15346,Juguetes,102815,Tarjeta débito,Sitio web,iOS,Barranquilla,2,5,No
TXN-0007685,2023-01-11,32433,Electrónica,466554,Tarjeta crédito,Sitio web,iOS,Pereira,6,5,No
TXN-IMPUTADO-0209,2022-05-24,33713,Moda,120217,Tarjeta crédito,Sitio web,Desktop,Barranquilla,3,5,No
TXN-0001102,2022-07-24,22553,Moda,104432,Tarjeta débito,App móvil,Android,Medellín,5,5,No
TXN-0004311,2024-05-12,19187,Deportes,277871,Tarjeta débito,Sitio web,Desktop,Bogotá,8,5,No
TXN-0004875,2023-01-24,39380,Electrónica,686704,Contraentrega,App móvil,Desktop,Bogotá,1,5,No
TXN-IMPUTADO-0210,2022-10-27,37010,Libros,56912,Contraentrega,App móvil,iOS,Bogotá,5,5,No
TXN-0002241,2022-05-21,28400,Mascotas,93269,Tarjeta crédito,Sitio web,Android,Bucaramanga,3,5,No
TXN-0000310,2022-11-26,16543,Juguetes,48275,PSE,Sitio web,iOS,Cali,4,5,No
TXN-0001161,2022-09-05,51285,Hogar,169909,Tarjeta crédito,Sitio web,Android,Bucaramanga,2,5,No
TXN-0007414,2023-08-27,15636,Belleza,81477,Tarjeta crédito,App móvil,iOS,Bucaramanga,5,5,No
TXN-0004315,2023-11-01,52898,Juguetes,123355,Tarjeta débito,App móvil,iOS,Medellín,3,5,No
TXN-0003709,2022-02-20,23629,Tecnología,602273,Tarjeta crédito,Sitio web,Android,Manizales,6,5,No
TXN-0004525,2024-09-16,49420,Hogar,245375,Contraentrega,App móvil,Android,Medellín,3,5,No
TXN-0007539,2023-03-08,53329,Alimentos,51688,Billetera digital,App móvil,Desktop,Medellín,3,5,No
TXN-0000713,,45866,Electrónica,411974,Tarjeta débito,App móvil,Desktop,Medellín,5,5,No
TXN-0004528,,38364,Electrónica,836674,Tarjeta crédito,App móvil,Android,Bucaramanga,5,5,No
TXN-0004433,2023-01-19,40371,Electrónica,1297396,PSE,Sitio web,Android,Bogotá,4,5,No
TXN-0003921,2023-06-07,57447,Hogar,103196,Tarjeta crédito,App móvil,iOS,Bucaramanga,4,5,No
TXN-0004105,2023-05-28,48570,Moda,162101,Contraentrega,App móvil,Android,Barranquilla,1,5,No
TXN-0007443,2022-02-04,31885,Juguetes,55660,PSE,App móvil,Android,Bogotá,4,5,No
TXN-0005758,2022-06-29,26730,Moda,29809,Contraentrega,Sitio web,Android,Bogotá,2,5,No
TXN-0001221,2023-02-26,55897,Deportes,166817,Tarjeta crédito,App móvil,Android,Barranquilla,3,5,No
TXN-IMPUTADO-0211,2024-02-15,40686,Alimentos,68875,Tarjeta crédito,Sitio web,Android,Medellín,1,5,No
TXN-0000573,2024-03-28,17135,Tecnología,734346,Tarjeta débito,App móvil,Desconocido,Bucaramanga,9,4,No
TXN-0004692,2024-04-24,11975,Mascotas,69758,PSE,App móvil,iOS,Manizales,1,5,No
TXN-0004028,2023-09-22,50555,Hogar,57154,Tarjeta crédito,Sitio web,Desktop,Ibagué,5,5,No
TXN-0007144,2023-01-30,45610,Hogar,171470,PSE,Sitio web,iOS,Medellín,6,5,No
TXN-0001472,2024-07-24,47663,Moda,31107,PSE,Sitio web,Android,Medellín,4,5,No
TXN-0000365,2022-03-15,54249,Tecnología,941936,Billetera digital,App móvil,iOS,Manizales,3,5,No
TXN-0007271,2023-07-06,10429,Hogar,236353,PSE,App móvil,Android,Medellín,1,5,No
TXN-0007706,2024-10-28,32455,Electrónica,652540,Tarjeta crédito,App móvil,Android,Cúcuta,6,5,No
TXN-0000517,2022-07-11,43312,Deportes,221408,Tarjeta débito,App móvil,iOS,Medellín,3,5,No
TXN-0001588,2022-02-13,42874,Moda,191411,PSE,App móvil,Android,Barranquilla,5,5,No
TXN-0007133,2024-10-21,53455,Hogar,158586,Tarjeta crédito,Sitio web,iOS,Medellín,4,5,No
TXN-0002016,2024-11-13,48746,Alimentos,22639,Tarjeta crédito,App móvil,iOS,Cali,5,5,No
TXN-0002807,2022-02-12,37410,Electrónica,504466,Tarjeta débito,App móvil,Android,Bogotá,3,5,No
TXN-0006417,2023-03-20,12096,Belleza,42810,Tarjeta débito,App móvil,iOS,Cali,7,5,No
TXN-0007293,2023-09-14,22191,Moda,44737,Contraentrega,Sitio web,iOS,Bogotá,3,5,No
TXN-0001663,2023-04-29,22173,Electrónica,899305,Tarjeta crédito,App móvil,Android,Manizales,6,5,No
TXN-0002188,2022-09-30,12427,Tecnología,316251,Tarjeta débito,App móvil,Android,Bucaramanga,1,5,No
TXN-0005970,2023-01-22,28083,Hogar,250613,Tarjeta débito,App móvil,iOS,Barranquilla,5,5,No
TXN-0005313,2022-07-20,45204,Tecnología,1003225,Tarjeta débito,Sitio web,Android,Medellín,3,5,No
TXN-0003940,2022-01-23,53395,Libros,42665,Tarjeta crédito,Sitio web,iOS,Cali,4,5,No
TXN-0003315,2024-03-23,13709,Belleza,51735,Tarjeta débito,App móvil,Desconocido,Cartagena,4,5,No
TXN-0005902,2024-06-20,57278,Alimentos,29822,PSE,Sitio web,Android,Cali,4,5,No
TXN-0005429,2022-07-10,28966,Juguetes,5000,Tarjeta débito,App móvil,iOS,Cartagena,5,5,No
TXN-0002834,2023-09-14,20370,Moda,93377,PSE,App móvil,Android,Bogotá,6,5,No
TXN-0000675,2023-03-20,48944,Hogar,223876,Contraentrega,Sitio web,Desktop,Pereira,7,5,No
TXN-0000820,2023-09-01,13897,Libros,71819,Tarjeta crédito,Sitio web,Android,Bogotá,5,5,No
TXN-0003872,2023-04-17,13400,Tecnología,935736,Tarjeta crédito,Sitio web,Android,Bucaramanga,6,5,No
TXN-0000432,2023-06-02,24596,Deportes,150571,Contraentrega,App móvil,Android,Manizales,2,5,No
TXN-0007731,2024-09-26,11344,Belleza,161807,Tarjeta crédito,App móvil,Desktop,Bucaramanga,2,5,No
TXN-0002730,2024-12-22,16065,Electrónica,1025986,Tarjeta débito,App móvil,Android,Bogotá,6,5,No
TXN-0005165,2023-06-19,35929,Alimentos,34918,Billetera digital,App móvil,Desktop,Barranquilla,2,5,No
TXN-0005870,2024-07-17,55259,Tecnología,362763,Tarjeta crédito,App móvil,Desktop,Bogotá,3,5,No
TXN-0006927,2022-08-25,31959,Tecnología,1503809,Tarjeta débito,Sitio web,Android,Bogotá,3,5,No
TXN-0000314,2022-05-15,55544,Alimentos,51500,Contraentrega,App móvil,Android,Pereira,4,5,No
TXN-0007050,2024-02-20,32587,Alimentos,63197,Tarjeta débito,Sitio web,Android,Bucaramanga,4,5,No
TXN-0006611,2024-06-15,49345,Belleza,99677,PSE,App móvil,Android,Cali,8,4,No
TXN-0002989,2023-02-03,24359,Tecnología,1345477,Billetera digital,Sitio web,iOS,Bogotá,10,3,No
TXN-0000827,2024-11-22,40778,Hogar,172006,Tarjeta débito,App móvil,iOS,Ibagué,4,5,No
TXN-0003746,2022-07-06,56474,Juguetes,111145,Contraentrega,App móvil,Android,Bogotá,4,5,No
TXN-0000061,2022-07-21,27448,Deportes,186061,Contraentrega,App móvil,Android,Cali,2,5,No
TXN-0007277,2022-09-04,15054,Moda,101465,Contraentrega,App móvil,Desktop,Medellín,4,5,No
TXN-0006059,2024-04-09,23398,Mascotas,70506,Tarjeta débito,Sitio web,Android,Bucaramanga,3,5,No
TXN-0000683,2023-01-11,16984,Alimentos,19369,PSE,App móvil,Desktop,Ibagué,3,5,No
TXN-0002782,2024-03-05,11685,Moda,106796,Billetera digital,App móvil,Android,Medellín,3,5,No
TXN-0007652,2024-05-12,20382,Hogar,296140,Billetera digital,Sitio web,Android,Cali,2,5,No
TXN-0002325,2022-09-07,59352,Deportes,125764,Contraentrega,App móvil,iOS,Barranquilla,3,5,No
TXN-0003485,2022-05-29,21964,Hogar,193707,Tarjeta débito,Sitio web,iOS,Manizales,1,5,No
TXN-0006004,2024-12-28,32126,Belleza,56100,Tarjeta débito,App móvil,Android,Cali,5,5,No
TXN-0000300,,55138,Alimentos,59123,Tarjeta crédito,App móvil,Android,Bogotá,6,5,No
TXN-0006387,2024-08-04,49307,Tecnología,1255871,Contraentrega,Sitio web,Android,Cartagena,4,5,No
TXN-0002769,2023-01-06,51231,Tecnología,758108,Tarjeta débito,Sitio web,Desktop,Medellín,5,5,No
TXN-0001153,2024-05-26,39328,Hogar,214157,Tarjeta débito,Sitio web,Desconocido,Bogotá,5,5,No
TXN-0000890,2022-06-15,11926,Alimentos,41572,Contraentrega,App móvil,Android,Barranquilla,2,5,No
TXN-0005041,2022-09-04,57724,Alimentos,48375,Tarjeta débito,App móvil,Desktop,Bogotá,4,5,No
TXN-0002057,2024-11-01,-1,Moda,144389,Tarjeta débito,App móvil,Android,Cartagena,8,3,No
TXN-0001336,2022-02-14,39123,Electrónica,548842,Tarjeta débito,App móvil,Desktop,Ibagué,3,5,No
TXN-0005958,2022-08-28,56209,Moda,194723,Tarjeta crédito,App móvil,Android,Bucaramanga,2,5,No
TXN-0000645,2023-06-10,15116,Belleza,85768,Tarjeta crédito,App móvil,Android,Cúcuta,3,5,No
TXN-0002322,2023-06-24,52075,Tecnología,586775,Tarjeta débito,App móvil,Android,Bogotá,4,5,No
TXN-0005983,2023-10-26,23662,Tecnología,1245219,Billetera digital,App móvil,Android,Barranquilla,6,5,No
TXN-0000527,2023-02-10,36969,Libros,56949,Tarjeta crédito,Sitio web,Android,Ibagué,3,5,No
TXN-0004603,2023-09-25,17522,Belleza,118644,PSE,Sitio web,iOS,Barranquilla,5,5,No
TXN-0005327,2024-07-05,38357,Juguetes,27459,Contraentrega,App móvil,Desktop,Bogotá,6,5,No
TXN-0002950,2024-10-30,42662,Juguetes,125682,PSE,Sitio web,Android,Bogotá,3,5,No
TXN-0006147,2024-07-24,45944,Belleza,47167,PSE,App móvil,Android,Bucaramanga,3,5,No
TXN-0004813,2022-08-09,27324,Moda,98772,PSE,Sitio web,Android,Cali,2,5,No
TXN-0006120,2022-09-02,36633,Moda,153616,Tarjeta débito,App móvil,Android,Medellín,5,5,No
TXN-0005938,2022-06-06,-1,Deportes,60104,PSE,App móvil,Desktop,Cali,7,5,No
TXN-0006415,,28857,Hogar,118682,Tarjeta crédito,Sitio web,Desktop,Cali,5,5,No
TXN-0005113,2022-06-03,59711,Mascotas,69644,PSE,App móvil,Desktop,Bogotá,5,5,No
TXN-0006065,2023-02-17,39425,Juguetes,84439,Tarjeta débito,Sitio web,Desconocido,Medellín,8,3,No
TXN-0002733,2024-08-30,17811,Electrónica,298786,Billetera digital,App móvil,Desktop,Ibagué,6,5,No
TXN-0004004,2024-11-15,18286,Alimentos,25559,Contraentrega,App móvil,iOS,Manizales,4,5,No
TXN-0000055,2024-02-25,59321,Libros,25773,Tarjeta débito,Sitio web,Desktop,Bogotá,3,5,No
TXN-0007421,2022-11-30,52695,Moda,32907,Contraentrega,Sitio web,iOS,Bogotá,8,4,No
TXN-0006685,2024-05-21,27336,Tecnología,753681,Contraentrega,App móvil,iOS,Ibagué,2,5,No
TXN-0000050,2023-04-06,17903,Belleza,9252,Tarjeta crédito,App móvil,iOS,Bogotá,8,3,No
TXN-0000767,2022-12-21,17175,Hogar,139091,Tarjeta crédito,Sitio web,iOS,Medellín,2,5,No
TXN-0007326,2023-01-23,39567,Moda,131395,PSE,App móvil,Desktop,Cali,6,5,No
TXN-0003037,2022-05-01,32299,Moda,140164,Tarjeta débito,Sitio web,iOS,Cali,4,5,No
TXN-0006334,2024-05-13,17207,Hogar,136198,Contraentrega,App móvil,iOS,Bogotá,4,5,No
TXN-0002157,2024-05-28,44280,Hogar,169223,Billetera digital,App móvil,Android,Cúcuta,4,5,No
TXN-0006682,2024-07-29,50161,Belleza,8927,Tarjeta débito,App móvil,iOS,Medellín,4,5,No
TXN-0004906,2022-12-03,46056,Hogar,72342,PSE,App móvil,Android,Cartagena,5,5,No
TXN-IMPUTADO-0212,2022-03-11,45846,Electrónica,464025,Tarjeta crédito,Sitio web,iOS,Manizales,6,5,No
TXN-0007336,2022-04-14,36791,Moda,89788,Tarjeta crédito,Sitio web,iOS,Medellín,4,5,No
TXN-0003623,2022-01-10,55594,Moda,102323,Tarjeta débito,Sitio web,Android,Bogotá,1,5,No
TXN-0002071,2023-06-12,-1,Tecnología,1418895,Tarjeta crédito,Sitio web,Desktop,Bucaramanga,6,5,No
TXN-0007112,2023-08-08,47974,Electrónica,738297,PSE,Sitio web,Desktop,Bucaramanga,5,5,No
TXN-0000377,2023-04-06,-1,Electrónica,811076,Tarjeta débito,Sitio web,Android,Bucaramanga,1,5,No
TXN-0000737,2023-07-08,33487,Moda,111482,Tarjeta débito,App móvil,iOS,Medellín,5,5,No
TXN-0007485,2023-07-14,55641,Mascotas,40512,Billetera digital,App móvil,Android,Bogotá,6,5,No
TXN-0000595,2023-02-01,27906,Electrónica,788958,Tarjeta débito,App móvil,Android,Cali,3,5,No
TXN-0000349,2022-07-19,23096,Hogar,327870,Contraentrega,Sitio web,Android,Bogotá,5,5,No
TXN-0002254,2024-07-16,42149,Electrónica,335266,PSE,Sitio web,iOS,Cartagena,3,5,No
TXN-0004190,2024-08-11,33802,Moda,143403,Tarjeta crédito,App móvil,iOS,Barranquilla,5,5,No
TXN-0002856,2024-05-22,39343,Hogar,216586,Tarjeta débito,Sitio web,iOS,Medellín,4,5,No
TXN-0001249,2023-05-31,55829,Deportes,145278,Tarjeta crédito,Sitio web,Android,Manizales,2,5,No
TXN-0007789,2024-07-18,56222,Hogar,17890,PSE,Sitio web,Android,Cali,8,5,No
TXN-0007917,2023-10-25,34804,Belleza,103330,Tarjeta crédito,App móvil,Desktop,Bucaramanga,2,5,No
TXN-IMPUTADO-0213,2024-05-24,23501,Moda,121304,Tarjeta débito,Sitio web,Android,Manizales,4,5,No
TXN-0007221,2024-05-07,19380,Deportes,163376,Tarjeta débito,Sitio web,Desktop,Cartagena,3,5,No
TXN-0006917,2022-02-27,36752,Juguetes,5000,Tarjeta crédito,App móvil,Desktop,Medellín,3,5,No
TXN-0001300,2022-11-17,46954,Alimentos,50747,PSE,App móvil,Android,Cali,5,5,No
TXN-0004035,2022-12-23,44390,Alimentos,70548,Billetera digital,App móvil,Android,Bucaramanga,3,5,No
TXN-0005778,2024-11-17,41468,Deportes,156783,Billetera digital,Sitio web,Android,Bogotá,4,5,No
TXN-0004096,2024-07-21,46839,Alimentos,65282,Billetera digital,App móvil,iOS,Bogotá,5,5,Sí
TXN-0006591,2024-01-29,46810,Tecnología,895283,Tarjeta crédito,Sitio web,Android,Bogotá,1,5,No
TXN-0005697,2024-12-18,45063,Electrónica,1137176,PSE,App móvil,Android,Bogotá,8,5,No
TXN-0004232,2023-11-02,23493,Moda,60918,Tarjeta débito,App móvil,Android,Bogotá,6,5,No
TXN-0006712,2023-11-16,31360,Hogar,98707,Tarjeta débito,App móvil,Android,Bucaramanga,3,5,No
TXN-0004621,2022-12-23,25901,Moda,95794,Tarjeta crédito,Sitio web,iOS,Pereira,1,5,Sí
TXN-0000936,2023-03-24,34595,Electrónica,762649,Contraentrega,App móvil,iOS,Bogotá,7,5,No
TXN-0001715,2023-05-17,16272,Moda,161806,Tarjeta crédito,App móvil,Desktop,Bucaramanga,4,5,No
TXN-0002305,2023-01-08,59064,Moda,151923,Tarjeta débito,Sitio web,iOS,Medellín,2,5,No
TXN-0007403,2022-01-24,32311,Alimentos,39073,Tarjeta débito,App móvil,Android,Barranquilla,3,5,No
TXN-0003148,2024-05-30,25644,Electrónica,698937,Tarjeta débito,App móvil,Android,Medellín,8,3,No
TXN-0007513,2022-11-05,56884,Juguetes,52782,Contraentrega,Sitio web,Android,Bucaramanga,6,5,No
TXN-0004874,2023-01-26,14301,Juguetes,109260,Contraentrega,App móvil,Android,Barranquilla,2,5,No
TXN-0005231,2023-06-04,-1,Electrónica,516101,Tarjeta débito,App móvil,Android,Cali,6,5,No
TXN-0003053,2023-11-15,55472,Electrónica,763659,Contraentrega,Sitio web,iOS,Cali,2,5,No
TXN-0005775,2023-08-05,24126,Moda,227137,Contraentrega,App móvil,Desconocido,Cali,6,5,No
TXN-0002447,2022-08-02,49516,Libros,49734,Billetera digital,App móvil,iOS,Bogotá,3,5,No
TXN-0005761,2024-10-09,48384,Hogar,98856,Contraentrega,Sitio web,iOS,Pereira,7,5,No
TXN-IMPUTADO-0214,2022-07-03,51272,Alimentos,33252,Tarjeta crédito,App móvil,Android,Cúcuta,1,5,No
TXN-0004657,2022-12-14,22239,Deportes,176067,Contraentrega,App móvil,iOS,Barranquilla,1,5,No
TXN-0007095,2022-10-29,27192,Alimentos,21541,PSE,Sitio web,Android,Medellín,6,5,No
TXN-0000654,2022-01-19,56281,Electrónica,531291,Contraentrega,App móvil,iOS,Cali,4,5,No
TXN-0006744,2024-01-13,17416,Moda,155121,Tarjeta débito,App móvil,Android,Cali,6,5,No
TXN-0006528,,20547,Electrónica,863597,Tarjeta crédito,App móvil,Android,Medellín,3,5,No
TXN-0003004,2024-05-06,54560,Electrónica,1087460,PSE,Sitio web,Desktop,Bucaramanga,3,5,No
TXN-0005367,2023-07-25,27396,Belleza,21161,PSE,Sitio web,Android,Barranquilla,5,5,No
TXN-0004314,2024-07-02,25643,Juguetes,92172,Billetera digital,App móvil,Android,Bucaramanga,3,5,No
TXN-IMPUTADO-0215,2022-01-06,48252,Hogar,199563,Tarjeta débito,App móvil,iOS,Bucaramanga,5,5,No
TXN-0006614,2022-07-01,52926,Moda,30249,PSE,Sitio web,Android,Bucaramanga,8,4,No
TXN-0005975,2022-05-06,50348,Moda,127538,PSE,App móvil,iOS,Cali,2,5,No
TXN-0005083,2022-04-30,13560,Deportes,180933,Tarjeta débito,App móvil,iOS,Cúcuta,4,5,No
TXN-0006482,2022-06-30,58186,Alimentos,49609,Tarjeta débito,App móvil,Android,Manizales,5,5,No
TXN-0002858,2023-03-13,12118,Moda,122332,Contraentrega,App móvil,Android,Bucaramanga,4,5,No
TXN-0001040,2022-01-31,59082,Electrónica,425228,Contraentrega,Sitio web,Desktop,Manizales,1,5,No
TXN-IMPUTADO-0216,2023-12-07,56413,Alimentos,44036,Billetera digital,Sitio web,iOS,Bogotá,6,5,No
TXN-0000848,2022-06-29,46020,Belleza,122025,Contraentrega,App móvil,Android,Cali,4,5,No
TXN-0001150,2024-03-13,31860,Moda,92064,Contraentrega,Sitio web,Android,Bucaramanga,4,5,No
TXN-0003912,2023-07-17,17101,Electrónica,674823,Contraentrega,App móvil,Android,Barranquilla,6,5,No
TXN-0002993,2024-02-01,29101,Moda,167260,PSE,App móvil,iOS,Medellín,2,5,No
TXN-0004121,2022-08-30,39484,Deportes,203640,PSE,Sitio web,Desktop,Bogotá,3,5,No
TXN-0002632,2022-09-30,44598,Hogar,244808,Tarjeta débito,App móvil,Android,Barranquilla,4,5,No
TXN-0006536,2022-05-01,39905,Juguetes,101058,Tarjeta crédito,App móvil,Desktop,Manizales,7,5,No
TXN-0002391,2022-07-09,57038,Hogar,143489,Tarjeta débito,App móvil,Desktop,Pereira,5,5,No
TXN-0005901,2023-04-17,32352,Juguetes,78433,Contraentrega,App móvil,Android,Medellín,3,5,No
TXN-0001890,2023-02-10,39920,Tecnología,732769,Tarjeta crédito,App móvil,Android,Bogotá,2,5,No
TXN-0001528,2024-08-01,37454,Belleza,32515,PSE,App móvil,iOS,Bogotá,5,5,No
TXN-0006551,,46462,Juguetes,88425,PSE,App móvil,Desktop,Barranquilla,4,5,No
TXN-0003869,2024-02-18,15767,Electrónica,1115948,Tarjeta crédito,Sitio web,Android,Bogotá,1,5,No
TXN-0002204,2023-10-25,49312,Juguetes,110186,Tarjeta débito,App móvil,iOS,Bucaramanga,6,5,No
TXN-0007970,2024-09-25,38571,Deportes,221247,Contraentrega,App móvil,Desktop,Barranquilla,6,5,No
TXN-0007019,2023-11-23,41415,Belleza,104346,Tarjeta débito,Sitio web,Desktop,Barranquilla,6,5,No
TXN-0006439,2022-05-17,20498,Juguetes,96201,Tarjeta crédito,Sitio web,Android,Pereira,5,5,No
TXN-0001023,2023-05-19,19775,Moda,200018,Contraentrega,App móvil,Android,Bogotá,1,5,No
TXN-0000873,2024-06-04,20293,Moda,150107,Billetera digital,Sitio web,Android,Bogotá,7,5,No
TXN-0001567,2022-05-26,55579,Tecnología,433951,Billetera digital,App móvil,Android,Ibagué,4,5,No
TXN-0006774,2022-02-25,51416,Electrónica,412412,Tarjeta débito,App móvil,Desktop,Bogotá,4,5,No
TXN-0006696,2023-10-13,14005,Hogar,57290,PSE,App móvil,Android,Medellín,6,5,No
TXN-0000226,2022-04-14,31890,Moda,116939,Tarjeta crédito,Sitio web,Android,Bogotá,7,5,No
TXN-0003779,2024-12-16,54928,Electrónica,497120,Tarjeta crédito,App móvil,iOS,Medellín,2,5,No
TXN-0006119,2022-09-19,41748,Moda,104350,Tarjeta crédito,App móvil,Android,Bogotá,7,5,No
TXN-0005566,2022-08-04,28482,Juguetes,52299,PSE,Sitio web,Android,Cali,5,5,No
TXN-0005558,,30530,Tecnología,1152545,Tarjeta crédito,Sitio web,Android,Bucaramanga,6,5,No
TXN-0005153,2022-05-28,32312,Deportes,157658,Tarjeta crédito,App móvil,Desktop,Bucaramanga,3,5,No
TXN-0002929,2024-09-10,39673,Hogar,189310,Tarjeta crédito,App móvil,Android,Cali,3,5,No
TXN-0007544,2024-07-02,37761,Belleza,68772,PSE,App móvil,iOS,Pereira,5,5,No
TXN-0004622,2022-11-18,53718,Belleza,66016,Tarjeta crédito,App móvil,Android,Bucaramanga,4,5,Sí
TXN-0001789,2024-07-23,49270,Libros,88776,Tarjeta crédito,Sitio web,Android,Cartagena,4,5,No
TXN-0006324,2022-06-17,49588,Moda,137856,Tarjeta débito,App móvil,Android,Bogotá,2,5,No
TXN-0000948,2022-12-24,43024,Tecnología,193604,Contraentrega,App móvil,Android,Medellín,4,5,No
TXN-0007270,2022-07-30,12002,Hogar,201425,PSE,Sitio web,iOS,Cali,6,5,No
TXN-0003702,2022-04-25,56736,Juguetes,5000,Billetera digital,App móvil,Desktop,Medellín,8,5,No
TXN-0003136,2022-03-06,22312,Hogar,207450,Tarjeta débito,App móvil,Android,Barranquilla,6,5,No
TXN-0001909,2022-06-12,59851,Belleza,79253,Billetera digital,Sitio web,Desktop,Cali,3,5,No
TXN-0006155,,20994,Hogar,56981,Tarjeta débito,App móvil,Android,Bogotá,4,5,No
TXN-0004451,2022-11-17,17974,Electrónica,517683,PSE,App móvil,Android,Cali,5,5,No
TXN-0000068,2023-07-18,24839,Moda,151144,PSE,App móvil,iOS,Barranquilla,5,5,No
TXN-0001698,2024-09-14,47784,Moda,134196,Tarjeta crédito,Sitio web,Desktop,Bucaramanga,6,5,Sí
TXN-0000722,2023-12-22,53813,Hogar,198487,Contraentrega,App móvil,Android,Medellín,4,5,No
TXN-0004242,2022-10-18,44069,Electrónica,956939,Contraentrega,App móvil,iOS,Cali,5,5,No
TXN-0003093,2022-12-01,12693,Alimentos,55546,PSE,App móvil,Desktop,Cúcuta,2,5,No
TXN-0004512,2023-11-27,57676,Electrónica,854852,Tarjeta crédito,App móvil,Android,Bogotá,2,5,No
TXN-0006537,2023-03-09,45752,Deportes,180654,Tarjeta crédito,App móvil,iOS,Bogotá,3,5,No
TXN-0005627,2024-11-13,22479,Juguetes,87822,PSE,App móvil,Android,Barranquilla,4,5,Sí
TXN-0002572,2024-09-16,48859,Belleza,93159,Tarjeta crédito,App móvil,Android,Bogotá,1,5,No
TXN-0003070,2022-09-22,50220,Mascotas,75427,Tarjeta crédito,App móvil,Android,Pereira,6,5,No
TXN-0000172,2024-11-01,22238,Juguetes,124089,PSE,App móvil,iOS,Medellín,5,5,No
TXN-0006582,2024-11-17,57419,Mascotas,60590,Tarjeta crédito,Sitio web,iOS,Bogotá,5,5,No
TXN-0003677,2024-02-25,58353,Electrónica,566503,Tarjeta crédito,App móvil,Desktop,Bucaramanga,5,5,No
TXN-0004823,2023-04-13,44870,Belleza,80634,Tarjeta débito,Sitio web,Desktop,Bogotá,6,5,No
TXN-0001896,2023-12-20,13506,Deportes,80684,Tarjeta crédito,App móvil,iOS,Pereira,7,5,No
TXN-0000056,2022-03-15,12489,Moda,95169,Contraentrega,App móvil,Android,Bogotá,5,5,No
TXN-0004235,2022-07-13,56561,Tecnología,988722,Tarjeta crédito,App móvil,Android,Bogotá,1,5,No
TXN-0007673,2022-05-05,-1,Hogar,208256,Tarjeta débito,Sitio web,Android,Medellín,4,5,No
TXN-0006340,2022-02-18,52674,Alimentos,59121,Tarjeta crédito,Sitio web,iOS,Bogotá,2,5,No
TXN-0002857,2023-04-29,14808,Moda,122965,Tarjeta crédito,Sitio web,Desktop,Bogotá,1,5,No
TXN-0000450,2024-11-25,14896,Electrónica,1334760,Tarjeta crédito,App móvil,Android,Medellín,6,5,No
TXN-0001998,2022-12-28,57138,Electrónica,797531,Contraentrega,Sitio web,Android,Pereira,4,5,No
TXN-0002595,2023-02-13,59514,Deportes,277614,Tarjeta débito,Sitio web,iOS,Barranquilla,6,5,No
TXN-0003398,2023-06-24,54948,Tecnología,1325950,Tarjeta débito,App móvil,Android,Barranquilla,2,5,No
TXN-0000989,2024-02-24,25553,Belleza,150545,Tarjeta débito,App móvil,Android,Bucaramanga,3,5,No
TXN-0000970,2024-08-12,42452,Juguetes,130104,Tarjeta crédito,App móvil,Android,Cali,1,5,Sí
TXN-0000137,2024-08-21,51829,Belleza,153013,Tarjeta débito,App móvil,Android,Cartagena,3,5,No
TXN-0006583,2024-04-29,23394,Moda,138995,Tarjeta crédito,App móvil,iOS,Barranquilla,6,5,No
TXN-0001897,2022-06-07,58328,Tecnología,1078255,Tarjeta crédito,App móvil,Android,Cali,9,4,No
TXN-0000175,2024-09-05,38949,Alimentos,55497,Contraentrega,App móvil,Android,Cali,4,5,No
TXN-0002303,2022-08-23,39345,Juguetes,78368,Tarjeta crédito,Sitio web,Desktop,Bogotá,1,5,No
TXN-0003206,2024-09-30,33786,Hogar,216818,PSE,Sitio web,iOS,Cali,3,5,No
TXN-0006062,2022-05-25,52863,Juguetes,100477,PSE,Sitio web,Android,Barranquilla,8,3,No
TXN-0004482,2024-02-18,41300,Deportes,276614,Tarjeta débito,App móvil,Desktop,Bogotá,4,5,No
TXN-0005821,2023-05-09,12230,Libros,37260,Tarjeta débito,App móvil,iOS,Cali,6,5,No
TXN-0007726,2024-04-11,39370,Moda,105980,Tarjeta débito,App móvil,Desktop,Medellín,3,5,No
TXN-0000445,2022-07-27,57547,Belleza,17550,Tarjeta débito,Sitio web,iOS,Ibagué,3,5,No
TXN-0005198,2024-03-13,33428,Libros,46476,Tarjeta débito,Sitio web,iOS,Bucaramanga,2,5,No
TXN-0005155,2024-06-14,58951,Electrónica,849017,PSE,Sitio web,Android,Medellín,6,5,No
TXN-0006856,2024-03-02,51356,Alimentos,28667,PSE,Sitio web,iOS,Bogotá,4,5,No
TXN-0001828,2024-02-25,14931,Deportes,234489,Contraentrega,Sitio web,iOS,Barranquilla,5,5,No
TXN-0002886,2024-09-12,43753,Electrónica,813825,PSE,App móvil,Android,Manizales,6,5,No
TXN-0004781,2022-10-30,58921,Electrónica,1038050,Tarjeta crédito,App móvil,Android,Barranquilla,2,5,No
TXN-0005980,2023-05-07,57311,Juguetes,101395,Tarjeta crédito,App móvil,Android,Bogotá,3,5,No
TXN-0005386,2023-12-11,19875,Moda,88621,PSE,App móvil,iOS,Bogotá,2,5,No
TXN-0001582,2022-11-04,47014,Juguetes,68025,Tarjeta débito,App móvil,Desktop,Bogotá,4,5,No
TXN-0000090,2022-01-08,55381,Alimentos,45242,Tarjeta crédito,App móvil,Android,Bogotá,4,5,No
TXN-0000795,2023-10-15,17901,Deportes,117336,Tarjeta débito,Sitio web,Android,Cali,6,5,No
TXN-0007079,2023-12-08,40060,Belleza,138245,Tarjeta débito,Sitio web,Desconocido,Cali,3,5,No
TXN-0005402,2023-08-31,40927,Electrónica,628455,Contraentrega,Sitio web,Android,Barranquilla,3,5,No
TXN-0006197,2023-04-24,59799,Deportes,143494,Tarjeta débito,App móvil,iOS,Cali,3,5,No
TXN-0002049,2024-02-19,54676,Hogar,68303,Billetera digital,Sitio web,Desktop,Cúcuta,6,5,No
TXN-0002178,2022-04-20,36143,Moda,212151,Tarjeta débito,App móvil,Android,Manizales,1,5,No
TXN-0006967,2024-09-14,38578,Deportes,129631,Tarjeta crédito,Sitio web,iOS,Medellín,6,5,No
TXN-0006758,2024-08-08,45359,Hogar,223480,Tarjeta débito,Sitio web,Desktop,Manizales,5,5,No
TXN-0001030,2022-02-09,26418,Moda,82953,PSE,App móvil,iOS,Manizales,5,5,No
TXN-0003415,2023-08-12,19222,Alimentos,26286,Tarjeta débito,App móvil,Android,Bogotá,5,5,No
TXN-0003954,2022-08-14,45842,Alimentos,16388,Tarjeta crédito,App móvil,Android,Bogotá,5,5,No
TXN-0001330,2024-12-17,34795,Moda,196029,Billetera digital,App móvil,Android,Cúcuta,5,5,No
TXN-0003174,2022-02-09,44855,Electrónica,496242,Tarjeta crédito,Sitio web,Android,Pereira,1,5,No
TXN-0003125,2024-02-04,11039,Electrónica,463292,PSE,Sitio web,Desktop,Barranquilla,5,5,No
TXN-0000040,2023-08-11,34241,Alimentos,82166,PSE,App móvil,Android,Cúcuta,2,5,No
TXN-0005109,2022-08-29,31631,Belleza,62091,Billetera digital,Sitio web,iOS,Bucaramanga,4,5,No
TXN-0000944,2022-06-11,56291,Alimentos,44827,Billetera digital,Sitio web,Desktop,Manizales,8,4,No
TXN-0003601,2022-01-23,10141,Belleza,5000,Contraentrega,Sitio web,Android,Bogotá,3,5,No
TXN-0000666,2024-10-16,54387,Tecnología,908417,Tarjeta crédito,App móvil,Android,Medellín,5,5,No
TXN-0004012,2024-01-16,10466,Tecnología,1013189,PSE,Sitio web,Desktop,Bogotá,5,5,No
TXN-0006123,2022-06-01,-1,Hogar,105941,PSE,App móvil,Desktop,Manizales,3,5,No
TXN-0000453,2023-04-10,20357,Hogar,177147,Tarjeta crédito,App móvil,iOS,Bogotá,3,5,No
TXN-0004877,2023-01-24,48335,Deportes,166843,Billetera digital,Sitio web,Android,Cali,6,5,No
TXN-0001685,2022-01-22,56287,Tecnología,523731,Tarjeta débito,App móvil,Desktop,Medellín,5,5,No
TXN-0001149,2022-09-02,35984,Alimentos,84061,Tarjeta crédito,Sitio web,Desconocido,Medellín,8,4,No
TXN-0004274,2024-12-15,34599,Deportes,142101,Tarjeta débito,App móvil,Android,Cali,3,5,No
TXN-0002185,2022-02-08,48114,Hogar,220446,Tarjeta crédito,App móvil,Android,Barranquilla,1,5,No
TXN-0000337,2022-07-03,26981,Moda,112163,PSE,App móvil,Android,Bogotá,6,5,No
TXN-0006015,2023-10-09,19061,Hogar,175859,PSE,App móvil,iOS,Medellín,3,5,No
TXN-0002167,2024-05-07,56791,Hogar,331482,Tarjeta crédito,Sitio web,Android,Medellín,4,5,No
TXN-0004931,2024-11-13,56156,Deportes,157768,Tarjeta crédito,Sitio web,Android,Medellín,6,5,No
TXN-0005653,2024-06-26,15687,Hogar,265792,Tarjeta crédito,Sitio web,iOS,Medellín,5,5,No
TXN-0007928,2023-04-07,19446,Moda,133236,Billetera digital,App móvil,Android,Bogotá,4,5,No
TXN-0002978,2024-03-04,45947,Hogar,262887,Tarjeta débito,App móvil,Android,Ibagué,3,5,No
TXN-0001601,2022-08-06,-1,Deportes,188912,Billetera digital,App móvil,Desktop,Bogotá,5,5,No
TXN-0001642,2023-12-17,27411,Hogar,68585,PSE,App móvil,iOS,Cúcuta,3,5,No
TXN-0000352,2024-03-01,40117,Mascotas,34443,Tarjeta débito,App móvil,Desktop,Cali,4,5,No
TXN-0000625,2023-07-09,54891,Tecnología,1306029,PSE,App móvil,Android,Bucaramanga,3,5,No
TXN-0006337,2022-05-09,55855,Alimentos,44577,Tarjeta crédito,Sitio web,iOS,Cali,4,5,No
TXN-0006026,2024-07-03,-1,Tecnología,1376717,Tarjeta crédito,App móvil,iOS,Pereira,4,5,No
TXN-0007330,2023-08-20,47235,Libros,45614,Tarjeta crédito,Sitio web,iOS,Bogotá,1,5,No
TXN-0005648,2024-11-09,21174,Moda,194846,Tarjeta crédito,App móvil,Android,Cartagena,9,3,No
TXN-0002184,2024-07-02,31802,Electrónica,717845,Tarjeta crédito,App móvil,Android,Manizales,4,5,No
TXN-IMPUTADO-0217,2024-04-02,25674,Electrónica,883170,PSE,Sitio web,iOS,Cúcuta,7,5,Sí
TXN-0002509,2024-06-22,21333,Tecnología,463585,Tarjeta débito,Sitio web,Android,Bogotá,5,5,No
TXN-0002090,2022-10-16,43386,Juguetes,74421,Contraentrega,App móvil,Android,Bogotá,5,5,Sí
TXN-0004820,2023-12-22,32305,Juguetes,47868,PSE,Sitio web,Desktop,Bogotá,6,5,No
TXN-0004795,,39059,Moda,97296,Tarjeta crédito,App móvil,Android,Cali,6,5,No
TXN-0006781,2022-02-09,-1,Juguetes,74297,PSE,Sitio web,Desktop,Pereira,2,5,Sí
TXN-0000359,2022-05-29,14095,Hogar,74350,Contraentrega,Sitio web,iOS,Pereira,4,5,No
TXN-0007901,2022-01-04,29093,Juguetes,146423,PSE,Sitio web,Android,Cartagena,6,5,No
TXN-0001322,2024-12-04,23025,Electrónica,580905,Tarjeta crédito,Sitio web,Desktop,Cali,3,5,No
TXN-0001614,2022-09-11,55740,Moda,118717,Tarjeta crédito,Sitio web,Android,Pereira,6,5,No
TXN-0006877,2024-12-19,44105,Belleza,39853,Tarjeta débito,App móvil,iOS,Manizales,6,5,No
TXN-0007675,2023-07-29,26237,Moda,180209,Tarjeta crédito,Sitio web,Android,Pereira,1,5,No
TXN-0001857,2024-10-27,53737,Mascotas,19501,Tarjeta débito,App móvil,Android,Barranquilla,2,5,Sí
TXN-0006703,2023-11-11,51409,Hogar,305648,Contraentrega,App móvil,Android,Bucaramanga,4,5,No
TXN-0001526,2022-02-08,23963,Juguetes,116574,Tarjeta crédito,Sitio web,iOS,Bogotá,4,5,No
TXN-0006958,2022-01-04,44318,Hogar,245387,Billetera digital,App móvil,Android,Bucaramanga,2,5,No
TXN-0004715,2022-07-23,59804,Juguetes,133465,Contraentrega,App móvil,iOS,Cali,5,5,No
TXN-0004562,2024-11-15,38383,Mascotas,86543,Tarjeta crédito,App móvil,Android,Bogotá,4,5,No
TXN-0001435,2023-04-13,14126,Electrónica,627579,Tarjeta débito,App móvil,Desconocido,Manizales,2,5,Sí
TXN-0007638,2024-02-10,31618,Hogar,195681,Tarjeta crédito,App móvil,Android,Medellín,5,5,No
TXN-0007833,2024-02-18,38793,Juguetes,115075,Tarjeta crédito,App móvil,Desktop,Bogotá,5,5,No
TXN-0007712,2023-01-19,23561,Juguetes,107536,Contraentrega,App móvil,Android,Bogotá,5,5,No
TXN-0001420,2024-11-18,50468,Juguetes,37321,Billetera digital,Sitio web,Android,Pereira,4,5,Sí
TXN-0007355,2023-10-14,33914,Belleza,67469,Contraentrega,App móvil,iOS,Bucaramanga,8,3,No
TXN-0001703,2022-01-12,27507,Mascotas,80216,Billetera digital,App móvil,Android,Bogotá,1,5,No
TXN-0006224,2023-09-30,30499,Electrónica,654915,Tarjeta débito,App móvil,Android,Bogotá,3,5,No
TXN-0006084,2024-06-19,23526,Moda,63102,PSE,App móvil,Android,Medellín,2,5,No
TXN-0002650,2024-08-14,53055,Deportes,56408,Billetera digital,App móvil,Android,Cúcuta,4,5,No
TXN-0003759,2022-08-04,57959,Belleza,124965,Tarjeta crédito,App móvil,Android,Pereira,3,5,No
TXN-0004588,2024-01-12,25428,Moda,152963,Tarjeta crédito,App móvil,Android,Medellín,3,5,No
TXN-0000777,2023-08-05,52958,Moda,129332,Tarjeta crédito,App móvil,Android,Bogotá,4,5,No
TXN-0002576,2022-09-29,46560,Electrónica,814591,PSE,App móvil,Desktop,Bogotá,4,5,No
TXN-0003755,2023-01-20,41921,Juguetes,101636,Contraentrega,Sitio web,Android,Cartagena,5,5,No
TXN-0003832,2023-07-17,28385,Electrónica,543662,PSE,App móvil,iOS,Medellín,4,5,No
TXN-0001766,2024-06-24,58094,Moda,170043,Tarjeta débito,Sitio web,Desktop,Bogotá,3,5,No
TXN-0007267,2024-01-03,25799,Alimentos,31752,Tarjeta crédito,App móvil,Android,Pereira,4,5,No
TXN-0000474,2024-05-21,15629,Deportes,171075,Tarjeta débito,App móvil,Android,Barranquilla,5,5,No
TXN-0007531,2022-02-05,50088,Moda,181689,Tarjeta débito,App móvil,Android,Manizales,4,5,Sí
TXN-0007214,2023-03-04,25822,Moda,130492,Tarjeta débito,Sitio web,iOS,Bogotá,5,5,No
TXN-0003493,2022-10-06,43804,Electrónica,47747,PSE,Sitio web,iOS,Bogotá,4,5,No
TXN-0003904,2022-06-17,12234,Juguetes,133047,Contraentrega,App móvil,Desktop,Cúcuta,5,5,No
TXN-0002415,2024-06-08,32451,Tecnología,524297,Tarjeta crédito,App móvil,Android,Cali,3,5,No
TXN-0005885,2024-10-21,34518,Belleza,137333,Tarjeta crédito,App móvil,iOS,Cali,6,5,No
TXN-0007990,2023-10-05,42972,Moda,85139,Tarjeta crédito,App móvil,Desktop,Bogotá,3,5,No
TXN-0003663,2022-12-04,10745,Alimentos,19823,Contraentrega,Sitio web,Android,Medellín,1,5,Sí
TXN-0006766,2022-06-21,11210,Alimentos,39514,Contraentrega,Sitio web,iOS,Barranquilla,5,5,No
TXN-0005578,2024-08-21,16778,Libros,50942,PSE,App móvil,Desktop,Bogotá,3,5,No
TXN-0007598,2024-11-20,42424,Libros,64971,Contraentrega,Sitio web,Android,Cartagena,2,5,No
TXN-0005232,2022-01-27,46058,Alimentos,49719,Tarjeta crédito,App móvil,Android,Barranquilla,3,5,No
TXN-0006032,2024-02-27,39148,Moda,184646,PSE,App móvil,Android,Cali,2,5,No
TXN-0007182,2022-12-06,14660,Hogar,163704,Tarjeta débito,App móvil,iOS,Cali,3,5,No
TXN-0003535,2022-01-24,23102,Tecnología,631992,PSE,App móvil,iOS,Bucaramanga,1,5,No
TXN-0001581,2024-06-02,32344,Moda,241986,Tarjeta débito,App móvil,Desktop,Medellín,2,5,No
TXN-0000480,2023-02-16,45690,Hogar,184629,Tarjeta débito,App móvil,Android,Bogotá,5,5,No
TXN-0006362,2022-03-26,58159,Moda,130112,Contraentrega,Sitio web,iOS,Cúcuta,3,5,No
TXN-0002638,2023-07-29,13882,Electrónica,613761,Billetera digital,App móvil,Android,Medellín,5,5,No
TXN-0000103,2024-12-30,23118,Tecnología,813948,Billetera digital,App móvil,iOS,Medellín,1,5,No
TXN-0001479,2024-05-07,54967,Belleza,38680,Billetera digital,App móvil,Android,Bogotá,1,5,No
TXN-0007576,2023-08-14,30066,Tecnología,1348529,Tarjeta crédito,App móvil,Android,Medellín,7,5,No
TXN-0004066,,46315,Deportes,184658,Billetera digital,App móvil,Android,Bucaramanga,2,5,No
TXN-IMPUTADO-0218,2023-10-09,14267,Juguetes,57101,Contraentrega,App móvil,Android,Cali,6,5,Sí
TXN-0003947,2022-02-05,30157,Hogar,117957,Contraentrega,Sitio web,iOS,Ibagué,3,5,No
TXN-0003826,2022-10-04,17043,Libros,23916,Tarjeta débito,Sitio web,Desconocido,Medellín,2,5,No
TXN-0000743,2022-10-12,19437,Juguetes,99717,Contraentrega,App móvil,Android,Medellín,2,5,No
TXN-0007525,2024-04-23,30207,Deportes,197933,Tarjeta crédito,Sitio web,Desktop,Bogotá,6,5,No
TXN-0006612,,20525,Juguetes,169394,Billetera digital,App móvil,iOS,Pereira,2,5,No
TXN-0000054,,15091,Belleza,97743,Tarjeta crédito,Sitio web,Android,Cali,3,5,No
TXN-0000988,2024-03-24,35005,Electrónica,755442,Tarjeta crédito,Sitio web,Desktop,Cali,5,5,No
TXN-0003757,2022-01-20,56868,Belleza,44961,Tarjeta débito,Sitio web,Android,Medellín,7,5,No
TXN-0007240,2024-11-07,55267,Deportes,147175,Tarjeta débito,App móvil,Android,Bucaramanga,4,5,No
TXN-0000069,2023-10-15,36554,Electrónica,946137,Contraentrega,Sitio web,Android,Barranquilla,4,5,No
TXN-0007769,2022-09-24,36066,Alimentos,56872,Tarjeta débito,App móvil,iOS,Ibagué,3,5,No
TXN-0004037,2022-09-14,12369,Deportes,185923,Tarjeta crédito,App móvil,iOS,Bogotá,4,5,Sí
TXN-0003619,2024-10-30,44712,Electrónica,631362,Tarjeta crédito,App móvil,Desconocido,Cali,4,5,No
TXN-0004814,2023-02-12,31182,Moda,122152,PSE,App móvil,iOS,Pereira,5,5,No
TXN-0005197,2022-07-29,38571,Moda,195599,Contraentrega,Sitio web,iOS,Bucaramanga,5,5,No
TXN-0007173,2022-01-09,41960,Mascotas,73050,Tarjeta débito,Sitio web,Desktop,Cali,5,5,No
TXN-0002775,,47409,Hogar,223203,Tarjeta débito,App móvil,Android,Cali,5,5,No
TXN-0004430,2022-03-28,16123,Hogar,178691,Contraentrega,Sitio web,Android,Barranquilla,3,5,No
TXN-0003344,2023-04-25,11398,Moda,88952,Tarjeta crédito,Sitio web,iOS,Medellín,5,5,No
TXN-0007676,2023-07-31,25842,Electrónica,1076710,Billetera digital,App móvil,Android,Bogotá,1,5,No
TXN-0005488,2022-05-07,38381,Moda,113310,Tarjeta débito,Sitio web,iOS,Bogotá,6,5,No
TXN-0006931,2024-12-22,43079,Deportes,65690,Tarjeta crédito,App móvil,Android,Pereira,7,5,No
TXN-0003325,2023-04-26,59819,Electrónica,77910,Tarjeta crédito,App móvil,Android,Ibagué,3,5,No
TXN-0001240,2022-06-27,38621,Electrónica,330060,Tarjeta débito,App móvil,iOS,Bogotá,1,5,No
TXN-0000785,2023-01-16,56492,Moda,164182,PSE,App móvil,Android,Manizales,3,5,No
TXN-0005270,2022-09-03,46183,Belleza,83267,Billetera digital,App móvil,Android,Barranquilla,2,5,No
TXN-0005255,2023-04-14,21875,Belleza,74712,Tarjeta débito,App móvil,Android,Bogotá,3,5,No
TXN-0005412,2024-05-25,41379,Belleza,106597,Tarjeta crédito,Sitio web,Android,Medellín,3,5,No
TXN-0007099,2023-04-03,36675,Electrónica,149416,Billetera digital,App móvil,iOS,Medellín,6,5,No
TXN-0005234,2023-08-10,29258,Electrónica,612148,Tarjeta crédito,App móvil,Android,Medellín,3,5,No
TXN-0006690,2024-03-04,32522,Electrónica,349191,Tarjeta crédito,App móvil,Desktop,Bucaramanga,5,5,No
TXN-0003773,,16147,Electrónica,849269,Tarjeta crédito,App móvil,Desktop,Bogotá,6,5,No
TXN-0002707,2023-01-11,39346,Deportes,223345,Tarjeta débito,App móvil,Android,Barranquilla,1,5,No
TXN-0004224,2024-10-06,40318,Moda,103778,PSE,App móvil,Android,Manizales,2,5,No
TXN-0005680,2023-08-20,11677,Alimentos,62703,Tarjeta crédito,App móvil,Android,Bogotá,3,5,No
TXN-0001975,2024-01-15,18077,Juguetes,148823,PSE,Sitio web,iOS,Manizales,7,5,No
TXN-0002971,2022-02-04,59518,Juguetes,28234,Tarjeta crédito,Sitio web,iOS,Cali,3,5,No
TXN-0006634,,-1,Moda,167563,Tarjeta crédito,Sitio web,Android,Medellín,5,5,No
TXN-0006564,2022-05-26,18481,Moda,148051,Contraentrega,Sitio web,iOS,Cúcuta,5,5,No
TXN-0005358,2023-10-07,34217,Electrónica,1125287,Tarjeta crédito,Sitio web,iOS,Barranquilla,3,5,No
TXN-0003581,2022-07-10,50177,Libros,55078,Contraentrega,Sitio web,Desktop,Bogotá,4,5,No
TXN-0007962,2022-04-29,31847,Belleza,124301,Tarjeta crédito,App móvil,Android,Medellín,3,5,No
TXN-0006604,2022-07-13,59557,Tecnología,1104740,Contraentrega,App móvil,Desktop,Bucaramanga,2,5,No
TXN-0001107,2023-02-28,24444,Juguetes,46204,PSE,Sitio web,Android,Bogotá,8,5,No
TXN-0000951,2022-03-28,27287,Deportes,145691,Tarjeta débito,App móvil,Android,Medellín,4,5,No
TXN-0003128,2023-06-07,-1,Belleza,111670,PSE,Sitio web,Android,Medellín,6,5,No
TXN-0006914,2024-07-24,39584,Deportes,105727,Billetera digital,App móvil,iOS,Medellín,6,5,No
TXN-0002123,,34996,Alimentos,49989,Billetera digital,Sitio web,Android,Barranquilla,1,5,No
TXN-0003838,2024-11-10,18033,Moda,121142,Billetera digital,Sitio web,Android,Cúcuta,3,5,No
TXN-0005226,2024-01-18,-1,Hogar,128956,PSE,App móvil,iOS,Manizales,5,5,No
TXN-0003236,2024-07-14,17116,Deportes,54094,Tarjeta débito,App móvil,Desktop,Bogotá,6,5,No
TXN-0006189,2023-07-13,38671,Electrónica,698098,Tarjeta crédito,Sitio web,Android,Cartagena,8,3,No
TXN-0005655,2023-03-08,14770,Moda,166522,Tarjeta crédito,App móvil,iOS,Barranquilla,3,5,No
TXN-0004558,2024-04-20,20815,Hogar,202735,Tarjeta débito,Sitio web,Android,Medellín,1,5,No
TXN-0006529,2023-10-11,30030,Belleza,69183,Tarjeta débito,App móvil,Desktop,Pereira,4,5,No
TXN-0000640,2024-10-03,-1,Libros,43302,PSE,App móvil,iOS,Bogotá,5,5,No
TXN-0006600,2023-03-28,36913,Hogar,270373,Tarjeta débito,App móvil,iOS,Medellín,5,5,No
TXN-0000275,2022-05-05,36888,Deportes,151609,Tarjeta débito,App móvil,Android,Medellín,1,5,No
TXN-0003383,2024-08-31,31759,Moda,156517,Tarjeta crédito,App móvil,Desktop,Ibagué,2,5,No
TXN-0002567,2022-12-07,54216,Belleza,125291,Billetera digital,Sitio web,Android,Ibagué,5,5,No
TXN-0000758,2024-05-23,37630,Electrónica,410109,Contraentrega,App móvil,Android,Barranquilla,6,5,No
TXN-0003664,2023-01-07,36966,Deportes,130021,PSE,App móvil,Android,Medellín,6,5,No
TXN-0000879,2024-04-20,31276,Tecnología,930217,PSE,App móvil,iOS,Medellín,7,5,No
TXN-0005026,2023-03-30,18115,Deportes,150799,Tarjeta crédito,App móvil,Android,Cali,4,5,No
TXN-IMPUTADO-0219,2024-01-10,14536,Belleza,109059,Billetera digital,App móvil,iOS,Barranquilla,6,5,No
TXN-0007888,2023-10-06,34920,Alimentos,77154,Tarjeta débito,Sitio web,Desconocido,Bogotá,3,5,No
TXN-0002461,2024-10-04,29490,Belleza,97484,Contraentrega,Sitio web,Desktop,Cúcuta,6,5,No
TXN-0005416,2022-05-30,13831,Electrónica,1041800,Billetera digital,App móvil,iOS,Bucaramanga,4,5,No
TXN-0004060,2022-12-30,15651,Deportes,215073,PSE,App móvil,iOS,Bogotá,6,5,No
TXN-0004652,2022-04-23,52481,Electrónica,321833,Contraentrega,App móvil,iOS,Bucaramanga,4,5,No
TXN-0004640,2024-04-06,35802,Mascotas,107654,Tarjeta débito,App móvil,iOS,Medellín,9,4,No
TXN-0001561,2022-05-23,32444,Juguetes,99637,PSE,App móvil,iOS,Bogotá,2,5,No
TXN-0007345,2023-02-19,21327,Tecnología,304124,Tarjeta crédito,App móvil,Desktop,Barranquilla,4,5,Sí
TXN-0004111,2022-07-05,51740,Electrónica,661859,PSE,Sitio web,Android,Barranquilla,1,5,No
TXN-0007444,2022-03-13,40300,Deportes,246711,Tarjeta débito,App móvil,Android,Bogotá,4,5,No
TXN-0000099,2022-11-27,18249,Hogar,81326,Tarjeta crédito,App móvil,Android,Medellín,4,5,No
TXN-0003697,2024-08-07,25682,Mascotas,97229,Tarjeta crédito,App móvil,Android,Cúcuta,5,5,Sí
TXN-0001431,2024-12-06,17234,Juguetes,68360,PSE,App móvil,Desktop,Bogotá,3,5,No
TXN-0001251,2022-01-16,28955,Belleza,72022,Billetera digital,App móvil,iOS,Bogotá,6,5,No
TXN-0002693,2024-01-19,27048,Alimentos,65298,Tarjeta crédito,Sitio web,iOS,Bogotá,6,5,No
TXN-0001888,2024-01-31,35320,Belleza,113741,PSE,App móvil,Android,Manizales,2,5,No
TXN-0005996,,39111,Belleza,95729,Contraentrega,App móvil,Desktop,Medellín,4,5,No
TXN-0005102,,53273,Belleza,57046,Tarjeta débito,Sitio web,Android,Ibagué,4,5,No
TXN-0006541,2023-12-31,18245,Alimentos,51330,Tarjeta crédito,App móvil,iOS,Medellín,1,5,No
TXN-0007103,2023-07-04,53419,Electrónica,38031,Billetera digital,App móvil,Android,Manizales,6,5,No
TXN-0005567,2024-08-26,46934,Hogar,99113,Tarjeta crédito,App móvil,Desktop,Cali,3,5,No
TXN-0006809,2023-04-19,12583,Tecnología,1224534,Tarjeta crédito,App móvil,Android,Pereira,1,5,No
TXN-0007358,2023-12-03,54316,Electrónica,20871,Contraentrega,Sitio web,Desktop,Medellín,5,5,No
TXN-0007325,2022-10-10,20310,Hogar,159208,Billetera digital,Sitio web,Desktop,Manizales,6,5,No
TXN-0006916,2023-05-22,14394,Belleza,91192,Tarjeta débito,App móvil,Android,Bogotá,5,5,No
TXN-0003552,,32780,Belleza,63247,PSE,App móvil,iOS,Cali,5,5,No
TXN-0007459,2023-05-06,24001,Hogar,182884,Tarjeta débito,App móvil,Android,Cali,6,5,No
TXN-0003652,2024-06-30,33340,Electrónica,440496,Tarjeta crédito,Sitio web,iOS,Bogotá,2,5,No
TXN-0002061,2023-11-09,56472,Mascotas,51560,Tarjeta débito,Sitio web,Android,Medellín,5,5,No
TXN-0006406,2024-01-18,30546,Hogar,347064,Billetera digital,App móvil,Desktop,Barranquilla,2,5,No
TXN-0000295,2022-05-05,56461,Deportes,120031,Billetera digital,Sitio web,Android,Medellín,5,5,No
TXN-0002770,2024-06-12,38323,Tecnología,856124,Tarjeta crédito,App móvil,Android,Bogotá,1,5,No
TXN-0005543,2022-12-24,16521,Libros,62567,PSE,App móvil,iOS,Cali,5,5,No
TXN-0007623,2022-07-06,56269,Tecnología,962161,Contraentrega,Sitio web,iOS,Cúcuta,5,5,No
TXN-IMPUTADO-0220,2024-08-08,13895,Moda,55343,Tarjeta crédito,App móvil,Desktop,Bogotá,1,5,No
TXN-0006807,2022-11-21,26831,Deportes,86299,Contraentrega,App móvil,iOS,Cúcuta,5,5,No
TXN-0002354,2024-05-06,41254,Electrónica,722425,Tarjeta débito,App móvil,iOS,Bogotá,5,5,No
TXN-0003254,2024-06-18,19555,Electrónica,857466,Tarjeta crédito,Sitio web,Desktop,Manizales,3,5,No
TXN-0000160,2022-04-26,48661,Mascotas,86366,Billetera digital,Sitio web,Android,Medellín,4,5,No
TXN-0001237,2023-04-17,39900,Deportes,194278,Tarjeta débito,App móvil,Android,Cali,5,5,No
TXN-0004747,2022-04-29,36382,Moda,38218,Tarjeta débito,App móvil,Android,Cali,7,5,No
TXN-0007708,2022-04-05,58598,Hogar,153512,PSE,App móvil,iOS,Pereira,2,5,No
TXN-0006839,2022-08-25,46883,Moda,178456,Contraentrega,App móvil,iOS,Bogotá,6,5,No
TXN-0000910,2024-02-17,35493,Electrónica,699992,Tarjeta crédito,App móvil,Android,Barranquilla,4,5,No
TXN-0007831,2023-01-13,41881,Belleza,96514,Tarjeta crédito,App móvil,iOS,Manizales,6,5,No
TXN-0002432,2022-06-03,55389,Electrónica,413252,Contraentrega,App móvil,Desktop,Pereira,2,5,No
TXN-0007013,2024-08-31,-1,Juguetes,14384,Tarjeta crédito,App móvil,iOS,Bogotá,5,5,No
TXN-0005750,2022-02-09,14362,Mascotas,90329,Tarjeta crédito,App móvil,Desktop,Cartagena,2,5,No
TXN-0001558,2023-01-15,19484,Alimentos,57058,PSE,Sitio web,Android,Medellín,5,5,No
TXN-0000321,2022-08-03,44496,Belleza,100862,Tarjeta débito,App móvil,Android,Ibagué,3,5,No
TXN-0003809,2023-10-30,26743,Deportes,198185,Contraentrega,Sitio web,Desktop,Cali,4,5,No
TXN-0000015,2024-10-12,11169,Moda,64262,Tarjeta débito,Sitio web,Desktop,Bucaramanga,6,5,No
TXN-0005072,2024-12-09,37715,Belleza,62552,Contraentrega,Sitio web,Android,Cali,3,5,No
TXN-0007303,2024-04-09,42423,Libros,102583,PSE,App móvil,Desktop,Manizales,4,5,No
TXN-0003465,2024-04-28,32027,Alimentos,51919,PSE,App móvil,iOS,Bogotá,4,5,No
TXN-0001447,2023-01-04,33278,Belleza,29342,Tarjeta débito,App móvil,Desktop,Cali,6,5,No
TXN-0003476,2024-03-22,13307,Tecnología,920236,Tarjeta crédito,App móvil,Android,Cúcuta,4,5,No
TXN-0004559,2024-05-11,29943,Mascotas,25211,Tarjeta crédito,App móvil,Android,Bogotá,5,5,No
TXN-0000888,2024-04-23,39322,Libros,60610,Tarjeta crédito,Sitio web,Android,Bogotá,5,5,No
TXN-0001693,2024-03-15,40921,Libros,65398,Contraentrega,App móvil,Desktop,Barranquilla,4,5,No
TXN-0003700,2023-12-27,18579,Hogar,200289,Tarjeta crédito,Sitio web,Desktop,Cúcuta,2,5,No
TXN-0007430,2022-11-09,59282,Tecnología,1209302,Tarjeta crédito,App móvil,iOS,Medellín,2,5,No
TXN-0001720,2024-11-05,25568,Moda,206421,PSE,Sitio web,Android,Pereira,5,5,No
TXN-0004740,2022-10-01,37905,Electrónica,639015,Tarjeta crédito,Sitio web,Android,Bogotá,5,5,No
TXN-0007898,2023-09-04,21356,Moda,152587,Tarjeta crédito,App móvil,Desktop,Medellín,3,5,No
TXN-0004716,2023-06-06,27054,Moda,125146,Contraentrega,App móvil,Desktop,Bogotá,6,5,No
TXN-0000652,2022-12-23,27981,Moda,79094,PSE,Sitio web,iOS,Barranquilla,8,3,No
TXN-0004350,2023-03-01,27349,Deportes,115930,Billetera digital,App móvil,Android,Bogotá,3,5,No
TXN-0005978,2023-11-19,49417,Electrónica,718421,Contraentrega,Sitio web,iOS,Bogotá,3,5,No
TXN-0004970,2022-12-07,47485,Belleza,70388,Contraentrega,Sitio web,Android,Barranquilla,7,5,Sí
TXN-0004563,2023-08-16,32631,Electrónica,217593,PSE,App móvil,iOS,Medellín,8,3,No
TXN-0004850,2023-01-08,26999,Alimentos,72657,Tarjeta crédito,App móvil,Android,Medellín,4,5,No
TXN-0000919,2022-03-07,53246,Moda,191818,Tarjeta crédito,Sitio web,Android,Cali,6,5,No
TXN-0005038,2024-10-15,53124,Deportes,203727,Tarjeta crédito,Sitio web,Desktop,Bogotá,4,5,No
TXN-0000883,2024-12-11,35558,Moda,177283,Contraentrega,Sitio web,Android,Cali,5,5,No
TXN-0000292,2023-04-06,38366,Electrónica,753360,Tarjeta débito,App móvil,Android,Medellín,5,5,No
TXN-0000234,2024-09-11,11989,Deportes,138288,Tarjeta crédito,App móvil,iOS,Bucaramanga,5,5,No
TXN-0002790,2022-03-15,52009,Hogar,150245,Contraentrega,App móvil,Desktop,Bucaramanga,4,5,No
TXN-0003438,2023-06-12,24259,Mascotas,62150,Tarjeta crédito,Sitio web,Android,Pereira,5,5,No
TXN-0003482,2022-09-24,45813,Moda,123841,Billetera digital,Sitio web,Android,Bogotá,4,5,No
TXN-0001995,2023-05-13,33864,Electrónica,586154,Billetera digital,App móvil,Android,Barranquilla,4,5,No
TXN-0007302,2024-04-14,47476,Belleza,45834,Contraentrega,Sitio web,Android,Barranquilla,6,5,No
TXN-0001305,2024-02-03,50237,Deportes,213875,Tarjeta crédito,App móvil,Android,Bogotá,2,5,No
TXN-0003392,2022-07-16,50808,Hogar,147304,Tarjeta crédito,App móvil,Android,Bogotá,4,5,No
TXN-0005863,2024-04-16,18758,Mascotas,94293,Tarjeta crédito,App móvil,Android,Ibagué,7,5,No
TXN-IMPUTADO-0221,2023-09-23,49851,Electrónica,194700,PSE,App móvil,Android,Bucaramanga,6,5,No
TXN-0002272,2022-01-11,35934,Moda,147023,Tarjeta débito,Sitio web,Android,Bogotá,4,5,No
TXN-0007507,2023-04-10,18043,Mascotas,51242,Tarjeta débito,App móvil,Desktop,Cali,2,5,No
TXN-0006194,2022-02-01,26976,Deportes,54525,Tarjeta crédito,Sitio web,iOS,Bogotá,4,5,No
TXN-0006930,2024-01-21,44521,Hogar,207889,Billetera digital,Sitio web,Android,Barranquilla,4,5,No
TXN-0003132,2023-02-28,-1,Hogar,150803,Tarjeta débito,App móvil,Android,Barranquilla,1,5,No
TXN-0006514,2023-01-17,28501,Moda,48343,Tarjeta crédito,App móvil,Desktop,Manizales,5,5,No
TXN-0002026,2022-01-24,34617,Hogar,87687,Contraentrega,App móvil,Desktop,Medellín,5,5,No
TXN-0003395,2022-03-22,21194,Electrónica,805872,Tarjeta débito,App móvil,Desktop,Bogotá,3,5,No
TXN-0001486,2022-01-20,-1,Mascotas,73428,Contraentrega,App móvil,Desconocido,Bogotá,4,5,No
TXN-0005338,2023-05-13,-1,Tecnología,1073685,Tarjeta débito,Sitio web,Android,Bogotá,5,5,No
TXN-0004631,2022-07-31,20547,Juguetes,109096,Tarjeta crédito,App móvil,Android,Cali,9,4,Sí
TXN-0006773,2024-02-12,38128,Electrónica,838926,Tarjeta débito,App móvil,Android,Bogotá,1,5,No
TXN-0002977,2023-12-20,38466,Tecnología,915963,PSE,App móvil,Android,Pereira,8,4,No
TXN-0006725,2022-01-27,15553,Electrónica,855586,Tarjeta débito,Sitio web,Android,Bogotá,1,5,No
TXN-0007423,2024-12-22,59667,Belleza,110342,Contraentrega,App móvil,Android,Cali,4,5,No
TXN-IMPUTADO-0222,2023-04-24,18260,Alimentos,27767,PSE,App móvil,Desconocido,Cali,6,5,No
TXN-0005522,2024-02-10,32955,Deportes,142454,PSE,Sitio web,Android,Pereira,5,5,No
TXN-0001081,2023-02-14,44680,Electrónica,795761,Tarjeta crédito,Sitio web,Desktop,Cali,3,5,No
TXN-0003444,,31410,Hogar,178668,PSE,Sitio web,iOS,Medellín,3,5,No
TXN-0002448,2022-04-26,34351,Juguetes,30576,PSE,App móvil,Android,Bogotá,5,5,No
TXN-0007636,2024-09-19,56574,Tecnología,1518896,Billetera digital,App móvil,iOS,Medellín,4,5,No
TXN-0006972,2023-09-22,16308,Tecnología,811028,Tarjeta crédito,Sitio web,Android,Cartagena,3,5,No
TXN-0007206,2022-12-17,21098,Libros,59299,PSE,App móvil,Android,Bogotá,5,5,No
TXN-0004686,2022-07-10,16455,Libros,59576,Tarjeta débito,Sitio web,Android,Barranquilla,1,5,No
TXN-0000674,2024-07-18,11936,Moda,195620,Billetera digital,App móvil,Android,Barranquilla,3,5,No
TXN-0000481,2024-07-02,47549,Electrónica,465487,PSE,Sitio web,Desktop,Medellín,7,5,No
TXN-0002155,2022-08-16,10645,Mascotas,63086,Contraentrega,Sitio web,Android,Cali,4,5,Sí
TXN-0005443,2022-08-24,18325,Moda,172363,Tarjeta débito,App móvil,iOS,Medellín,5,5,No
TXN-0005472,2022-10-04,39843,Tecnología,918665,Tarjeta débito,App móvil,Android,Cartagena,2,5,No
TXN-0004932,2024-04-11,39207,Moda,104368,Contraentrega,Sitio web,Android,Cartagena,1,5,No
TXN-0003788,2024-04-24,47159,Belleza,19561,Tarjeta crédito,Sitio web,Desktop,Bogotá,3,5,No
TXN-0000252,2024-12-08,58802,Deportes,236278,Tarjeta crédito,App móvil,Desconocido,Bogotá,5,5,No
TXN-0004763,2024-10-03,22727,Alimentos,68917,PSE,Sitio web,Desktop,Bogotá,5,5,No
TXN-0006306,2022-08-15,-1,Mascotas,33227,Tarjeta crédito,Sitio web,Android,Bucaramanga,6,5,No
TXN-0005968,2023-11-12,38017,Hogar,208747,Tarjeta crédito,App móvil,Android,Bogotá,4,5,No
TXN-0000391,2024-03-12,40010,Moda,173610,PSE,App móvil,Android,Bogotá,5,5,Sí
TXN-0001468,2022-06-28,42362,Libros,55787,Tarjeta crédito,App móvil,Android,Cartagena,4,5,No
TXN-0007520,2022-04-29,25123,Moda,117954,Contraentrega,Sitio web,Desktop,Barranquilla,1,5,No
TXN-0003288,2022-09-18,44788,Moda,72285,PSE,Sitio web,Android,Bogotá,7,5,No
TXN-0005459,2022-12-07,25721,Belleza,78575,Contraentrega,App móvil,Desktop,Medellín,6,5,No
TXN-0004891,2022-03-18,12466,Hogar,147671,Contraentrega,Sitio web,Android,Bogotá,3,5,No
TXN-0001985,2024-10-24,18082,Tecnología,694898,Tarjeta crédito,Sitio web,Desktop,Bogotá,6,5,No
TXN-0001934,2022-11-05,19286,Moda,121988,Tarjeta crédito,App móvil,Android,Bogotá,4,5,No
TXN-0002105,2022-11-15,39829,Juguetes,116481,Tarjeta crédito,App móvil,Desconocido,Bogotá,3,5,No
TXN-0006813,2023-06-28,34601,Electrónica,167561,Billetera digital,App móvil,iOS,Cali,5,5,No
TXN-0004778,2022-02-28,33157,Moda,162749,Tarjeta crédito,Sitio web,iOS,Bogotá,2,5,No
TXN-0006948,2022-07-30,26130,Moda,165526,Billetera digital,App móvil,Android,Medellín,4,5,No
TXN-0001206,2024-08-29,15341,Electrónica,253268,PSE,App móvil,iOS,Cartagena,3,5,No
TXN-0005174,2023-03-17,41250,Alimentos,41542,PSE,App móvil,iOS,Medellín,2,5,No
TXN-0003139,2022-10-09,23681,Juguetes,94239,Contraentrega,App móvil,iOS,Medellín,3,5,No
TXN-0006265,2022-12-29,30470,Belleza,80151,PSE,Sitio web,Desktop,Bogotá,7,5,Sí
TXN-0002395,2024-12-07,-1,Belleza,70639,Tarjeta crédito,App móvil,Android,Cúcuta,6,5,No
TXN-0004248,2024-03-03,36942,Alimentos,47531,PSE,Sitio web,Desktop,Pereira,6,5,No
TXN-0005621,2024-04-16,34119,Moda,79588,PSE,App móvil,Android,Bogotá,1,5,No
TXN-0007766,2022-04-08,46342,Electrónica,779693,Contraentrega,App móvil,iOS,Medellín,8,4,No
TXN-0000828,2022-04-20,23744,Moda,117823,Tarjeta crédito,App móvil,Android,Bogotá,1,5,Sí
TXN-0005351,2022-07-27,-1,Moda,157785,Tarjeta crédito,Sitio web,Android,Medellín,2,5,No
TXN-0000525,2024-07-19,19594,Electrónica,768048,Tarjeta débito,Sitio web,Desktop,Bogotá,7,5,No
TXN-0001266,2023-03-03,20968,Libros,97120,Tarjeta débito,Sitio web,Desktop,Pereira,6,5,No
TXN-0002070,2024-09-23,31958,Hogar,267932,Tarjeta crédito,Sitio web,iOS,Ibagué,5,5,No
TXN-0000406,2024-10-07,31741,Juguetes,94179,Billetera digital,App móvil,iOS,Pereira,3,5,No
TXN-0004354,2024-07-27,55053,Hogar,86287,Billetera digital,Sitio web,Android,Pereira,1,5,No
TXN-0007860,2022-01-01,10696,Electrónica,769843,Tarjeta débito,App móvil,iOS,Bogotá,7,5,No
TXN-0006845,,56658,Tecnología,435944,Tarjeta crédito,Sitio web,Android,Bogotá,5,5,No
TXN-0002437,2024-01-26,35640,Libros,99143,PSE,App móvil,iOS,Bogotá,2,5,No
TXN-0003767,2022-05-30,24732,Moda,196729,Tarjeta crédito,App móvil,iOS,Bogotá,4,5,No
TXN-0004282,2022-06-08,34441,Moda,138267,PSE,Sitio web,Android,Medellín,2,5,No
TXN-0006188,2023-09-11,57714,Mascotas,13526,Tarjeta débito,App móvil,Android,Cartagena,7,5,No
TXN-0004570,,59882,Electrónica,1020021,Billetera digital,Sitio web,Android,Medellín,5,5,No
TXN-0002901,2023-04-20,56926,Alimentos,26223,PSE,App móvil,iOS,Cartagena,4,5,No
TXN-0004909,2023-04-12,37622,Moda,59074,Tarjeta débito,Sitio web,Android,Medellín,7,5,No
TXN-0002389,2022-01-10,44287,Electrónica,244986,PSE,Sitio web,Android,Barranquilla,3,5,No
TXN-0005263,2023-03-08,52495,Moda,194618,PSE,Sitio web,Android,Medellín,6,5,No
TXN-0007436,2023-07-09,25538,Alimentos,43187,PSE,App móvil,iOS,Cali,1,5,No
TXN-0004461,2024-09-29,46508,Libros,43239,Tarjeta crédito,Sitio web,Desktop,Manizales,7,5,No
TXN-0007186,2024-03-03,56017,Deportes,130796,Contraentrega,Sitio web,iOS,Cali,7,5,No
TXN-0004961,2023-09-07,49752,Juguetes,67164,Contraentrega,App móvil,iOS,Bogotá,3,5,No
TXN-0003902,2024-01-08,59543,Moda,18977,PSE,App móvil,iOS,Medellín,1,5,No
TXN-0001859,2024-12-07,40919,Deportes,131094,Tarjeta crédito,Sitio web,Android,Bogotá,1,5,No
TXN-0003009,2022-02-25,29421,Deportes,24773,Contraentrega,Sitio web,Android,Bogotá,5,5,No
TXN-0006717,2022-08-19,46656,Tecnología,887365,Contraentrega,Sitio web,iOS,Bogotá,4,5,No
TXN-0007694,2024-06-15,56454,Belleza,134419,Tarjeta débito,Sitio web,Desktop,Bogotá,2,5,No
TXN-0001351,2022-02-06,20412,Alimentos,52200,Tarjeta crédito,Sitio web,iOS,Bogotá,7,5,No
TXN-0006460,2023-01-21,46516,Moda,100169,Tarjeta crédito,App móvil,Desktop,Manizales,5,5,No
TXN-IMPUTADO-0223,2024-08-06,17630,Belleza,58682,Tarjeta crédito,App móvil,Desktop,Bogotá,4,5,Sí
TXN-0000513,2022-09-18,59228,Belleza,24277,Tarjeta crédito,App móvil,iOS,Ibagué,3,5,No
TXN-0000663,2022-01-04,28863,Electrónica,463199,Tarjeta crédito,App móvil,Desktop,Manizales,1,5,No
TXN-0004442,2022-07-15,32475,Alimentos,58483,Tarjeta débito,App móvil,iOS,Pereira,5,5,No
TXN-0001604,2022-07-20,41662,Moda,72623,Contraentrega,Sitio web,Android,Bogotá,4,5,Sí
TXN-0004929,,23823,Juguetes,91977,Tarjeta crédito,Sitio web,Desktop,Pereira,4,5,No
TXN-IMPUTADO-0224,2024-03-17,17314,Electrónica,747544,Contraentrega,Sitio web,Android,Cali,6,5,No
TXN-0007553,2022-09-08,48675,Moda,108880,PSE,Sitio web,Android,Cúcuta,7,5,No
TXN-0001677,2022-04-01,19157,Tecnología,108758,PSE,App móvil,Android,Cali,2,5,No
TXN-0007147,2023-11-09,14304,Belleza,74305,Billetera digital,App móvil,Android,Medellín,6,5,No
TXN-0004642,2022-04-16,33455,Hogar,103717,Tarjeta crédito,App móvil,Desktop,Medellín,5,5,No
TXN-0007946,2024-09-11,45806,Electrónica,644875,Billetera digital,Sitio web,Desktop,Barranquilla,6,5,No
TXN-0004869,2023-01-24,49387,Moda,214788,PSE,App móvil,iOS,Pereira,2,5,No
TXN-0000067,2022-03-06,29361,Moda,192071,PSE,App móvil,Android,Barranquilla,6,5,No
TXN-0001951,2022-09-07,40670,Electrónica,73083,PSE,Sitio web,Android,Bucaramanga,2,5,No
TXN-0005159,2022-06-24,50376,Libros,73176,Contraentrega,App móvil,iOS,Bogotá,2,5,No
TXN-0007077,2023-11-26,28280,Moda,37620,Tarjeta crédito,App móvil,Desktop,Cúcuta,4,5,No
TXN-0005812,,13385,Moda,89871,Contraentrega,Sitio web,Desktop,Cartagena,1,5,No
TXN-0007997,2022-03-17,31990,Belleza,132863,Contraentrega,Sitio web,iOS,Bogotá,2,5,No
TXN-0002421,2024-09-11,22340,Hogar,176886,Tarjeta débito,App móvil,Desconocido,Medellín,2,5,No
TXN-0002692,2024-05-02,20638,Hogar,166941,Tarjeta crédito,App móvil,iOS,Manizales,3,5,No
TXN-IMPUTADO-0225,2023-10-27,31096,Moda,190538,Tarjeta débito,App móvil,Android,Bogotá,4,5,No
TXN-0006953,2024-03-08,32554,Moda,168265,Tarjeta crédito,Sitio web,Desktop,Cúcuta,6,5,No
TXN-0003356,2022-04-21,11529,Deportes,231082,PSE,Sitio web,Android,Cúcuta,5,5,No
TXN-0000646,2024-09-27,27099,Belleza,75058,Tarjeta crédito,Sitio web,Android,Cali,7,5,No
TXN-0006562,2024-05-13,14684,Electrónica,887174,Tarjeta débito,App móvil,Desconocido,Bogotá,2,5,No
TXN-0002348,2023-09-02,16242,Electrónica,898316,Contraentrega,App móvil,Android,Bucaramanga,1,5,No
TXN-0001667,2023-12-10,18263,Deportes,157450,Tarjeta débito,App móvil,iOS,Bucaramanga,4,5,No
TXN-0005919,2023-10-07,28497,Electrónica,480030,Tarjeta crédito,Sitio web,Android,Bucaramanga,3,5,No
TXN-0006174,2023-10-22,31217,Electrónica,454638,Tarjeta débito,Sitio web,Android,Manizales,5,5,No
TXN-0001139,2022-05-15,21847,Tecnología,1582664,Tarjeta crédito,Sitio web,Android,Bogotá,3,5,No
TXN-0000542,2022-03-09,-1,Hogar,318058,Contraentrega,Sitio web,Desktop,Medellín,3,5,No
TXN-0001314,2022-12-16,27434,Electrónica,370996,PSE,Sitio web,Desktop,Cúcuta,6,5,No
TXN-0007937,2024-10-21,36716,Mascotas,89603,Tarjeta débito,Sitio web,iOS,Pereira,4,5,No
TXN-0004297,2022-08-11,37234,Mascotas,26571,Tarjeta crédito,App móvil,Android,Cali,6,5,No
TXN-0001964,2024-08-26,45519,Deportes,119445,Tarjeta crédito,App móvil,Android,Bucaramanga,4,5,No
TXN-0005392,2024-04-26,44557,Deportes,192169,Tarjeta crédito,App móvil,Android,Cali,1,5,No
TXN-0002362,2024-06-08,49756,Hogar,154340,Tarjeta débito,Sitio web,Desconocido,Ibagué,3,5,No
TXN-0000307,2023-07-02,20813,Electrónica,735429,Tarjeta crédito,Sitio web,Android,Cúcuta,3,5,No
TXN-0007533,2024-11-14,56504,Hogar,181540,Contraentrega,App móvil,iOS,Manizales,6,5,No
TXN-0007085,2022-08-23,40658,Belleza,100734,PSE,App móvil,Desktop,Bogotá,4,5,No
TXN-0005405,2024-09-13,34115,Libros,40412,Tarjeta crédito,App móvil,Desktop,Ibagué,6,5,No
TXN-0000130,2023-03-21,27277,Moda,117113,Billetera digital,App móvil,iOS,Cali,4,5,No
TXN-0000396,2023-04-15,22410,Belleza,71447,Contraentrega,App móvil,Desktop,Cali,7,5,No
TXN-0007895,2024-03-10,25703,Belleza,117476,PSE,App móvil,Desconocido,Bogotá,3,5,No
TXN-0001930,2022-03-25,48045,Libros,44592,PSE,App móvil,Android,Medellín,1,5,No
TXN-0004423,2024-10-04,28583,Libros,31316,Tarjeta débito,Sitio web,Desconocido,Cali,6,5,No
TXN-0004288,2024-12-08,13034,Belleza,133139,Billetera digital,Sitio web,Android,Barranquilla,6,5,No
TXN-0000723,2023-12-17,16913,Hogar,137453,Tarjeta crédito,App móvil,iOS,Manizales,5,5,No
TXN-IMPUTADO-0226,2022-09-11,40790,Alimentos,57615,Contraentrega,App móvil,iOS,Medellín,6,5,No
TXN-0005951,2023-04-01,37508,Alimentos,54669,Contraentrega,Sitio web,Android,Cartagena,5,5,No
TXN-0003764,,26889,Electrónica,167727,Tarjeta crédito,App móvil,Android,Bucaramanga,1,5,No
TXN-0000308,2024-06-03,19141,Tecnología,969704,PSE,Sitio web,Android,Pereira,4,5,No
TXN-0005161,2022-12-01,16043,Hogar,100730,Contraentrega,App móvil,Desktop,Barranquilla,6,5,No
TXN-0005494,2024-09-07,56025,Libros,53821,Tarjeta débito,Sitio web,Android,Cartagena,5,5,No
TXN-0007138,2022-12-15,16505,Alimentos,43333,PSE,App móvil,Android,Cali,6,5,No
TXN-0007065,2022-02-12,32709,Moda,84852,Contraentrega,App móvil,iOS,Bogotá,3,5,No
TXN-0004592,2023-12-24,12892,Belleza,51501,PSE,App móvil,Android,Cali,6,5,No
TXN-0003081,2024-01-04,20179,Juguetes,106179,PSE,Sitio web,Desconocido,Manizales,5,5,No
TXN-0007012,2023-05-10,44511,Hogar,210859,Contraentrega,Sitio web,Android,Medellín,1,5,No
TXN-0000385,2023-04-08,23823,Electrónica,256969,Tarjeta débito,App móvil,Android,Ibagué,5,5,No
TXN-0002559,2023-03-13,20163,Hogar,121387,PSE,Sitio web,Android,Cúcuta,1,5,No
TXN-0002701,2022-06-16,21623,Juguetes,160445,Billetera digital,App móvil,Desktop,Bogotá,5,5,No
TXN-0000583,2023-06-13,32433,Alimentos,43997,Tarjeta crédito,Sitio web,Desktop,Manizales,7,5,No
TXN-0004494,,59947,Electrónica,656382,Contraentrega,Sitio web,Android,Medellín,6,5,No
TXN-0007984,2023-12-18,34247,Electrónica,1221177,Tarjeta crédito,Sitio web,iOS,Medellín,1,5,No
TXN-0007091,2022-08-09,41354,Alimentos,38231,Contraentrega,App móvil,iOS,Medellín,8,5,No
TXN-0007476,2024-01-30,39536,Tecnología,1285564,Billetera digital,App móvil,Desktop,Barranquilla,5,5,No
TXN-0006664,2024-11-05,55477,Juguetes,132655,Tarjeta crédito,App móvil,Android,Bogotá,3,5,No
TXN-0005526,2024-06-25,45556,Alimentos,43045,Billetera digital,App móvil,iOS,Barranquilla,2,5,No
TXN-0006869,2022-11-08,58927,Juguetes,87856,Tarjeta crédito,App móvil,Android,Bogotá,2,5,Sí
TXN-0002581,2022-12-24,57737,Hogar,222235,PSE,Sitio web,Android,Bogotá,3,5,No
TXN-0002811,2024-01-20,59566,Electrónica,786267,PSE,App móvil,Desktop,Bogotá,3,5,No
TXN-0005726,2024-05-22,17415,Moda,100190,Tarjeta crédito,App móvil,Desktop,Bogotá,3,5,No
TXN-0000162,2023-03-04,20526,Libros,29742,PSE,App móvil,Android,Bogotá,5,5,No
TXN-0001335,2024-07-06,14515,Hogar,238505,Tarjeta crédito,Sitio web,Android,Cartagena,3,5,No
TXN-0007697,2022-09-29,23010,Moda,161032,Tarjeta crédito,App móvil,Desktop,Bogotá,1,5,No
TXN-IMPUTADO-0227,2022-03-22,17658,Juguetes,111113,Tarjeta crédito,App móvil,iOS,Barranquilla,3,5,No
TXN-0000937,2024-06-17,16097,Alimentos,47033,Tarjeta crédito,App móvil,Android,Bucaramanga,2,5,No
TXN-0005136,2024-12-24,34487,Moda,162692,Tarjeta débito,Sitio web,Android,Pereira,2,5,No
TXN-0001367,2022-08-25,25643,Alimentos,56782,Tarjeta crédito,App móvil,Android,Bogotá,6,5,No
TXN-0007838,2023-10-22,56465,Electrónica,668515,PSE,App móvil,Desktop,Medellín,1,5,No
TXN-0003122,2023-03-29,48668,Hogar,165639,Tarjeta crédito,App móvil,Android,Ibagué,7,5,No
TXN-0004023,2024-05-17,-1,Electrónica,1268118,Tarjeta crédito,App móvil,Desktop,Bogotá,5,5,No
TXN-0005371,2022-11-08,54276,Moda,5000,Contraentrega,App móvil,Android,Barranquilla,2,5,No
TXN-0004756,2023-07-27,-1,Juguetes,79071,Tarjeta débito,Sitio web,Desktop,Bogotá,5,5,No
TXN-0006023,2024-10-22,36226,Libros,81905,Tarjeta débito,Sitio web,Android,Medellín,5,5,No
TXN-0001950,2023-05-07,25372,Belleza,96905,Tarjeta crédito,App móvil,iOS,Barranquilla,1,5,No
TXN-0006165,2024-02-04,16898,Electrónica,558190,Tarjeta débito,App móvil,Android,Bogotá,5,5,No
TXN-0004666,2022-05-23,21516,Moda,96899,PSE,Sitio web,Desktop,Barranquilla,3,5,No
TXN-0003874,2024-03-27,38358,Moda,46694,Contraentrega,App móvil,Desktop,Bogotá,4,5,No
TXN-0001160,2024-04-03,28178,Electrónica,424662,Tarjeta crédito,Sitio web,Android,Medellín,1,5,No
TXN-0005657,2024-02-22,55383,Belleza,81614,Contraentrega,Sitio web,Android,Cali,6,5,No
TXN-0003990,2022-04-25,-1,Moda,137340,Tarjeta débito,App móvil,iOS,Manizales,6,5,No
TXN-0001592,2022-07-09,26862,Alimentos,81181,Tarjeta débito,App móvil,Android,Bucaramanga,1,5,No
TXN-0002702,2022-10-31,14661,Juguetes,70901,Tarjeta crédito,Sitio web,iOS,Bogotá,4,5,No
TXN-0002745,2024-03-31,57416,Belleza,55031,Tarjeta crédito,Sitio web,iOS,Pereira,3,5,No
TXN-0001881,2022-06-27,-1,Moda,122065,Billetera digital,Sitio web,Android,Cúcuta,5,5,No
TXN-0003637,2023-08-02,14631,Juguetes,91709,Tarjeta crédito,Sitio web,Desktop,Bogotá,3,5,No
TXN-0002530,2023-02-18,52292,Alimentos,62872,Tarjeta débito,App móvil,Android,Cali,5,5,No
TXN-0002082,2023-06-14,47898,Libros,74002,Contraentrega,Sitio web,iOS,Cali,8,5,No
TXN-0003183,2024-03-03,44804,Electrónica,941278,Contraentrega,App móvil,iOS,Barranquilla,6,5,No
TXN-0007194,2023-02-23,38871,Hogar,289577,PSE,App móvil,Android,Barranquilla,4,5,No
TXN-0004144,2024-02-27,45938,Mascotas,59069,Tarjeta débito,App móvil,iOS,Bogotá,2,5,No
TXN-0007343,2022-12-17,43864,Tecnología,1372568,Tarjeta crédito,Sitio web,Desktop,Bogotá,4,5,No
TXN-0004126,2022-11-08,25201,Electrónica,952275,PSE,App móvil,Desktop,Bogotá,7,5,No
TXN-0005692,2022-07-31,42260,Electrónica,458183,Tarjeta crédito,App móvil,Android,Bogotá,5,5,No
TXN-0003054,2023-06-27,35758,Belleza,49027,Tarjeta débito,App móvil,Android,Medellín,3,5,No
TXN-0006022,2022-02-13,46136,Alimentos,49301,PSE,Sitio web,Android,Medellín,4,5,No
TXN-0003226,2024-05-18,38572,Hogar,129379,Tarjeta débito,Sitio web,Android,Medellín,5,5,No
TXN-0004598,2023-04-27,50428,Tecnología,1164824,Tarjeta crédito,App móvil,Android,Bogotá,5,5,No
TXN-0001847,2024-06-14,-1,Electrónica,263668,Tarjeta crédito,App móvil,iOS,Cartagena,6,5,No
TXN-0006598,2023-06-15,17575,Alimentos,57482,Tarjeta crédito,App móvil,Android,Cartagena,5,5,No
TXN-0007745,2023-04-07,55569,Deportes,205097,Billetera digital,Sitio web,Android,Barranquilla,6,5,No
TXN-0005282,2024-08-25,49596,Alimentos,58749,Contraentrega,Sitio web,Desktop,Pereira,1,5,No
TXN-0001269,2024-06-27,44548,Electrónica,692971,PSE,Sitio web,Desktop,Cartagena,1,5,No
TXN-0006655,2023-04-04,36343,Moda,71346,Contraentrega,App móvil,Desconocido,Ibagué,4,5,No
TXN-0005953,2023-12-17,45984,Deportes,110347,Tarjeta crédito,App móvil,iOS,Bogotá,7,5,No
TXN-0003231,2023-08-18,21551,Alimentos,48189,Contraentrega,Sitio web,iOS,Cúcuta,5,5,No
TXN-IMPUTADO-0228,2023-02-12,12537,Juguetes,114845,Tarjeta crédito,Sitio web,Android,Medellín,5,5,No
TXN-0005959,2022-11-07,57907,Electrónica,981954,Tarjeta crédito,Sitio web,Android,Bogotá,4,5,No
TXN-0005891,2024-02-04,44784,Hogar,158298,PSE,Sitio web,Android,Cúcuta,2,5,No
TXN-0006003,2022-03-22,33466,Tecnología,618305,PSE,Sitio web,Android,Ibagué,3,5,No
TXN-0007067,2023-05-03,29105,Libros,28741,Tarjeta crédito,App móvil,iOS,Bogotá,4,5,No
TXN-0006646,2023-09-24,21955,Hogar,265710,Billetera digital,Sitio web,Android,Bogotá,6,5,No
TXN-0004529,2022-11-20,58626,Tecnología,539462,Tarjeta crédito,App móvil,iOS,Medellín,3,5,No
TXN-0002302,2024-02-02,46562,Alimentos,51483,Contraentrega,App móvil,Android,Pereira,1,5,No
TXN-0000997,2024-09-23,35165,Moda,77163,Tarjeta crédito,Sitio web,Android,Cúcuta,4,5,No
TXN-0000045,2024-07-03,32517,Hogar,151222,Contraentrega,App móvil,Android,Barranquilla,4,5,No
TXN-0005453,2024-02-08,42415,Tecnología,439371,Tarjeta débito,Sitio web,Android,Cúcuta,4,5,No
TXN-0002740,2024-11-14,57989,Moda,174185,Tarjeta débito,App móvil,Android,Bucaramanga,3,5,No
TXN-0006924,2023-01-30,56088,Electrónica,675235,Contraentrega,Sitio web,Android,Medellín,1,5,No
TXN-0004463,2024-03-06,17588,Electrónica,622693,PSE,App móvil,iOS,Barranquilla,1,5,No
TXN-0005173,2024-07-04,22844,Belleza,96665,Tarjeta crédito,App móvil,Android,Cali,4,5,No
TXN-0005175,2024-11-03,38842,Juguetes,102501,Contraentrega,App móvil,Android,Manizales,1,5,No
TXN-0003839,2022-03-05,48505,Juguetes,109674,Tarjeta débito,Sitio web,Android,Cali,5,5,No
TXN-0006825,2022-03-13,-1,Tecnología,350681,Billetera digital,App móvil,Android,Bogotá,3,5,No
TXN-0000261,2022-07-21,50674,Hogar,276535,Billetera digital,Sitio web,iOS,Bogotá,6,5,No
TXN-0002861,2022-11-20,31285,Hogar,239915,PSE,App móvil,iOS,Cali,2,5,No
TXN-0002784,2022-07-31,-1,Moda,129589,Tarjeta crédito,App móvil,Android,Barranquilla,5,5,No
TXN-0003097,2024-02-07,58701,Electrónica,190864,Tarjeta crédito,Sitio web,Desktop,Pereira,3,5,No
TXN-0006443,2024-12-14,40735,Juguetes,107821,PSE,App móvil,iOS,Medellín,4,5,No
TXN-0004653,2022-09-04,16256,Hogar,183671,PSE,App móvil,Android,Bogotá,9,4,No
TXN-0002624,2023-07-15,25144,Moda,47756,Tarjeta débito,Sitio web,Desktop,Bogotá,2,5,No
TXN-0006163,2022-06-05,44442,Libros,64150,PSE,App móvil,Android,Bucaramanga,4,5,No
TXN-0004669,2022-06-16,42240,Belleza,58912,Contraentrega,App móvil,Android,Medellín,4,5,No
TXN-0007960,2022-12-29,28732,Belleza,51955,Billetera digital,App móvil,iOS,Bogotá,4,5,No
TXN-0003327,2022-04-30,43838,Hogar,294929,Tarjeta débito,App móvil,Desktop,Cartagena,2,5,No
TXN-0006370,2024-08-21,15592,Alimentos,47390,PSE,App móvil,Android,Ibagué,5,5,No
TXN-0000600,,58193,Deportes,176672,Tarjeta débito,App móvil,iOS,Bogotá,2,5,No
TXN-0007606,2023-03-13,39129,Libros,94370,Contraentrega,Sitio web,Android,Bucaramanga,4,5,No
TXN-0006138,2024-10-19,26075,Mascotas,73383,Tarjeta crédito,Sitio web,Android,Bucaramanga,6,5,No
TXN-0000420,2022-02-20,31987,Libros,64236,Tarjeta débito,App móvil,Desconocido,Medellín,5,5,No
TXN-0002137,2023-08-12,12841,Hogar,201172,Tarjeta crédito,App móvil,Android,Cúcuta,6,5,Sí
TXN-0005399,2022-02-08,10886,Tecnología,861213,Tarjeta crédito,App móvil,Android,Bogotá,6,5,No
TXN-0001247,2024-11-13,31912,Deportes,100196,PSE,App móvil,Android,Cali,3,5,No
TXN-0001233,2023-04-11,29310,Belleza,100591,PSE,App móvil,iOS,Cúcuta,4,5,No
TXN-0005545,2022-11-01,36373,Alimentos,34408,PSE,App móvil,Android,Barranquilla,3,5,No
TXN-0002267,2024-06-04,12019,Deportes,202968,Tarjeta crédito,Sitio web,Android,Cali,6,5,No
TXN-0006452,2024-05-09,47702,Moda,84746,Tarjeta crédito,Sitio web,Android,Bogotá,2,5,No
TXN-0002205,2022-05-13,53827,Electrónica,831010,PSE,Sitio web,Android,Bogotá,1,5,No
TXN-0001813,2022-05-27,59653,Moda,84675,PSE,App móvil,Android,Cali,3,5,No
TXN-0006316,2023-09-10,10294,Mascotas,20173,PSE,Sitio web,Android,Bogotá,2,5,No
TXN-0005563,2024-01-04,40660,Electrónica,638073,Tarjeta crédito,App móvil,iOS,Cúcuta,1,5,No
TXN-0000276,2022-01-05,45890,Alimentos,48168,Tarjeta débito,App móvil,Desktop,Bucaramanga,6,5,No
TXN-0000706,2023-07-24,31724,Belleza,136584,Contraentrega,Sitio web,Android,Medellín,5,5,No
TXN-0003843,,58764,Electrónica,146796,Tarjeta débito,Sitio web,Desktop,Barranquilla,3,5,No
TXN-0006431,2024-03-07,41449,Libros,31244,Contraentrega,App móvil,Android,Cali,6,5,No
TXN-0007235,2022-05-25,43403,Juguetes,40627,Tarjeta crédito,App móvil,iOS,Cali,4,5,No
TXN-0004550,2022-07-21,-1,Belleza,60450,Tarjeta débito,App móvil,Desktop,Cali,6,5,No
TXN-0000114,2024-06-09,42498,Hogar,116092,Tarjeta crédito,Sitio web,Desktop,Medellín,6,5,No
TXN-0004168,2024-04-22,10778,Mascotas,91018,PSE,App móvil,Android,Cartagena,2,5,No
TXN-0006125,2023-09-28,49233,Alimentos,20100,Tarjeta crédito,App móvil,Android,Barranquilla,6,5,No
TXN-0004014,2023-07-03,-1,Electrónica,808656,Tarjeta débito,App móvil,Android,Bogotá,7,5,No
TXN-0002131,2023-06-08,52819,Moda,123479,Billetera digital,App móvil,Desktop,Bogotá,8,3,No
TXN-0003229,2024-09-07,48519,Tecnología,945210,Tarjeta débito,App móvil,Android,Bogotá,7,5,No
TXN-0002927,2024-12-13,30094,Tecnología,1008252,Tarjeta crédito,App móvil,Android,Manizales,6,5,No
TXN-0000142,2022-07-10,44601,Hogar,222020,Tarjeta crédito,Sitio web,Android,Medellín,8,4,No
TXN-0006160,2024-09-12,11760,Deportes,107008,Tarjeta crédito,Sitio web,iOS,Medellín,3,5,No
TXN-0005922,2024-10-22,21671,Mascotas,80245,Billetera digital,Sitio web,Android,Medellín,2,5,No
TXN-0007434,2023-11-07,37316,Alimentos,41368,Contraentrega,App móvil,iOS,Manizales,2,5,No
TXN-0006680,2023-08-24,53792,Moda,86522,Tarjeta débito,App móvil,Desktop,Cartagena,3,5,No
TXN-0006386,2024-10-13,24150,Hogar,159956,Tarjeta débito,Sitio web,Desktop,Cali,6,5,No
TXN-0005015,2023-01-24,18528,Hogar,184210,Contraentrega,Sitio web,iOS,Cali,3,5,No
TXN-0004548,2024-05-25,39186,Alimentos,16272,Billetera digital,App móvil,Android,Pereira,3,5,No
TXN-0004580,2022-08-18,50049,Belleza,104093,Tarjeta crédito,App móvil,Android,Bogotá,3,5,No
TXN-0006549,2022-10-22,52791,Deportes,103972,Tarjeta crédito,App móvil,Android,Barranquilla,4,5,No
TXN-0006792,2024-04-09,39128,Libros,44244,PSE,App móvil,Desktop,Bogotá,5,5,No
TXN-0005611,2023-08-02,54083,Hogar,166564,Tarjeta crédito,Sitio web,iOS,Bogotá,4,5,No
TXN-0006489,2023-05-08,48129,Electrónica,964491,Tarjeta débito,App móvil,Android,Pereira,4,5,No
TXN-IMPUTADO-0229,2023-12-23,28519,Electrónica,447183,Tarjeta crédito,App móvil,Android,Barranquilla,5,5,No
TXN-0003766,2022-06-10,30756,Belleza,143462,Tarjeta débito,App móvil,Desktop,Cartagena,6,5,No
TXN-0004836,2023-01-28,11797,Libros,72844,Tarjeta débito,App móvil,Android,Cali,6,5,No
TXN-0003989,2022-10-06,12871,Electrónica,347177,Tarjeta débito,App móvil,Android,Cali,5,5,No
TXN-0002413,2024-05-18,18530,Juguetes,119266,Tarjeta crédito,Sitio web,Android,Medellín,3,5,No
TXN-0001654,2024-04-06,58542,Deportes,179652,Tarjeta crédito,App móvil,iOS,Bogotá,4,5,No
TXN-0003532,2023-08-30,52881,Moda,152025,Billetera digital,App móvil,Android,Medellín,6,5,No
TXN-0000105,2022-05-06,54966,Tecnología,481492,Tarjeta crédito,App móvil,Desktop,Bogotá,4,5,No
TXN-0004053,2023-09-19,38190,Alimentos,49571,Contraentrega,App móvil,Desktop,Cartagena,4,5,No
TXN-0001858,2023-12-23,11262,Alimentos,70799,PSE,App móvil,Desktop,Cali,2,5,No
TXN-IMPUTADO-0230,2023-05-22,25204,Electrónica,527512,Tarjeta débito,Sitio web,Android,Bogotá,6,5,No
TXN-0007837,2024-06-11,52417,Mascotas,49930,Tarjeta crédito,App móvil,Desktop,Bogotá,6,5,No
TXN-0007922,2022-05-31,19150,Electrónica,130080,Tarjeta débito,Sitio web,iOS,Cartagena,6,5,No
TXN-0002330,2024-04-24,52088,Moda,54252,Tarjeta débito,Sitio web,Android,Bogotá,5,5,No
TXN-0003977,2024-01-02,23832,Juguetes,119204,Tarjeta crédito,App móvil,iOS,Ibagué,3,5,No
TXN-0003890,2024-04-20,19193,Moda,123871,Contraentrega,Sitio web,Android,Bucaramanga,4,5,No
TXN-0002710,2023-06-06,24976,Mascotas,37269,Tarjeta débito,App móvil,iOS,Pereira,1,5,No
TXN-0004338,2024-02-10,51442,Belleza,42272,Contraentrega,App móvil,iOS,Bucaramanga,4,5,No
TXN-0002479,2024-03-25,43648,Hogar,160632,Tarjeta débito,App móvil,Android,Bogotá,3,5,No
TXN-0002863,2024-07-15,57467,Tecnología,414605,Billetera digital,App móvil,Android,Medellín,4,5,No
TXN-0007987,2023-03-29,13293,Moda,157172,Tarjeta crédito,App móvil,Android,Medellín,5,5,No
TXN-0007372,2024-11-02,17771,Tecnología,1028821,Contraentrega,App móvil,Android,Cali,5,5,No
TXN-0006085,2022-12-18,21250,Deportes,60277,Tarjeta crédito,App móvil,Android,Bogotá,4,5,No
TXN-0005666,2023-05-06,-1,Moda,213269,Tarjeta crédito,App móvil,iOS,Cali,1,5,No
TXN-0005716,2022-05-08,53183,Tecnología,1022544,Billetera digital,Sitio web,Desktop,Cali,4,5,No
TXN-0006775,2022-02-17,21923,Deportes,151558,Tarjeta crédito,App móvil,Android,Medellín,5,5,No
TXN-0004193,2022-03-02,50783,Hogar,284474,Tarjeta débito,App móvil,Android,Bogotá,3,5,No
TXN-0002516,2024-07-06,55841,Electrónica,731674,Tarjeta crédito,Sitio web,Android,Medellín,6,5,No
TXN-0007607,2022-10-08,48351,Deportes,188319,Billetera digital,Sitio web,Android,Cartagena,4,5,No
TXN-0003565,2022-02-21,35366,Tecnología,1079311,Contraentrega,App móvil,Android,Medellín,5,5,No
TXN-0005287,2024-06-19,58914,Electrónica,1326805,Tarjeta crédito,App móvil,iOS,Bogotá,3,5,No
TXN-0000085,2022-06-05,30028,Electrónica,803833,Tarjeta crédito,App móvil,Android,Bogotá,6,5,No
TXN-0006846,2023-12-29,27805,Libros,67753,Tarjeta débito,Sitio web,Android,Bogotá,4,5,No
TXN-0001719,2023-07-26,21964,Mascotas,47628,Tarjeta crédito,App móvil,Android,Medellín,10,4,No
TXN-0004106,2023-08-04,18533,Moda,130265,Contraentrega,App móvil,Android,Cartagena,4,5,No
TXN-0002653,2023-09-25,22484,Belleza,112982,PSE,App móvil,Android,Bogotá,3,5,No
TXN-0004975,2024-04-07,59813,Electrónica,720442,Tarjeta débito,Sitio web,iOS,Manizales,1,5,No
TXN-0001340,2024-03-30,59604,Libros,63956,PSE,Sitio web,Android,Barranquilla,3,5,No
TXN-0004870,2023-10-13,11646,Deportes,27678,Tarjeta crédito,App móvil,Desktop,Bucaramanga,8,3,No
TXN-0005482,2024-01-01,40431,Alimentos,46673,Contraentrega,Sitio web,iOS,Medellín,4,5,No
TXN-0007307,2022-10-25,12641,Belleza,108685,PSE,App móvil,Android,Cartagena,11,3,No
TXN-0003896,2022-10-14,14314,Electrónica,601019,PSE,App móvil,Android,Cúcuta,4,5,No
TXN-0000277,2022-06-14,-1,Deportes,70068,PSE,App móvil,Desktop,Medellín,3,5,No
TXN-0001409,2022-10-03,20905,Hogar,284661,Tarjeta débito,App móvil,Android,Ibagué,4,5,No
TXN-0005689,2023-07-01,34122,Electrónica,453673,Contraentrega,App móvil,Desconocido,Medellín,5,5,No
TXN-0001373,2023-03-23,32936,Tecnología,1125806,Tarjeta crédito,Sitio web,Android,Cartagena,5,5,No
TXN-0003845,2024-12-23,16150,Moda,139870,Tarjeta crédito,App móvil,Android,Cali,8,5,No
TXN-0003995,2023-12-24,50283,Deportes,30241,PSE,Sitio web,iOS,Medellín,4,5,No
TXN-0004185,2024-02-19,-1,Alimentos,29589,Billetera digital,App móvil,iOS,Bogotá,6,5,No
TXN-0000091,2022-04-12,35270,Electrónica,806461,Contraentrega,App móvil,Desktop,Bogotá,5,5,No
TXN-0006910,2023-12-12,24041,Libros,67155,Tarjeta débito,App móvil,Android,Barranquilla,10,3,No
TXN-0004377,2024-11-12,23902,Belleza,69018,Tarjeta crédito,Sitio web,Android,Bogotá,2,5,No
TXN-0003056,2023-03-05,44279,Moda,167028,PSE,Sitio web,Android,Cali,5,5,No
TXN-0001907,,38804,Moda,135917,Tarjeta crédito,App móvil,Android,Pereira,3,5,No
TXN-0002700,2022-04-09,48720,Hogar,82444,PSE,App móvil,Android,Bogotá,2,5,No
TXN-0005581,2023-01-06,59561,Alimentos,33518,Tarjeta crédito,App móvil,Desktop,Bogotá,7,5,No
TXN-0007701,2023-07-14,57626,Alimentos,69415,Tarjeta crédito,App móvil,Android,Medellín,5,5,No
TXN-0001824,,48197,Juguetes,85721,Tarjeta crédito,App móvil,Desktop,Cartagena,4,5,No
TXN-0005421,2022-06-21,13214,Belleza,97670,PSE,App móvil,Android,Cali,6,5,No
TXN-0003418,2024-05-20,20700,Tecnología,1237065,Contraentrega,App móvil,iOS,Cali,5,5,No
TXN-0007371,2024-02-28,24637,Hogar,74691,Tarjeta crédito,App móvil,Android,Manizales,3,5,No
TXN-0001427,2024-01-25,32306,Electrónica,1007730,Tarjeta débito,Sitio web,iOS,Cúcuta,5,5,No
TXN-0003413,2022-10-18,53132,Deportes,126987,Contraentrega,App móvil,Android,Cartagena,6,5,No
TXN-0005089,2022-08-13,10961,Deportes,96140,Tarjeta crédito,App móvil,iOS,Manizales,5,5,No
TXN-0004462,2024-03-27,36045,Moda,152702,Tarjeta débito,Sitio web,Android,Cartagena,1,5,No
TXN-0002072,2024-12-10,41382,Electrónica,812161,Tarjeta débito,App móvil,iOS,Pereira,2,5,No
TXN-0007514,2022-07-09,43770,Deportes,139240,Tarjeta crédito,Sitio web,Desktop,Pereira,4,5,No
TXN-0004773,2022-06-18,49545,Electrónica,667951,PSE,App móvil,Desktop,Medellín,5,5,No
TXN-0002027,2022-10-02,52043,Alimentos,12523,Tarjeta crédito,App móvil,Android,Barranquilla,4,5,No
TXN-IMPUTADO-0231,2024-08-17,41889,Deportes,97289,Tarjeta débito,Sitio web,Android,Medellín,5,5,No
TXN-0005286,2022-02-20,53932,Tecnología,1493711,Billetera digital,App móvil,iOS,Bogotá,6,5,No
TXN-0007503,2022-10-06,12869,Hogar,167073,PSE,Sitio web,Android,Bogotá,2,5,No
TXN-0002359,2024-03-12,53672,Electrónica,846731,Tarjeta crédito,App móvil,Android,Manizales,3,5,No
TXN-0003109,2023-09-30,36210,Tecnología,809781,Billetera digital,App móvil,Android,Medellín,5,5,No
TXN-0006785,2023-06-27,31387,Electrónica,1050894,PSE,App móvil,Android,Pereira,4,5,No
TXN-0003426,2023-10-19,19636,Alimentos,13795,Tarjeta crédito,Sitio web,Android,Bogotá,3,5,No
TXN-0001760,2024-05-06,38055,Libros,47726,Tarjeta débito,Sitio web,Desktop,Bogotá,6,5,No
TXN-0003452,2023-11-02,18435,Belleza,125098,PSE,App móvil,iOS,Medellín,5,5,No
TXN-0002289,2022-07-19,15693,Hogar,106003,Tarjeta crédito,App móvil,Desktop,Bogotá,6,5,No
TXN-0002715,2024-11-05,57818,Moda,160768,PSE,Sitio web,iOS,Bogotá,1,5,No
TXN-0001343,2022-03-10,12114,Belleza,66581,Billetera digital,Sitio web,Android,Bogotá,2,5,No
TXN-0004191,2024-12-01,43487,Deportes,134433,Billetera digital,App móvil,Android,Bogotá,3,5,No
TXN-0005383,2024-09-20,53142,Deportes,158303,PSE,Sitio web,Desktop,Bogotá,6,5,No
TXN-0002147,2024-12-04,24775,Libros,64764,PSE,App móvil,Android,Cali,4,5,No
TXN-0000168,2022-02-27,59839,Alimentos,32374,PSE,App móvil,Desktop,Barranquilla,2,5,No
TXN-0000497,2024-05-20,56722,Deportes,93586,PSE,App móvil,Android,Bogotá,1,5,No
TXN-0005846,2023-11-29,55194,Alimentos,25037,Billetera digital,Sitio web,Android,Bogotá,3,5,No
TXN-0006420,2023-11-17,46230,Electrónica,972172,PSE,Sitio web,iOS,Cúcuta,6,5,No
TXN-0003162,2024-03-10,16306,Belleza,145888,PSE,App móvil,iOS,Bogotá,4,5,No
TXN-0004811,2024-12-09,35701,Juguetes,59450,Tarjeta crédito,App móvil,Desktop,Bucaramanga,5,5,No
TXN-0005636,2022-09-27,54371,Electrónica,910787,Tarjeta débito,Sitio web,Android,Manizales,2,5,No
TXN-0006912,,31477,Libros,60410,Tarjeta crédito,App móvil,Android,Bogotá,2,5,No
TXN-0004428,,14767,Electrónica,890289,PSE,Sitio web,Android,Cúcuta,3,5,No
TXN-0000220,2024-09-20,27596,Libros,73753,Tarjeta débito,Sitio web,iOS,Pereira,4,5,No
TXN-0002482,2022-05-04,50385,Electrónica,768796,Tarjeta crédito,Sitio web,Android,Bogotá,3,5,No
TXN-0007989,2023-03-12,35170,Juguetes,82141,Contraentrega,App móvil,Android,Cartagena,6,5,No
TXN-0006470,2024-09-01,55688,Deportes,81937,Contraentrega,Sitio web,iOS,Bogotá,2,5,No
TXN-0002535,2022-06-27,15743,Mascotas,75226,PSE,App móvil,Android,Barranquilla,3,5,No
TXN-0003731,2024-01-28,30165,Juguetes,33121,Tarjeta débito,Sitio web,iOS,Medellín,4,5,No
TXN-0001538,,40062,Deportes,143069,Tarjeta débito,App móvil,iOS,Manizales,8,3,No
TXN-0004628,2022-08-24,20503,Moda,89492,Billetera digital,Sitio web,iOS,Bogotá,2,5,No
TXN-0005961,2023-01-12,19734,Belleza,72239,Tarjeta débito,App móvil,Desktop,Manizales,5,5,No
TXN-0007800,2022-10-07,38581,Juguetes,89542,Billetera digital,App móvil,Android,Medellín,7,5,No
TXN-0006405,2023-06-26,30971,Moda,132757,Tarjeta crédito,Sitio web,Desktop,Bogotá,5,5,No
TXN-0006077,2022-03-31,11569,Mascotas,61704,Billetera digital,App móvil,Android,Bogotá,1,5,No
TXN-0006955,2023-07-10,20333,Moda,163395,Contraentrega,App móvil,Android,Cali,4,5,No
TXN-0000306,2022-07-03,31192,Hogar,214980,PSE,Sitio web,Android,Barranquilla,4,5,No
TXN-0007738,2023-07-07,42112,Juguetes,55318,Tarjeta débito,Sitio web,Desktop,Cúcuta,1,5,No
TXN-0003844,2022-01-10,10373,Electrónica,816546,Tarjeta crédito,App móvil,Android,Bogotá,5,5,No
TXN-0005746,2024-06-30,13806,Mascotas,116435,Tarjeta crédito,Sitio web,Desktop,Bogotá,6,5,No
TXN-0000197,2023-10-30,41825,Moda,84371,Tarjeta débito,Sitio web,Android,Cali,7,5,No
TXN-0005261,2024-05-30,15959,Tecnología,1045674,PSE,App móvil,iOS,Bogotá,5,5,No
TXN-0005715,2023-04-23,22749,Belleza,140084,Tarjeta crédito,App móvil,iOS,Medellín,7,5,No
TXN-0001147,2023-10-10,24980,Mascotas,38315,Contraentrega,App móvil,iOS,Medellín,8,3,No
TXN-0004591,2023-03-27,52501,Hogar,234697,Tarjeta crédito,Sitio web,Desconocido,Cali,5,5,No
TXN-0000111,2023-10-31,15797,Belleza,95517,Tarjeta crédito,App móvil,Android,Pereira,7,5,No
TXN-0005205,2022-07-08,35786,Electrónica,727327,PSE,App móvil,Android,Medellín,2,5,No
TXN-0005366,2024-02-20,24402,Libros,85179,Tarjeta débito,Sitio web,iOS,Cali,2,5,No
TXN-0006658,2022-12-18,25325,Hogar,254169,PSE,App móvil,Android,Bogotá,2,5,No
TXN-IMPUTADO-0232,2022-02-23,16670,Deportes,79793,Tarjeta crédito,App móvil,iOS,Pereira,2,5,No
TXN-IMPUTADO-0233,2023-01-12,43932,Juguetes,76526,Tarjeta crédito,Sitio web,Android,Bogotá,4,5,No
TXN-0004466,2023-09-05,48508,Electrónica,868199,PSE,Sitio web,Android,Barranquilla,6,5,No
TXN-0007998,2022-07-31,53063,Alimentos,44296,Contraentrega,Sitio web,iOS,Cúcuta,7,5,No
TXN-0004890,2022-06-23,39501,Deportes,125292,Tarjeta crédito,App móvil,Desktop,Barranquilla,4,5,No
TXN-0007243,2022-08-23,44061,Alimentos,79754,PSE,Sitio web,Android,Bogotá,3,5,No
TXN-0007461,2023-10-04,44828,Belleza,79972,Tarjeta crédito,App móvil,iOS,Medellín,1,5,No
TXN-0000927,2024-01-14,24887,Hogar,154649,Tarjeta crédito,Sitio web,Android,Cali,3,5,No
TXN-0006418,2023-05-15,20999,Moda,94697,PSE,App móvil,iOS,Barranquilla,6,5,No
TXN-0001816,2022-05-21,56181,Belleza,36256,PSE,App móvil,Desktop,Bogotá,5,5,No
TXN-0004493,2022-01-02,45085,Belleza,112722,Tarjeta crédito,Sitio web,iOS,Bogotá,4,5,Sí
TXN-0005275,2024-04-30,47490,Belleza,90994,Tarjeta débito,Sitio web,Android,Bogotá,2,5,No
TXN-0006934,2024-06-20,42539,Alimentos,40647,Billetera digital,App móvil,iOS,Ibagué,6,5,No
TXN-0005312,2023-07-14,45932,Moda,135141,Billetera digital,App móvil,Android,Medellín,4,5,No
TXN-0000798,2024-10-02,26267,Moda,48732,PSE,App móvil,Android,Bogotá,2,5,No
TXN-0001299,2023-07-12,24504,Belleza,126219,Billetera digital,App móvil,Android,Cartagena,3,5,No
TXN-0003260,2023-04-14,10388,Deportes,209205,Tarjeta crédito,App móvil,iOS,Medellín,7,5,No
TXN-0007219,2022-09-23,57084,Juguetes,56956,Tarjeta débito,App móvil,Desktop,Cali,7,5,No
TXN-0001063,2023-10-24,19419,Libros,79686,Billetera digital,Sitio web,Desconocido,Medellín,6,5,Sí
TXN-0007106,2023-05-18,30894,Deportes,140114,Contraentrega,App móvil,Android,Ibagué,8,3,No
TXN-0004515,2023-01-11,41185,Moda,146278,Tarjeta crédito,Sitio web,Android,Barranquilla,2,5,No
TXN-0007613,2022-02-19,48446,Hogar,71641,Contraentrega,App móvil,Android,Bogotá,6,5,No
TXN-0003281,2022-03-14,57874,Alimentos,57120,Billetera digital,Sitio web,iOS,Cali,1,5,No
TXN-0004472,2022-03-04,18448,Belleza,75476,Tarjeta crédito,App móvil,Desktop,Bogotá,6,5,No
TXN-0006608,2024-07-08,38986,Tecnología,1205513,Contraentrega,App móvil,Desktop,Pereira,3,5,No
TXN-0004567,2024-02-21,18613,Belleza,55003,Contraentrega,App móvil,Android,Manizales,4,5,No
TXN-0005638,2024-01-28,26801,Mascotas,84800,Billetera digital,Sitio web,Android,Bogotá,6,5,No
TXN-0007244,2023-01-21,36295,Moda,82305,Tarjeta débito,App móvil,Desconocido,Bogotá,1,5,No
TXN-0003321,2022-02-25,59817,Juguetes,92580,Billetera digital,App móvil,Android,Bogotá,3,5,No
TXN-0006704,2022-11-10,43306,Hogar,73108,Tarjeta débito,Sitio web,Desconocido,Cúcuta,5,5,No
TXN-IMPUTADO-0234,2022-05-13,21658,Hogar,139924,Tarjeta crédito,Sitio web,iOS,Medellín,3,5,No
TXN-0006727,2022-12-02,44072,Libros,27799,Tarjeta débito,App móvil,iOS,Barranquilla,3,5,No
TXN-0003972,2022-06-08,41320,Hogar,109346,Billetera digital,App móvil,Android,Pereira,2,5,No
TXN-0003318,2022-12-02,57626,Belleza,145950,Tarjeta crédito,App móvil,Android,Medellín,2,5,No
TXN-0001360,2024-08-02,29291,Hogar,193966,Tarjeta débito,App móvil,Android,Bogotá,4,5,No
TXN-0001762,2023-12-13,45672,Electrónica,585671,Tarjeta crédito,Sitio web,Android,Medellín,3,5,No
TXN-0004895,2024-11-10,37862,Libros,69254,Tarjeta crédito,App móvil,Android,Barranquilla,4,5,No
TXN-0002060,2024-03-07,45177,Hogar,126967,Contraentrega,App móvil,iOS,Barranquilla,7,5,No
TXN-0002893,2023-06-28,43255,Electrónica,1127614,Tarjeta débito,App móvil,Android,Manizales,4,5,No
TXN-0003735,2022-10-12,24271,Deportes,94452,Contraentrega,Sitio web,iOS,Bogotá,6,5,No
TXN-0003558,2024-05-25,39026,Libros,42805,Tarjeta crédito,Sitio web,Desconocido,Barranquilla,3,5,No
TXN-0001487,2024-07-15,22219,Mascotas,68497,Billetera digital,App móvil,Desktop,Cartagena,5,5,No
TXN-0004635,2024-08-25,32722,Electrónica,589489,Tarjeta crédito,Sitio web,iOS,Medellín,5,5,Sí
TXN-0006772,2022-11-04,12321,Moda,106780,PSE,Sitio web,Android,Medellín,3,5,No
TXN-0006426,2024-11-07,58408,Electrónica,720757,Contraentrega,App móvil,Android,Barranquilla,6,5,No
TXN-0007422,2024-01-16,50185,Deportes,110868,Tarjeta débito,App móvil,Android,Medellín,3,5,No
TXN-0005080,2024-04-08,38713,Electrónica,803267,Billetera digital,App móvil,Desconocido,Bogotá,5,5,No
TXN-0003780,2022-07-20,29646,Electrónica,654765,Tarjeta crédito,Sitio web,Android,Bucaramanga,2,5,No
TXN-0004577,2023-12-19,13091,Deportes,65521,Tarjeta débito,Sitio web,iOS,Pereira,5,5,No
TXN-0005576,2024-11-08,48336,Alimentos,41605,Tarjeta crédito,Sitio web,Desconocido,Bogotá,4,5,No
TXN-0004320,2024-04-16,32130,Belleza,64963,PSE,App móvil,iOS,Cali,2,5,No
TXN-0000673,2024-02-10,14271,Moda,111064,Billetera digital,Sitio web,Desktop,Bogotá,4,5,No
TXN-0007388,,-1,Electrónica,689561,Tarjeta crédito,Sitio web,iOS,Cali,3,5,No
TXN-0007111,2024-02-12,33263,Juguetes,45904,Tarjeta crédito,App móvil,Android,Bogotá,6,5,No
TXN-0007594,2024-03-10,24170,Belleza,135525,Tarjeta crédito,Sitio web,iOS,Cartagena,4,5,No
TXN-0004072,2024-04-13,22931,Electrónica,677847,Tarjeta crédito,App móvil,Android,Bogotá,4,5,No
TXN-0001394,2023-09-30,57158,Libros,56623,Tarjeta crédito,Sitio web,Desktop,Medellín,4,5,No
TXN-0007294,2022-09-22,16312,Belleza,111583,Tarjeta crédito,Sitio web,Android,Cali,2,5,No
TXN-0003142,2022-04-22,51721,Tecnología,1634148,Tarjeta crédito,App móvil,Android,Bucaramanga,9,5,No
TXN-0002654,2023-01-01,50522,Tecnología,5000,Tarjeta crédito,App móvil,Android,Cali,8,5,No
TXN-0005091,2023-04-01,56649,Electrónica,460650,Tarjeta débito,App móvil,Desconocido,Cartagena,2,5,No
TXN-0000581,2022-03-16,25048,Alimentos,61077,Tarjeta crédito,Sitio web,iOS,Medellín,3,5,No
TXN-0001046,2023-05-17,12258,Deportes,173269,Tarjeta débito,App móvil,Android,Manizales,4,5,No
TXN-0004174,2023-08-29,48228,Moda,63801,Contraentrega,App móvil,Android,Cali,3,5,No
TXN-0002596,2022-04-24,19061,Juguetes,127379,Billetera digital,App móvil,Android,Bogotá,5,5,No
TXN-0007855,2023-06-25,47282,Belleza,56723,Tarjeta crédito,App móvil,iOS,Bogotá,5,5,No
TXN-0002797,2022-02-18,34168,Alimentos,45110,Tarjeta crédito,Sitio web,Desktop,Cartagena,1,5,No
TXN-0003478,2023-04-28,18930,Belleza,114688,Tarjeta crédito,App móvil,Android,Bogotá,4,5,No
TXN-0005855,2023-01-19,32705,Electrónica,350794,Tarjeta crédito,App móvil,Android,Bogotá,3,5,No
TXN-0004923,2023-12-26,50422,Hogar,275043,Contraentrega,Sitio web,Android,Bogotá,2,5,No
TXN-0004222,2023-12-27,22781,Moda,81700,Tarjeta débito,App móvil,Android,Bucaramanga,1,5,No
TXN-0005349,,44802,Moda,121322,PSE,App móvil,Desktop,Pereira,5,5,Sí
TXN-0006902,2024-09-10,32536,Juguetes,39026,Tarjeta débito,Sitio web,Android,Medellín,2,5,No
TXN-0003115,2022-12-01,58998,Belleza,121244,Tarjeta débito,App móvil,Android,Pereira,3,5,No
TXN-0003589,2024-02-07,29550,Libros,63517,Tarjeta débito,App móvil,Android,Bogotá,5,5,No
TXN-0003962,2022-01-13,23120,Hogar,140326,Tarjeta crédito,App móvil,Desktop,Bogotá,8,5,No
TXN-0001961,2023-02-01,25982,Juguetes,76365,Tarjeta débito,Sitio web,Android,Cúcuta,5,5,No
TXN-0001933,2024-05-06,-1,Moda,43907,Tarjeta débito,Sitio web,Desktop,Ibagué,4,5,No
TXN-0001597,2023-04-29,52977,Moda,57532,PSE,App móvil,Android,Bogotá,6,5,No
TXN-0004673,,51595,Alimentos,59855,Billetera digital,App móvil,Android,Bogotá,4,5,No
TXN-0005672,2023-12-18,55539,Electrónica,294686,Billetera digital,App móvil,iOS,Bogotá,5,5,Sí
TXN-0004718,2022-04-21,22788,Moda,188010,Tarjeta crédito,Sitio web,Android,Manizales,5,5,Sí
TXN-0000768,2023-05-22,27526,Belleza,124647,Tarjeta crédito,App móvil,Android,Bogotá,3,5,No
TXN-0007543,2024-03-29,53933,Electrónica,1006385,Billetera digital,Sitio web,iOS,Bogotá,7,5,No
TXN-0005326,2022-01-16,43701,Moda,107986,Tarjeta débito,Sitio web,Android,Medellín,4,5,No
TXN-0005437,2022-11-18,45256,Hogar,220876,Tarjeta crédito,App móvil,iOS,Barranquilla,6,5,No
TXN-0000660,2023-05-06,33811,Belleza,54477,Tarjeta crédito,App móvil,iOS,Manizales,4,5,No
TXN-0007175,2023-11-18,38536,Belleza,95123,Tarjeta crédito,Sitio web,iOS,Bogotá,5,5,No
TXN-0004957,2024-07-09,15099,Hogar,211911,Tarjeta crédito,App móvil,Android,Cali,4,5,No
TXN-0006947,2023-10-25,48978,Moda,174500,Tarjeta débito,Sitio web,Android,Ibagué,7,5,No
TXN-0005907,2023-10-28,28493,Moda,54735,Tarjeta crédito,App móvil,iOS,Cartagena,7,5,No
TXN-0006989,,58456,Belleza,83554,Contraentrega,App móvil,iOS,Bogotá,2,5,No
TXN-IMPUTADO-0235,2022-01-20,10640,Belleza,128789,Tarjeta crédito,App móvil,iOS,Cali,2,5,No
TXN-0007749,2022-03-30,39495,Hogar,209008,Contraentrega,App móvil,iOS,Bogotá,3,5,No
TXN-0003573,2024-11-12,36215,Moda,93054,Tarjeta crédito,Sitio web,iOS,Cartagena,3,5,No
TXN-0000623,2024-07-23,25832,Deportes,124656,Contraentrega,App móvil,iOS,Cali,2,5,No
TXN-0007783,2024-01-06,44896,Deportes,66992,PSE,App móvil,Android,Barranquilla,1,5,No
TXN-IMPUTADO-0236,2023-04-08,48610,Moda,87471,Tarjeta crédito,App móvil,Android,Bogotá,7,5,No
TXN-0004379,2023-03-25,28063,Electrónica,743118,Tarjeta crédito,App móvil,Android,Bogotá,6,5,No
TXN-0004052,2024-10-04,34040,Hogar,259765,Tarjeta débito,App móvil,iOS,Cúcuta,3,5,No
TXN-0002683,2022-12-12,25664,Hogar,142622,Billetera digital,Sitio web,iOS,Barranquilla,8,3,No
TXN-0005711,2024-12-09,57736,Alimentos,54277,Tarjeta crédito,Sitio web,Android,Ibagué,6,5,No
TXN-0001185,2024-11-21,20740,Moda,52164,Contraentrega,Sitio web,Android,Cali,4,5,No
TXN-0001974,2023-01-25,58612,Electrónica,989736,Tarjeta débito,Sitio web,Android,Cartagena,5,5,No
TXN-0006619,2024-01-14,22184,Libros,27416,Tarjeta crédito,App móvil,iOS,Barranquilla,5,5,No
TXN-0004552,2023-07-02,20283,Alimentos,51476,Billetera digital,App móvil,Desktop,Bogotá,5,5,No
TXN-0006465,2022-03-12,20350,Deportes,77013,Tarjeta crédito,Sitio web,Android,Manizales,9,4,No
TXN-0003859,2022-05-19,10571,Deportes,160329,Contraentrega,Sitio web,iOS,Barranquilla,6,5,No
TXN-0004531,2022-02-08,59098,Electrónica,814545,Tarjeta crédito,App móvil,Android,Bogotá,4,5,Sí
TXN-0003736,2022-10-29,28963,Tecnología,842627,Contraentrega,Sitio web,Android,Pereira,3,5,No
TXN-0002936,2022-09-13,55848,Juguetes,83444,Tarjeta crédito,App móvil,iOS,Bucaramanga,5,5,No
TXN-0004396,2024-02-19,46250,Juguetes,117853,PSE,App móvil,Android,Bogotá,5,5,No
TXN-0005859,2023-05-20,24067,Alimentos,48116,Tarjeta crédito,Sitio web,Android,Cartagena,7,5,No
TXN-0006581,2024-10-27,49651,Electrónica,1093561,Tarjeta crédito,Sitio web,Desktop,Bogotá,7,5,No
TXN-0003993,2022-09-27,55217,Electrónica,818593,Tarjeta crédito,App móvil,Android,Cali,3,5,No
TXN-0007923,2024-11-03,22847,Tecnología,856331,Billetera digital,Sitio web,Android,Barranquilla,4,5,No
TXN-0006029,2023-01-24,49291,Moda,105867,PSE,App móvil,Android,Medellín,3,5,No
TXN-0004535,2024-05-26,25801,Hogar,146960,PSE,Sitio web,iOS,Manizales,7,5,No
TXN-0002374,2023-05-01,23159,Deportes,133630,PSE,App móvil,Desktop,Cali,2,5,No
TXN-0006121,2023-08-27,37041,Tecnología,1547599,PSE,Sitio web,Android,Cali,7,5,No
TXN-0002452,2023-11-13,49633,Electrónica,872671,Contraentrega,Sitio web,Desktop,Barranquilla,6,5,No
TXN-0003338,2024-10-11,45092,Hogar,276426,Tarjeta crédito,App móvil,Android,Barranquilla,7,5,No
TXN-0006709,2023-04-19,47408,Moda,225126,Tarjeta crédito,App móvil,Android,Bogotá,2,5,No
TXN-0005723,2022-06-05,28441,Electrónica,340523,PSE,App móvil,Android,Bucaramanga,7,5,No
TXN-0004009,2022-06-14,30469,Moda,153477,Tarjeta crédito,App móvil,Android,Barranquilla,3,5,No
TXN-0004389,2022-08-02,42415,Alimentos,60437,PSE,Sitio web,iOS,Bogotá,4,5,No
TXN-0001838,2022-12-01,46119,Moda,116596,Tarjeta crédito,Sitio web,Android,Bucaramanga,5,5,No
TXN-0004375,2022-08-06,24027,Alimentos,66451,PSE,App móvil,Android,Bogotá,2,5,No
TXN-0000656,2023-09-09,37230,Deportes,51119,Tarjeta crédito,Sitio web,Android,Barranquilla,7,5,No
TXN-0001059,2023-12-25,52883,Belleza,61276,Tarjeta crédito,App móvil,Desktop,Bucaramanga,3,5,No
TXN-0000733,2022-06-15,56607,Tecnología,174980,Contraentrega,App móvil,Android,Bogotá,4,5,No
TXN-0003784,2022-03-29,58473,Electrónica,410619,PSE,App móvil,iOS,Cali,7,5,No
TXN-0000554,2024-02-15,12421,Mascotas,34268,Billetera digital,Sitio web,Android,Cúcuta,3,5,No
TXN-0002143,2022-07-29,21515,Electrónica,453040,Tarjeta débito,Sitio web,Android,Cali,3,5,No
TXN-0000278,2023-02-08,44696,Belleza,118277,Tarjeta crédito,Sitio web,Android,Medellín,9,3,No
TXN-0001901,2023-08-21,51311,Electrónica,312124,Tarjeta crédito,Sitio web,iOS,Bogotá,5,5,No
TXN-0003304,2023-09-30,45746,Mascotas,104638,Billetera digital,App móvil,iOS,Manizales,1,5,No
TXN-0002294,2024-04-19,30129,Deportes,82286,Tarjeta crédito,App móvil,Desktop,Cartagena,5,5,No
TXN-0007090,,58556,Deportes,117568,Tarjeta crédito,App móvil,Android,Bucaramanga,6,5,No
TXN-0003898,2022-04-07,55918,Deportes,206214,Billetera digital,Sitio web,Android,Medellín,5,5,No
TXN-0001192,2024-08-05,52850,Moda,128708,PSE,Sitio web,iOS,Cartagena,4,5,No
TXN-0005623,2023-12-27,40279,Hogar,67793,PSE,App móvil,Android,Barranquilla,3,5,No
TXN-0006092,,20387,Electrónica,814683,PSE,Sitio web,Android,Ibagué,3,5,No
TXN-0001357,2024-07-02,-1,Hogar,201005,Tarjeta crédito,App móvil,Android,Bogotá,6,5,No
TXN-0001695,2022-08-14,56143,Alimentos,92921,Tarjeta débito,Sitio web,Android,Bogotá,6,5,No
TXN-0003807,2023-07-07,43448,Hogar,214916,Tarjeta crédito,Sitio web,iOS,Medellín,2,5,No
TXN-0004872,2023-11-11,39481,Hogar,203997,PSE,Sitio web,Android,Bogotá,7,5,No
TXN-0000427,2024-03-19,57131,Hogar,241429,Tarjeta crédito,Sitio web,iOS,Cúcuta,3,5,No
TXN-0007710,2024-08-08,31825,Deportes,123390,PSE,App móvil,Desktop,Cúcuta,6,5,No
TXN-0005883,2022-01-18,20400,Electrónica,813371,Tarjeta crédito,App móvil,Desktop,Bucaramanga,4,5,No
TXN-0001187,2023-08-25,23730,Moda,60411,Tarjeta débito,App móvil,Android,Bogotá,6,5,No
TXN-0006294,2022-01-04,13973,Alimentos,47223,Tarjeta crédito,Sitio web,Android,Bogotá,4,5,No
TXN-0006371,2024-04-18,34591,Hogar,150805,PSE,App móvil,Android,Manizales,2,5,No
TXN-0000866,2024-08-13,54831,Deportes,161587,Billetera digital,App móvil,iOS,Cartagena,3,5,No
TXN-0003016,2023-11-19,45182,Moda,101336,Contraentrega,Sitio web,Android,Cali,5,5,No
TXN-0001710,2024-05-18,44152,Alimentos,72994,PSE,App móvil,Android,Bogotá,2,5,No
TXN-0007263,2022-04-12,57760,Belleza,96686,Tarjeta crédito,App móvil,iOS,Ibagué,3,5,No
TXN-0005889,2024-10-18,57198,Moda,177546,Tarjeta crédito,App móvil,iOS,Pereira,1,5,No
TXN-0001246,2023-05-24,35045,Juguetes,111588,PSE,App móvil,Desktop,Bogotá,4,5,No
TXN-0003670,2022-10-04,11984,Alimentos,26094,Contraentrega,Sitio web,Android,Bogotá,6,5,No
TXN-0004997,2024-10-28,46245,Moda,150445,Contraentrega,Sitio web,Android,Bogotá,5,5,No
TXN-0006844,2023-02-18,37159,Libros,71693,PSE,App móvil,Android,Bogotá,3,5,No
TXN-0007642,2024-06-02,54660,Moda,86001,Tarjeta crédito,App móvil,iOS,Medellín,3,5,No
TXN-0001529,2023-09-30,32107,Electrónica,328006,Contraentrega,Sitio web,Desktop,Medellín,2,5,No
TXN-0004698,2024-08-10,53248,Moda,40226,Tarjeta crédito,App móvil,iOS,Bogotá,7,5,No
TXN-0005388,2024-11-15,26026,Moda,237167,Tarjeta crédito,App móvil,Android,Ibagué,4,5,No
TXN-0003107,2024-05-16,49413,Deportes,48466,Tarjeta crédito,Sitio web,iOS,Cúcuta,6,5,No
TXN-0000218,2023-05-22,35161,Hogar,157102,Tarjeta crédito,App móvil,Desktop,Cali,7,5,No
TXN-IMPUTADO-0237,2022-08-27,41145,Moda,144578,Contraentrega,App móvil,Desktop,Bogotá,5,5,No
TXN-0006962,2023-05-14,34771,Alimentos,12665,Tarjeta crédito,App móvil,Android,Barranquilla,4,5,No
TXN-0006365,2023-09-03,53400,Hogar,220740,Tarjeta crédito,App móvil,iOS,Medellín,5,5,No
TXN-0004310,2024-06-10,57168,Hogar,181982,Tarjeta crédito,Sitio web,Android,Cartagena,2,5,No
TXN-0004132,2023-12-06,45845,Deportes,165400,Tarjeta crédito,App móvil,Android,Cali,3,5,No
TXN-0002956,2023-05-13,50835,Electrónica,699563,Tarjeta débito,Sitio web,iOS,Bogotá,6,5,No
TXN-0006539,2024-05-11,40339,Hogar,64883,Tarjeta débito,App móvil,Desktop,Ibagué,5,5,No
TXN-0003695,2022-12-25,58035,Deportes,154663,PSE,App móvil,Android,Bogotá,2,5,No
TXN-0004464,2023-04-27,44141,Juguetes,101431,Tarjeta crédito,Sitio web,Android,Medellín,3,5,No
TXN-0007069,2023-10-20,26550,Deportes,120520,Tarjeta crédito,App móvil,Android,Bogotá,2,5,No
TXN-0004109,2023-04-18,16592,Mascotas,43458,Billetera digital,App móvil,Android,Medellín,3,5,No
TXN-0000477,2023-05-27,58354,Alimentos,46100,Billetera digital,App móvil,Desktop,Bogotá,5,5,No
TXN-0003416,2022-05-24,57744,Belleza,129912,Tarjeta débito,App móvil,iOS,Bogotá,3,5,No
TXN-0003271,2023-03-21,26485,Hogar,171070,PSE,Sitio web,iOS,Manizales,3,5,No
TXN-0005817,2023-11-30,19712,Hogar,118386,Tarjeta crédito,Sitio web,Android,Medellín,5,5,No
TXN-0002283,2022-08-28,43980,Belleza,48146,Billetera digital,App móvil,iOS,Cali,6,5,No
TXN-0002744,,22655,Moda,55957,Tarjeta débito,App móvil,iOS,Cali,5,5,No
TXN-0007589,2023-06-02,38415,Hogar,159863,Tarjeta crédito,Sitio web,Android,Medellín,2,5,No
TXN-0005181,2023-01-03,15412,Alimentos,21289,Tarjeta crédito,Sitio web,Android,Bogotá,4,5,No
TXN-0000729,2024-07-18,35153,Moda,116241,Contraentrega,App móvil,Desktop,Bucaramanga,6,5,No
TXN-IMPUTADO-0238,2023-10-01,-1,Alimentos,21460,PSE,App móvil,Android,Bucaramanga,3,5,No
TXN-0004046,2023-08-10,27733,Mascotas,55995,Contraentrega,App móvil,iOS,Bogotá,10,3,No
TXN-0000014,2023-10-11,36186,Moda,61151,PSE,Sitio web,Desktop,Medellín,5,5,No
TXN-0007466,2023-09-30,13763,Tecnología,907302,Contraentrega,Sitio web,Android,Cúcuta,4,5,No
TXN-0006208,2023-08-29,22109,Electrónica,699698,Tarjeta crédito,Sitio web,Android,Bogotá,5,5,No
TXN-0006879,2023-08-08,40768,Alimentos,47761,Tarjeta crédito,Sitio web,Desktop,Medellín,1,5,No
TXN-0001024,2022-04-08,37406,Electrónica,936198,Tarjeta débito,App móvil,Android,Barranquilla,5,5,No
TXN-0005061,2024-08-31,32295,Hogar,135480,Tarjeta débito,App móvil,Desktop,Medellín,5,5,No
TXN-0004704,2024-10-29,59221,Hogar,152465,Tarjeta débito,App móvil,Desktop,Bogotá,4,5,No
TXN-0006158,2022-04-11,29562,Electrónica,971496,Tarjeta crédito,App móvil,Android,Bogotá,6,5,No
TXN-0006984,2024-02-09,42942,Alimentos,37972,Tarjeta débito,Sitio web,Android,Bogotá,2,5,No
TXN-0000436,2022-06-17,26265,Moda,176401,PSE,App móvil,Android,Barranquilla,7,5,No
TXN-0004114,2024-03-21,23654,Moda,106890,Tarjeta débito,Sitio web,Android,Barranquilla,1,5,No
TXN-0006909,2022-12-19,17033,Moda,73461,PSE,App móvil,Android,Cali,4,5,No
TXN-0007658,2022-11-17,21275,Libros,34633,Tarjeta crédito,App móvil,Android,Bogotá,4,5,No
TXN-0001783,2023-01-03,21421,Electrónica,431279,Tarjeta crédito,Sitio web,Android,Bogotá,8,5,Sí
TXN-0001804,2022-03-14,58620,Moda,156031,PSE,Sitio web,Android,Medellín,6,5,No
TXN-0006493,2023-03-19,27357,Moda,115495,Tarjeta crédito,Sitio web,Desktop,Cali,6,5,No
TXN-0006352,2022-05-03,39667,Electrónica,490814,Contraentrega,App móvil,iOS,Bucaramanga,3,5,No
TXN-0001115,2024-08-01,54893,Moda,176060,PSE,App móvil,iOS,Bogotá,2,5,No
TXN-IMPUTADO-0239,2024-04-18,43429,Juguetes,114358,Contraentrega,App móvil,Android,Bogotá,7,5,No
TXN-0002390,2023-03-10,28023,Belleza,33466,Tarjeta débito,App móvil,Desktop,Medellín,6,5,No
TXN-IMPUTADO-0240,2022-04-07,51411,Moda,157406,Tarjeta crédito,App móvil,iOS,Barranquilla,7,5,No
TXN-0001954,2024-08-06,59125,Deportes,121773,Tarjeta crédito,App móvil,iOS,Cali,3,5,No
TXN-0000345,2023-09-02,32608,Juguetes,118369,PSE,Sitio web,iOS,Cúcuta,6,5,No
TXN-0007640,2024-02-02,28380,Moda,91940,Billetera digital,App móvil,iOS,Medellín,4,5,No
TXN-0000033,2022-07-06,14086,Moda,91970,PSE,App móvil,Android,Cartagena,3,5,No
TXN-0003936,2024-06-21,46067,Belleza,57507,PSE,App móvil,Desktop,Bogotá,6,5,No
TXN-0007909,2024-06-16,12726,Moda,214676,PSE,App móvil,iOS,Cali,5,5,No
TXN-0002600,2023-04-05,20671,Hogar,163884,Contraentrega,Sitio web,iOS,Bogotá,7,5,No
TXN-0002647,,28943,Moda,159284,Tarjeta crédito,App móvil,Android,Cali,5,5,No
TXN-0005814,2023-04-08,35030,Moda,132138,Tarjeta débito,Sitio web,Android,Cali,6,5,No
TXN-0004129,2024-01-26,25579,Moda,166963,PSE,App móvil,iOS,Bogotá,5,5,No
TXN-0000373,2024-12-26,58172,Libros,49145,PSE,App móvil,Desconocido,Bucaramanga,3,5,No
TXN-0000658,2024-06-10,25854,Deportes,219698,Tarjeta débito,Sitio web,Desktop,Medellín,4,5,No
TXN-0003743,2022-09-29,21604,Hogar,243091,Tarjeta crédito,App móvil,Desktop,Bogotá,1,5,No
TXN-0006317,2023-03-20,38960,Belleza,97690,PSE,App móvil,iOS,Medellín,5,5,No
TXN-0001087,2024-05-29,55923,Moda,159793,Tarjeta débito,Sitio web,Android,Pereira,2,5,No
TXN-0007317,2024-07-25,41150,Tecnología,546425,Tarjeta crédito,Sitio web,iOS,Cali,3,5,No
TXN-0006553,2022-09-01,38080,Libros,96316,Tarjeta crédito,App móvil,Android,Manizales,7,5,No
TXN-0003099,2023-11-13,10494,Moda,187359,Tarjeta débito,Sitio web,Android,Bogotá,6,5,No
TXN-0007978,2024-06-24,19453,Tecnología,1011349,Tarjeta crédito,App móvil,Android,Bogotá,5,5,No
TXN-IMPUTADO-0241,2023-04-27,25760,Deportes,56861,PSE,Sitio web,iOS,Bogotá,5,5,No
TXN-0005413,2022-04-15,51745,Deportes,199696,PSE,App móvil,Android,Bogotá,3,5,No
TXN-0000861,2023-12-04,59383,Hogar,178333,Tarjeta crédito,App móvil,Desktop,Bogotá,5,5,No
TXN-0005704,2024-05-07,40931,Moda,115941,Tarjeta crédito,App móvil,Android,Bogotá,6,5,No
TXN-0004141,2023-02-20,17564,Hogar,268447,Tarjeta crédito,App móvil,iOS,Manizales,4,5,No
TXN-0001535,2024-07-25,40467,Tecnología,822342,Tarjeta crédito,App móvil,Android,Cartagena,5,5,No
TXN-0007310,2024-07-14,24798,Hogar,366240,Tarjeta crédito,Sitio web,iOS,Bogotá,3,5,No
TXN-0002593,2023-10-17,53474,Alimentos,48430,Tarjeta crédito,Sitio web,Desktop,Barranquilla,3,5,No
TXN-0007178,2024-01-20,47468,Juguetes,66714,Contraentrega,App móvil,Android,Manizales,1,5,No
TXN-0007506,2022-04-24,25110,Moda,119077,Tarjeta débito,Sitio web,iOS,Cúcuta,3,5,No
TXN-0006558,,15351,Juguetes,133776,Tarjeta crédito,App móvil,Android,Bogotá,6,5,No
TXN-0000490,2023-05-08,21202,Belleza,26279,PSE,App móvil,Desconocido,Bogotá,6,5,No
TXN-0004600,2024-09-30,57867,Deportes,153436,Tarjeta crédito,Sitio web,iOS,Bogotá,5,5,No
TXN-0006357,2023-01-19,15008,Electrónica,616788,Tarjeta débito,App móvil,Android,Cali,3,5,No
TXN-0000134,2023-07-03,58192,Deportes,102608,Tarjeta débito,App móvil,Android,Medellín,4,5,No
TXN-0002109,2022-01-15,51883,Mascotas,80239,Contraentrega,App móvil,Android,Cali,5,5,No
TXN-0000691,2024-10-31,28283,Juguetes,118827,Tarjeta crédito,App móvil,iOS,Pereira,4,5,No
TXN-0002075,2022-04-23,18281,Alimentos,49402,Tarjeta débito,App móvil,Desktop,Pereira,3,5,No
TXN-0002149,2022-06-09,12815,Moda,88380,Tarjeta crédito,App móvil,Android,Manizales,3,5,No
TXN-0003604,2024-07-01,29846,Moda,125443,Tarjeta crédito,App móvil,Android,Bucaramanga,7,5,No
TXN-0007757,2023-03-23,57016,Hogar,180992,PSE,Sitio web,Desktop,Cartagena,6,5,No
TXN-0005071,2023-03-21,48397,Juguetes,119498,Tarjeta crédito,App móvil,iOS,Medellín,5,5,No
TXN-0005785,2024-03-13,54920,Tecnología,653030,Tarjeta crédito,App móvil,Android,Medellín,6,5,No
TXN-0004873,2024-11-21,19048,Alimentos,69923,Tarjeta débito,Sitio web,iOS,Medellín,7,5,No
TXN-0004885,2024-02-20,52408,Electrónica,5000,Billetera digital,App móvil,iOS,Barranquilla,1,5,Sí
TXN-0006665,2022-04-14,35610,Alimentos,58472,Tarjeta crédito,App móvil,Android,Manizales,1,5,No
TXN-0000364,2022-09-18,16978,Libros,105746,Tarjeta crédito,Sitio web,Android,Bogotá,3,5,No
TXN-0006454,2022-02-20,36007,Deportes,111342,Tarjeta crédito,App móvil,iOS,Cartagena,5,5,No
TXN-0004892,2023-03-10,53651,Belleza,56554,Tarjeta débito,App móvil,Android,Bucaramanga,3,5,No
TXN-0006033,2023-07-14,46376,Libros,59504,Tarjeta débito,App móvil,Android,Pereira,5,5,No
TXN-0006973,2022-10-01,31857,Electrónica,357902,Tarjeta débito,Sitio web,Android,Pereira,3,5,No
TXN-0001629,2024-03-11,56582,Juguetes,68482,Billetera digital,Sitio web,Android,Cali,6,5,No
TXN-0001277,,-1,Libros,41163,Tarjeta crédito,App móvil,Android,Medellín,4,5,No
TXN-0006689,2024-07-19,13543,Mascotas,39707,PSE,App móvil,Android,Medellín,3,5,No
TXN-0005036,2023-03-28,-1,Hogar,167225,PSE,App móvil,Android,Bucaramanga,3,5,No
TXN-0005602,2022-04-03,13232,Juguetes,12010,PSE,App móvil,Desktop,Cali,7,5,No
TXN-0002490,2022-06-03,57161,Deportes,127497,PSE,App móvil,Android,Bogotá,1,5,No
TXN-0000648,2024-02-10,34792,Belleza,51320,Tarjeta crédito,App móvil,Desktop,Ibagué,4,5,No
TXN-0001004,2023-09-08,18702,Mascotas,38899,Tarjeta crédito,App móvil,Desktop,Bogotá,4,5,No
TXN-0002525,2022-07-24,37054,Moda,59454,Tarjeta débito,App móvil,Desktop,Barranquilla,1,5,No
TXN-0007191,2022-04-24,53543,Alimentos,43726,Tarjeta débito,App móvil,Desktop,Cali,4,5,No
TXN-0002111,2023-05-16,29820,Moda,80849,Tarjeta crédito,App móvil,Android,Bucaramanga,1,5,No
TXN-0001173,2023-06-27,37905,Alimentos,73445,PSE,Sitio web,Android,Bogotá,5,5,No
TXN-0000484,2023-12-31,24831,Electrónica,144661,PSE,App móvil,Android,Barranquilla,6,5,No
TXN-0007896,2024-10-19,42376,Moda,157224,Tarjeta crédito,Sitio web,Android,Manizales,2,5,No
TXN-0007171,2024-10-19,58547,Belleza,103435,Contraentrega,App móvil,Android,Medellín,7,5,No
TXN-0001811,2022-12-04,38520,Electrónica,488410,Tarjeta débito,App móvil,Desktop,Cali,5,5,No
TXN-0003330,2024-01-01,41118,Libros,23917,PSE,App móvil,Desktop,Bucaramanga,5,5,No
TXN-0004149,,15365,Hogar,115443,PSE,Sitio web,Android,Medellín,7,5,No
TXN-0000243,2022-03-29,57383,Libros,65487,Billetera digital,App móvil,Android,Bogotá,4,5,No
TXN-0007342,2022-10-01,15786,Belleza,68832,Tarjeta crédito,App móvil,Android,Barranquilla,3,5,No
TXN-0002084,2024-09-22,38085,Libros,46894,Tarjeta débito,Sitio web,Desktop,Bogotá,6,5,No
TXN-0006082,2022-11-06,38325,Libros,35168,PSE,Sitio web,Android,Medellín,4,5,No
TXN-0001203,2022-01-07,58791,Alimentos,93983,Tarjeta crédito,App móvil,Android,Bucaramanga,5,5,No
TXN-0003752,2022-12-16,57244,Alimentos,54428,Contraentrega,App móvil,Android,Bucaramanga,4,5,No
TXN-0004835,2024-08-03,51155,Belleza,114721,Tarjeta débito,Sitio web,Android,Bogotá,5,5,No
TXN-0002169,2023-01-21,10346,Hogar,216518,PSE,App móvil,Android,Cali,4,5,No
TXN-0007057,2023-06-23,49570,Tecnología,1030773,PSE,App móvil,Desktop,Bogotá,3,5,No
TXN-0005396,2024-11-10,57609,Juguetes,105810,Billetera digital,App móvil,Android,Bogotá,3,5,No
TXN-0001020,2023-11-11,12458,Deportes,142609,Contraentrega,App móvil,iOS,Cartagena,5,5,No
TXN-0002093,2023-04-03,30164,Juguetes,74369,PSE,Sitio web,Desktop,Barranquilla,8,5,No
TXN-0003373,2022-02-09,25628,Alimentos,64127,Tarjeta crédito,Sitio web,iOS,Barranquilla,4,5,No
TXN-0004933,2024-07-20,35271,Deportes,104181,Tarjeta débito,App móvil,Android,Manizales,4,5,No
TXN-0002125,2024-11-11,13649,Moda,138746,Tarjeta débito,App móvil,Android,Bucaramanga,3,5,No
TXN-0001745,2024-12-09,36068,Electrónica,737418,Tarjeta débito,App móvil,Android,Ibagué,3,5,No
TXN-0004465,2022-03-03,31969,Electrónica,1232114,Tarjeta débito,Sitio web,iOS,Barranquilla,5,5,No
TXN-0002955,2022-02-20,13834,Belleza,102468,PSE,App móvil,Android,Bogotá,4,5,No
TXN-0003285,2022-04-07,28754,Hogar,256400,PSE,App móvil,Android,Cúcuta,11,3,No
TXN-0004364,2023-11-01,15583,Hogar,232046,Tarjeta débito,Sitio web,Android,Manizales,4,5,No
TXN-0003384,2024-10-09,25275,Mascotas,7964,Tarjeta débito,Sitio web,Android,Barranquilla,6,5,No
TXN-0004825,2023-03-06,50078,Deportes,279692,PSE,Sitio web,Desconocido,Pereira,3,5,No
TXN-0002493,2022-05-03,22547,Moda,209017,Tarjeta crédito,App móvil,Android,Bogotá,3,5,No
TXN-0006648,2024-12-13,53242,Hogar,190030,Tarjeta crédito,App móvil,Android,Cali,1,5,No
TXN-0001520,2023-03-09,52933,Moda,94918,Tarjeta crédito,App móvil,Desktop,Bogotá,5,5,No
TXN-0007202,2023-10-25,33570,Electrónica,797760,Tarjeta débito,App móvil,Android,Medellín,2,5,No
TXN-0001034,2022-07-03,13091,Juguetes,67563,PSE,App móvil,Android,Barranquilla,7,5,No
TXN-0001713,2022-07-12,26610,Tecnología,1531457,Tarjeta crédito,Sitio web,Desktop,Bogotá,5,5,No
TXN-0007329,2022-06-22,-1,Mascotas,73018,Tarjeta débito,App móvil,Android,Pereira,4,5,No
TXN-0006430,2023-02-23,45677,Electrónica,720861,PSE,App móvil,Android,Manizales,3,5,No
TXN-0000296,2022-08-13,58724,Libros,84713,Tarjeta débito,App móvil,Android,Manizales,7,5,Sí
TXN-0007785,2023-11-25,20552,Electrónica,1160248,Tarjeta crédito,App móvil,Android,Bogotá,4,5,No
TXN-0001849,2024-07-11,15360,Deportes,181137,Tarjeta débito,App móvil,Desktop,Manizales,2,5,No
TXN-0004722,2024-12-19,57297,Electrónica,471812,PSE,Sitio web,Desktop,Bogotá,5,5,No
TXN-0004374,2024-11-01,53855,Electrónica,1263660,Contraentrega,Sitio web,Android,Cartagena,5,5,No
TXN-IMPUTADO-0242,2023-12-31,45872,Moda,196213,Contraentrega,App móvil,Android,Bucaramanga,3,5,No
TXN-0003676,2024-12-18,57840,Deportes,297714,Tarjeta crédito,Sitio web,Android,Bogotá,3,5,No
TXN-0000485,2022-06-17,50806,Electrónica,532525,Tarjeta crédito,App móvil,Desktop,Bogotá,7,5,No
TXN-0001521,2024-02-09,37461,Juguetes,47226,Tarjeta débito,App móvil,iOS,Medellín,4,5,No
TXN-0000183,2024-08-16,-1,Belleza,129021,PSE,App móvil,Android,Pereira,2,5,No
TXN-0005067,2023-01-17,42567,Mascotas,110847,PSE,App móvil,iOS,Bucaramanga,6,5,No
TXN-0005948,2022-08-03,18752,Mascotas,76533,Tarjeta crédito,Sitio web,iOS,Manizales,4,5,No
TXN-0006321,2024-09-28,38161,Tecnología,824508,Tarjeta crédito,App móvil,Android,Pereira,3,5,No
TXN-0000685,2023-03-08,43351,Belleza,24787,Tarjeta crédito,Sitio web,Android,Pereira,5,5,No
TXN-0001769,2024-03-07,54551,Libros,26789,Tarjeta crédito,App móvil,Android,Bogotá,4,5,No
TXN-0004955,2024-04-30,43015,Electrónica,666463,Tarjeta débito,App móvil,Desktop,Bogotá,1,5,No
TXN-0006181,2023-12-08,34781,Alimentos,44581,Tarjeta crédito,App móvil,Android,Bogotá,4,5,No
TXN-0005277,2022-09-27,17467,Alimentos,54985,Tarjeta débito,App móvil,Desktop,Bogotá,3,5,No
TXN-0002051,2022-01-22,54889,Electrónica,605483,Tarjeta crédito,App móvil,Android,Medellín,1,5,No
TXN-0000755,,49305,Juguetes,113961,PSE,App móvil,iOS,Bogotá,2,5,No
TXN-0004605,2023-02-01,-1,Mascotas,57832,PSE,App móvil,iOS,Cartagena,6,5,No
TXN-0002546,,59991,Moda,177696,Tarjeta crédito,App móvil,Android,Ibagué,2,5,No
TXN-IMPUTADO-0243,2022-05-20,14757,Electrónica,875691,Contraentrega,App móvil,Desconocido,Medellín,5,5,No
TXN-0003362,2023-04-17,36450,Mascotas,87643,PSE,App móvil,Android,Cali,4,5,No
TXN-0006078,2023-06-13,22322,Hogar,310783,Billetera digital,App móvil,Android,Bogotá,3,5,No
TXN-0003633,2023-01-15,48341,Moda,152990,Billetera digital,Sitio web,Android,Cartagena,2,5,No
TXN-0001439,2022-01-26,58940,Moda,92225,Tarjeta débito,App móvil,Desconocido,Bogotá,8,4,No
TXN-0001446,2022-06-16,57961,Hogar,83257,Contraentrega,App móvil,Desktop,Manizales,6,5,No
TXN-0004238,2023-06-15,50571,Alimentos,36748,Tarjeta débito,Sitio web,Desktop,Cúcuta,4,5,No
TXN-0007392,2024-09-12,13830,Moda,136227,Tarjeta crédito,App móvil,iOS,Bogotá,1,5,No
TXN-0000865,2024-12-19,12281,Mascotas,34010,Billetera digital,App móvil,Desconocido,Ibagué,4,5,No
TXN-0002232,2022-10-31,55384,Moda,181780,Billetera digital,Sitio web,Desktop,Cali,4,5,No
TXN-0002323,2022-10-03,15772,Hogar,251536,Tarjeta crédito,App móvil,Android,Medellín,5,5,No
TXN-0005107,2022-08-02,-1,Belleza,64463,Tarjeta débito,App móvil,iOS,Bogotá,1,5,No
TXN-0002961,2023-09-09,-1,Deportes,151461,PSE,Sitio web,Desktop,Bogotá,10,4,No
TXN-0003745,2023-12-06,10358,Moda,118616,Tarjeta crédito,App móvil,Android,Barranquilla,2,5,No
TXN-0004945,2023-09-27,51811,Moda,117830,Contraentrega,Sitio web,Desktop,Cali,2,5,No
TXN-0006656,2022-06-03,32906,Moda,130834,PSE,App móvil,iOS,Cali,5,5,No
TXN-0003985,2022-05-04,-1,Moda,146413,Tarjeta crédito,App móvil,iOS,Barranquilla,5,5,No
TXN-0002780,2022-03-09,40333,Electrónica,784193,Tarjeta crédito,Sitio web,Android,Pereira,7,5,No
TXN-0003684,2024-04-30,30831,Alimentos,61031,Billetera digital,Sitio web,Android,Barranquilla,3,5,No
TXN-0003045,2024-10-11,56962,Moda,73840,Tarjeta crédito,Sitio web,Android,Manizales,9,3,No
TXN-0007916,2022-09-23,10601,Libros,37369,PSE,Sitio web,Android,Cali,2,5,No
TXN-0000546,2022-10-03,30609,Hogar,145453,Contraentrega,App móvil,Android,Cúcuta,4,5,No
TXN-0005926,2022-07-10,-1,Electrónica,305688,Contraentrega,App móvil,Android,Bogotá,8,3,No
TXN-0003244,2023-11-04,54149,Hogar,194064,PSE,App móvil,iOS,Cúcuta,5,5,No
TXN-0001643,2023-11-01,48426,Electrónica,794730,Tarjeta crédito,App móvil,Android,Bucaramanga,3,5,No
TXN-0005835,2022-03-08,36524,Electrónica,565016,PSE,App móvil,Android,Bucaramanga,6,5,No
TXN-0000969,2022-12-28,37263,Electrónica,261504,Tarjeta crédito,App móvil,Android,Bucaramanga,2,5,No
